codigo_ibge_municipio,municipio,ano_safra,area_plantada_ha,area_colhida_ha,producao_ton,rendimento_kg_ha
4300034,Aceguá - RS,2000,,,,
4300034,Aceguá - RS,2001,100.0,100.0,126.0,1260.0
4300034,Aceguá - RS,2002,100.0,100.0,126.0,1260.0
4300034,Aceguá - RS,2003,750.0,750.0,945.0,1260.0
4300034,Aceguá - RS,2004,750.0,750.0,945.0,1260.0
4300034,Aceguá - RS,2005,2000.0,2000.0,480.0,240.0
4300034,Aceguá - RS,2006,2000.0,2000.0,2400.0,1200.0
4300034,Aceguá - RS,2007,2000.0,2000.0,3160.0,1580.0
4300034,Aceguá - RS,2008,2000.0,2000.0,3480.0,1740.0
4300034,Aceguá - RS,2009,2100.0,2100.0,3675.0,1750.0
4300034,Aceguá - RS,2010,2100.0,2100.0,3675.0,1750.0
4300034,Aceguá - RS,2011,5000.0,5000.0,12000.0,2400.0
4300034,Aceguá - RS,2012,8000.0,5600.0,8176.0,1460.0
4300034,Aceguá - RS,2013,15000.0,15000.0,31500.0,2100.0
4300034,Aceguá - RS,2014,18000.0,18000.0,41400.0,2300.0
4300034,Aceguá - RS,2015,25000.0,25000.0,58150.0,2326.0
4300034,Aceguá - RS,2016,25000.0,20000.0,50000.0,2500.0
4300034,Aceguá - RS,2017,20000.0,20000.0,50000.0,2500.0
4300034,Aceguá - RS,2018,25000.0,15000.0,30000.0,2000.0
4300034,Aceguá - RS,2019,25000.0,25000.0,52500.0,2100.0
4300034,Aceguá - RS,2020,25000.0,25000.0,26250.0,1050.0
4300034,Aceguá - RS,2021,25000.0,25000.0,63000.0,2520.0
4300034,Aceguá - RS,2022,30000.0,30000.0,48750.0,1625.0
4300034,Aceguá - RS,2023,28000.0,28000.0,35000.0,1250.0
4300034,Aceguá - RS,2024,32000.0,32000.0,36288.0,1134.0
4300034,Aceguá - RS,2025,31500.0,31500.0,71820.0,2280.0
4300109,Agudo - RS,2000,,,,
4300109,Agudo - RS,2001,,,,
4300109,Agudo - RS,2002,,,,
4300109,Agudo - RS,2003,,,,
4300109,Agudo - RS,2004,,,,
4300109,Agudo - RS,2005,,,,
4300109,Agudo - RS,2006,,,,
4300109,Agudo - RS,2007,,,,
4300109,Agudo - RS,2008,20.0,20.0,48.0,2400.0
4300109,Agudo - RS,2009,70.0,70.0,134.0,1914.0
4300109,Agudo - RS,2010,150.0,150.0,315.0,2100.0
4300109,Agudo - RS,2011,150.0,150.0,405.0,2700.0
4300109,Agudo - RS,2012,300.0,300.0,450.0,1500.0
4300109,Agudo - RS,2013,400.0,400.0,1120.0,2800.0
4300109,Agudo - RS,2014,600.0,600.0,1800.0,3000.0
4300109,Agudo - RS,2015,700.0,700.0,2394.0,3420.0
4300109,Agudo - RS,2016,850.0,830.0,2490.0,3000.0
4300109,Agudo - RS,2017,900.0,900.0,2790.0,3100.0
4300109,Agudo - RS,2018,850.0,850.0,2550.0,3000.0
4300109,Agudo - RS,2019,950.0,950.0,2830.0,2979.0
4300109,Agudo - RS,2020,1000.0,1000.0,720.0,720.0
4300109,Agudo - RS,2021,1000.0,1000.0,3500.0,3500.0
4300109,Agudo - RS,2022,1500.0,1500.0,2700.0,1800.0
4300109,Agudo - RS,2023,1500.0,1500.0,1800.0,1200.0
4300109,Agudo - RS,2024,1500.0,1000.0,2100.0,2100.0
4300109,Agudo - RS,2025,1500.0,1500.0,2250.0,1500.0
4300208,Ajuricaba - RS,2000,18500.0,18500.0,27750.0,1500.0
4300208,Ajuricaba - RS,2001,17000.0,17000.0,40800.0,2400.0
4300208,Ajuricaba - RS,2002,18300.0,18300.0,29646.0,1620.0
4300208,Ajuricaba - RS,2003,19000.0,19000.0,49020.0,2580.0
4300208,Ajuricaba - RS,2004,19500.0,19500.0,23400.0,1200.0
4300208,Ajuricaba - RS,2005,20000.0,18000.0,8640.0,480.0
4300208,Ajuricaba - RS,2006,19000.0,19000.0,36480.0,1920.0
4300208,Ajuricaba - RS,2007,19000.0,19000.0,47880.0,2520.0
4300208,Ajuricaba - RS,2008,18500.0,18500.0,38850.0,2100.0
4300208,Ajuricaba - RS,2009,18500.0,18500.0,38850.0,2100.0
4300208,Ajuricaba - RS,2010,18500.0,18500.0,49950.0,2700.0
4300208,Ajuricaba - RS,2011,17000.0,17000.0,45900.0,2700.0
4300208,Ajuricaba - RS,2012,17000.0,17000.0,13600.0,800.0
4300208,Ajuricaba - RS,2013,17000.0,17000.0,43860.0,2580.0
4300208,Ajuricaba - RS,2014,17000.0,17000.0,37740.0,2220.0
4300208,Ajuricaba - RS,2015,17000.0,17000.0,56100.0,3300.0
4300208,Ajuricaba - RS,2016,17500.0,17500.0,57750.0,3300.0
4300208,Ajuricaba - RS,2017,18200.0,18200.0,68796.0,3780.0
4300208,Ajuricaba - RS,2018,20000.0,20000.0,72000.0,3600.0
4300208,Ajuricaba - RS,2019,20000.0,20000.0,75600.0,3780.0
4300208,Ajuricaba - RS,2020,20000.0,20000.0,41220.0,2061.0
4300208,Ajuricaba - RS,2021,20000.0,20000.0,78000.0,3900.0
4300208,Ajuricaba - RS,2022,20020.0,20020.0,14418.0,720.0
4300208,Ajuricaba - RS,2023,21560.0,21560.0,33980.0,1576.0
4300208,Ajuricaba - RS,2024,21560.0,21410.0,74606.0,3485.0
4300208,Ajuricaba - RS,2025,21760.0,21760.0,47472.0,2182.0
4300307,Alecrim - RS,2000,6500.0,6500.0,7293.0,1122.0
4300307,Alecrim - RS,2001,6000.0,6000.0,9000.0,1500.0
4300307,Alecrim - RS,2002,6000.0,6000.0,5400.0,900.0
4300307,Alecrim - RS,2003,7000.0,7000.0,10801.0,1543.0
4300307,Alecrim - RS,2004,5600.0,5600.0,4558.0,813.0
4300307,Alecrim - RS,2005,5600.0,1000.0,300.0,300.0
4300307,Alecrim - RS,2006,4500.0,4500.0,4050.0,900.0
4300307,Alecrim - RS,2007,4000.0,4000.0,6800.0,1700.0
4300307,Alecrim - RS,2008,3500.0,3500.0,2520.0,720.0
4300307,Alecrim - RS,2009,2700.0,2700.0,2700.0,1000.0
4300307,Alecrim - RS,2010,2000.0,2000.0,4800.0,2400.0
4300307,Alecrim - RS,2011,2000.0,2000.0,6000.0,3000.0
4300307,Alecrim - RS,2012,2000.0,2000.0,1200.0,600.0
4300307,Alecrim - RS,2013,2000.0,2000.0,4200.0,2100.0
4300307,Alecrim - RS,2014,2000.0,2000.0,4200.0,2100.0
4300307,Alecrim - RS,2015,2000.0,2000.0,6000.0,3000.0
4300307,Alecrim - RS,2016,2000.0,2000.0,6000.0,3000.0
4300307,Alecrim - RS,2017,2000.0,2000.0,6600.0,3300.0
4300307,Alecrim - RS,2018,2000.0,2000.0,6000.0,3000.0
4300307,Alecrim - RS,2019,2200.0,2200.0,5280.0,2400.0
4300307,Alecrim - RS,2020,2200.0,2200.0,6600.0,3000.0
4300307,Alecrim - RS,2021,2200.0,2200.0,6600.0,3000.0
4300307,Alecrim - RS,2022,2300.0,2300.0,1656.0,720.0
4300307,Alecrim - RS,2023,2300.0,2300.0,2622.0,1140.0
4300307,Alecrim - RS,2024,2405.0,2405.0,6354.0,2642.0
4300307,Alecrim - RS,2025,2602.0,2602.0,3905.0,1501.0
4300406,Alegrete - RS,2000,5000.0,5000.0,6750.0,1350.0
4300406,Alegrete - RS,2001,6500.0,6500.0,11700.0,1800.0
4300406,Alegrete - RS,2002,10500.0,10500.0,13230.0,1260.0
4300406,Alegrete - RS,2003,15000.0,15000.0,31500.0,2100.0
4300406,Alegrete - RS,2004,26000.0,26000.0,21840.0,840.0
4300406,Alegrete - RS,2005,32000.0,32000.0,26880.0,840.0
4300406,Alegrete - RS,2006,25000.0,25000.0,19500.0,780.0
4300406,Alegrete - RS,2007,17000.0,17000.0,30600.0,1800.0
4300406,Alegrete - RS,2008,12000.0,12000.0,21000.0,1750.0
4300406,Alegrete - RS,2009,15000.0,15000.0,18000.0,1200.0
4300406,Alegrete - RS,2010,10000.0,10000.0,21000.0,2100.0
4300406,Alegrete - RS,2011,8000.0,8000.0,14400.0,1800.0
4300406,Alegrete - RS,2012,11308.0,11308.0,5767.0,510.0
4300406,Alegrete - RS,2013,20000.0,20000.0,48000.0,2400.0
4300406,Alegrete - RS,2014,20000.0,20000.0,36000.0,1800.0
4300406,Alegrete - RS,2015,25000.0,25000.0,45000.0,1800.0
4300406,Alegrete - RS,2016,24000.0,23750.0,61750.0,2600.0
4300406,Alegrete - RS,2017,27000.0,27000.0,81000.0,3000.0
4300406,Alegrete - RS,2018,35000.0,35000.0,84000.0,2400.0
4300406,Alegrete - RS,2019,38000.0,38000.0,91200.0,2400.0
4300406,Alegrete - RS,2020,60000.0,60000.0,72000.0,1200.0
4300406,Alegrete - RS,2021,60000.0,60000.0,162000.0,2700.0
4300406,Alegrete - RS,2022,85000.0,85000.0,51000.0,600.0
4300406,Alegrete - RS,2023,100000.0,100000.0,72000.0,720.0
4300406,Alegrete - RS,2024,120000.0,115000.0,227000.0,1974.0
4300406,Alegrete - RS,2025,115000.0,115000.0,125400.0,1090.0
4300455,Alegria - RS,2000,9000.0,9000.0,9000.0,1000.0
4300455,Alegria - RS,2001,8500.0,8500.0,12240.0,1440.0
4300455,Alegria - RS,2002,9000.0,9000.0,8793.0,977.0
4300455,Alegria - RS,2003,10000.0,10000.0,24000.0,2400.0
4300455,Alegria - RS,2004,10500.0,10500.0,14700.0,1400.0
4300455,Alegria - RS,2005,10500.0,2200.0,660.0,300.0
4300455,Alegria - RS,2006,10000.0,10000.0,10000.0,1000.0
4300455,Alegria - RS,2007,10000.0,10000.0,21000.0,2100.0
4300455,Alegria - RS,2008,8850.0,8850.0,9558.0,1080.0
4300455,Alegria - RS,2009,7950.0,7950.0,11448.0,1440.0
4300455,Alegria - RS,2010,8800.0,8800.0,18480.0,2100.0
4300455,Alegria - RS,2011,8800.0,8800.0,21120.0,2400.0
4300455,Alegria - RS,2012,8000.0,7200.0,2973.0,413.0
4300455,Alegria - RS,2013,6800.0,6800.0,16320.0,2400.0
4300455,Alegria - RS,2014,6800.0,6800.0,15640.0,2300.0
4300455,Alegria - RS,2015,6800.0,6800.0,18360.0,2700.0
4300455,Alegria - RS,2016,7000.0,7000.0,20160.0,2880.0
4300455,Alegria - RS,2017,6087.0,6087.0,20061.0,3296.0
4300455,Alegria - RS,2018,7487.0,7487.0,22461.0,3000.0
4300455,Alegria - RS,2019,6787.0,6787.0,20413.0,3008.0
4300455,Alegria - RS,2020,7432.0,7432.0,20185.0,2716.0
4300455,Alegria - RS,2021,7432.0,7432.0,20185.0,2716.0
4300455,Alegria - RS,2022,7132.0,7132.0,4675.0,655.0
4300455,Alegria - RS,2023,7360.0,7360.0,15600.0,2120.0
4300455,Alegria - RS,2024,7660.0,7660.0,16326.0,2131.0
4300455,Alegria - RS,2025,8300.0,8300.0,12330.0,1486.0
4300471,Almirante Tamandaré do Sul - RS,2000,,,,
4300471,Almirante Tamandaré do Sul - RS,2001,13700.0,13700.0,41100.0,3000.0
4300471,Almirante Tamandaré do Sul - RS,2002,14700.0,14700.0,32634.0,2220.0
4300471,Almirante Tamandaré do Sul - RS,2003,15200.0,15200.0,47424.0,3120.0
4300471,Almirante Tamandaré do Sul - RS,2004,16400.0,16400.0,35260.0,2150.0
4300471,Almirante Tamandaré do Sul - RS,2005,15500.0,15500.0,9300.0,600.0
4300471,Almirante Tamandaré do Sul - RS,2006,14500.0,14500.0,40600.0,2800.0
4300471,Almirante Tamandaré do Sul - RS,2007,14500.0,14500.0,43500.0,3000.0
4300471,Almirante Tamandaré do Sul - RS,2008,14000.0,14000.0,37800.0,2700.0
4300471,Almirante Tamandaré do Sul - RS,2009,14200.0,14200.0,34932.0,2460.0
4300471,Almirante Tamandaré do Sul - RS,2010,15000.0,15000.0,42000.0,2800.0
4300471,Almirante Tamandaré do Sul - RS,2011,14600.0,14600.0,49640.0,3400.0
4300471,Almirante Tamandaré do Sul - RS,2012,15300.0,15300.0,27540.0,1800.0
4300471,Almirante Tamandaré do Sul - RS,2013,15400.0,15400.0,44660.0,2900.0
4300471,Almirante Tamandaré do Sul - RS,2014,16000.0,16000.0,48000.0,3000.0
4300471,Almirante Tamandaré do Sul - RS,2015,16000.0,16000.0,59520.0,3720.0
4300471,Almirante Tamandaré do Sul - RS,2016,17212.0,17212.0,61963.0,3600.0
4300471,Almirante Tamandaré do Sul - RS,2017,16600.0,16600.0,67728.0,4080.0
4300471,Almirante Tamandaré do Sul - RS,2018,17120.0,17120.0,70877.0,4140.0
4300471,Almirante Tamandaré do Sul - RS,2019,16930.0,16930.0,71106.0,4200.0
4300471,Almirante Tamandaré do Sul - RS,2020,16640.0,16640.0,59023.0,3547.0
4300471,Almirante Tamandaré do Sul - RS,2021,16640.0,16640.0,65001.0,3906.0
4300471,Almirante Tamandaré do Sul - RS,2022,16300.0,16300.0,37290.0,2288.0
4300471,Almirante Tamandaré do Sul - RS,2023,16520.0,16520.0,27993.0,1694.0
4300471,Almirante Tamandaré do Sul - RS,2024,16100.0,16100.0,67620.0,4200.0
4300471,Almirante Tamandaré do Sul - RS,2025,16760.0,16760.0,30267.0,1806.0
4300505,Alpestre - RS,2000,450.0,450.0,675.0,1500.0
4300505,Alpestre - RS,2001,500.0,500.0,960.0,1920.0
4300505,Alpestre - RS,2002,450.0,450.0,378.0,840.0
4300505,Alpestre - RS,2003,400.0,400.0,912.0,2280.0
4300505,Alpestre - RS,2004,500.0,500.0,442.0,884.0
4300505,Alpestre - RS,2005,580.0,580.0,418.0,720.0
4300505,Alpestre - RS,2006,400.0,400.0,594.0,1485.0
4300505,Alpestre - RS,2007,300.0,300.0,513.0,1710.0
4300505,Alpestre - RS,2008,200.0,200.0,369.0,1845.0
4300505,Alpestre - RS,2009,300.0,300.0,363.0,1210.0
4300505,Alpestre - RS,2010,300.0,300.0,720.0,2400.0
4300505,Alpestre - RS,2011,300.0,300.0,720.0,2400.0
4300505,Alpestre - RS,2012,200.0,200.0,246.0,1230.0
4300505,Alpestre - RS,2013,250.0,238.0,579.0,2433.0
4300505,Alpestre - RS,2014,300.0,300.0,504.0,1680.0
4300505,Alpestre - RS,2015,330.0,330.0,917.0,2779.0
4300505,Alpestre - RS,2016,700.0,700.0,1750.0,2500.0
4300505,Alpestre - RS,2017,700.0,603.0,1820.0,3018.0
4300505,Alpestre - RS,2018,900.0,900.0,2211.0,2457.0
4300505,Alpestre - RS,2019,900.0,880.0,2390.0,2716.0
4300505,Alpestre - RS,2020,1200.0,1200.0,2350.0,1958.0
4300505,Alpestre - RS,2021,1400.0,1400.0,4036.0,2883.0
4300505,Alpestre - RS,2022,2000.0,1700.0,2457.0,1445.0
4300505,Alpestre - RS,2023,1700.0,1700.0,4663.0,2743.0
4300505,Alpestre - RS,2024,2000.0,2000.0,5478.0,2739.0
4300505,Alpestre - RS,2025,1620.0,1620.0,3276.0,2022.0
4300554,Alto Alegre - RS,2000,5000.0,5000.0,9000.0,1800.0
4300554,Alto Alegre - RS,2001,5000.0,5000.0,13500.0,2700.0
4300554,Alto Alegre - RS,2002,5500.0,5500.0,13530.0,2460.0
4300554,Alto Alegre - RS,2003,6000.0,6000.0,18600.0,3100.0
4300554,Alto Alegre - RS,2004,6200.0,6200.0,6696.0,1080.0
4300554,Alto Alegre - RS,2005,6200.0,6050.0,3630.0,600.0
4300554,Alto Alegre - RS,2006,5700.0,5700.0,14706.0,2580.0
4300554,Alto Alegre - RS,2007,6000.0,6000.0,12600.0,2100.0
4300554,Alto Alegre - RS,2008,5700.0,5700.0,11400.0,2000.0
4300554,Alto Alegre - RS,2009,5500.0,5500.0,15510.0,2820.0
4300554,Alto Alegre - RS,2010,6000.0,6000.0,15840.0,2640.0
4300554,Alto Alegre - RS,2011,6000.0,6000.0,19080.0,3180.0
4300554,Alto Alegre - RS,2012,6250.0,6250.0,14250.0,2280.0
4300554,Alto Alegre - RS,2013,6250.0,6250.0,21000.0,3360.0
4300554,Alto Alegre - RS,2014,6315.0,6315.0,18945.0,3000.0
4300554,Alto Alegre - RS,2015,6045.0,6045.0,19935.0,3298.0
4300554,Alto Alegre - RS,2016,6050.0,6050.0,19965.0,3300.0
4300554,Alto Alegre - RS,2017,6080.0,6080.0,21936.0,3608.0
4300554,Alto Alegre - RS,2018,6080.0,6080.0,20136.0,3312.0
4300554,Alto Alegre - RS,2019,6000.0,6000.0,18000.0,3000.0
4300554,Alto Alegre - RS,2020,6000.0,6000.0,7200.0,1200.0
4300554,Alto Alegre - RS,2021,6000.0,6000.0,23400.0,3900.0
4300554,Alto Alegre - RS,2022,5600.0,5600.0,5600.0,1000.0
4300554,Alto Alegre - RS,2023,6008.0,6008.0,8719.0,1451.0
4300554,Alto Alegre - RS,2024,6225.0,6225.0,19930.0,3202.0
4300554,Alto Alegre - RS,2025,6325.0,6325.0,13075.0,2067.0
4300570,Alto Feliz - RS,2000,,,,
4300570,Alto Feliz - RS,2001,,,,
4300570,Alto Feliz - RS,2002,,,,
4300570,Alto Feliz - RS,2003,,,,
4300570,Alto Feliz - RS,2004,,,,
4300570,Alto Feliz - RS,2005,,,,
4300570,Alto Feliz - RS,2006,,,,
4300570,Alto Feliz - RS,2007,,,,
4300570,Alto Feliz - RS,2008,,,,
4300570,Alto Feliz - RS,2009,,,,
4300570,Alto Feliz - RS,2010,,,,
4300570,Alto Feliz - RS,2011,,,,
4300570,Alto Feliz - RS,2012,,,,
4300570,Alto Feliz - RS,2013,,,,
4300570,Alto Feliz - RS,2014,,,,
4300570,Alto Feliz - RS,2015,,,,
4300570,Alto Feliz - RS,2016,,,,
4300570,Alto Feliz - RS,2017,,,,
4300570,Alto Feliz - RS,2018,,,,
4300570,Alto Feliz - RS,2019,,,,
4300570,Alto Feliz - RS,2020,,,,
4300570,Alto Feliz - RS,2021,,,,
4300570,Alto Feliz - RS,2022,,,,
4300570,Alto Feliz - RS,2023,,,,
4300570,Alto Feliz - RS,2024,,,,
4300570,Alto Feliz - RS,2025,,,,
4300604,Alvorada - RS,2000,,,,
4300604,Alvorada - RS,2001,,,,
4300604,Alvorada - RS,2002,,,,
4300604,Alvorada - RS,2003,,,,
4300604,Alvorada - RS,2004,,,,
4300604,Alvorada - RS,2005,,,,
4300604,Alvorada - RS,2006,,,,
4300604,Alvorada - RS,2007,,,,
4300604,Alvorada - RS,2008,,,,
4300604,Alvorada - RS,2009,,,,
4300604,Alvorada - RS,2010,,,,
4300604,Alvorada - RS,2011,,,,
4300604,Alvorada - RS,2012,,,,
4300604,Alvorada - RS,2013,,,,
4300604,Alvorada - RS,2014,,,,
4300604,Alvorada - RS,2015,,,,
4300604,Alvorada - RS,2016,,,,
4300604,Alvorada - RS,2017,,,,
4300604,Alvorada - RS,2018,,,,
4300604,Alvorada - RS,2019,35.0,35.0,70.0,2000.0
4300604,Alvorada - RS,2020,35.0,30.0,42.0,1400.0
4300604,Alvorada - RS,2021,,,,
4300604,Alvorada - RS,2022,,,,
4300604,Alvorada - RS,2023,40.0,40.0,60.0,1500.0
4300604,Alvorada - RS,2024,25.0,25.0,50.0,2000.0
4300604,Alvorada - RS,2025,20.0,20.0,44.0,2200.0
4300638,Amaral Ferrador - RS,2000,,,,
4300638,Amaral Ferrador - RS,2001,,,,
4300638,Amaral Ferrador - RS,2002,,,,
4300638,Amaral Ferrador - RS,2003,600.0,600.0,1440.0,2400.0
4300638,Amaral Ferrador - RS,2004,600.0,600.0,480.0,800.0
4300638,Amaral Ferrador - RS,2005,200.0,200.0,240.0,1200.0
4300638,Amaral Ferrador - RS,2006,600.0,600.0,648.0,1080.0
4300638,Amaral Ferrador - RS,2007,850.0,850.0,1828.0,2150.0
4300638,Amaral Ferrador - RS,2008,600.0,600.0,1290.0,2150.0
4300638,Amaral Ferrador - RS,2009,600.0,600.0,1200.0,2000.0
4300638,Amaral Ferrador - RS,2010,600.0,600.0,1200.0,2000.0
4300638,Amaral Ferrador - RS,2011,600.0,600.0,1140.0,1900.0
4300638,Amaral Ferrador - RS,2012,600.0,600.0,1296.0,2160.0
4300638,Amaral Ferrador - RS,2013,690.0,690.0,2070.0,3000.0
4300638,Amaral Ferrador - RS,2014,700.0,700.0,2100.0,3000.0
4300638,Amaral Ferrador - RS,2015,1300.0,1300.0,3120.0,2400.0
4300638,Amaral Ferrador - RS,2016,1600.0,1600.0,2880.0,1800.0
4300638,Amaral Ferrador - RS,2017,1600.0,1600.0,3360.0,2100.0
4300638,Amaral Ferrador - RS,2018,1500.0,1500.0,3150.0,2100.0
4300638,Amaral Ferrador - RS,2019,2000.0,2000.0,4200.0,2100.0
4300638,Amaral Ferrador - RS,2020,2000.0,2000.0,2880.0,1440.0
4300638,Amaral Ferrador - RS,2021,2000.0,2000.0,4800.0,2400.0
4300638,Amaral Ferrador - RS,2022,2000.0,2000.0,5400.0,2700.0
4300638,Amaral Ferrador - RS,2023,4000.0,4000.0,7200.0,1800.0
4300638,Amaral Ferrador - RS,2024,4500.0,3000.0,3600.0,1200.0
4300638,Amaral Ferrador - RS,2025,4500.0,4500.0,9450.0,2100.0
4300646,Ametista do Sul - RS,2000,1100.0,1100.0,1386.0,1260.0
4300646,Ametista do Sul - RS,2001,1000.0,1000.0,1400.0,1400.0
4300646,Ametista do Sul - RS,2002,800.0,800.0,1008.0,1260.0
4300646,Ametista do Sul - RS,2003,800.0,800.0,1008.0,1260.0
4300646,Ametista do Sul - RS,2004,700.0,700.0,353.0,504.0
4300646,Ametista do Sul - RS,2005,700.0,700.0,315.0,450.0
4300646,Ametista do Sul - RS,2006,700.0,700.0,525.0,750.0
4300646,Ametista do Sul - RS,2007,700.0,700.0,1050.0,1500.0
4300646,Ametista do Sul - RS,2008,300.0,300.0,315.0,1050.0
4300646,Ametista do Sul - RS,2009,300.0,300.0,405.0,1350.0
4300646,Ametista do Sul - RS,2010,320.0,320.0,672.0,2100.0
4300646,Ametista do Sul - RS,2011,300.0,300.0,750.0,2500.0
4300646,Ametista do Sul - RS,2012,300.0,300.0,720.0,2400.0
4300646,Ametista do Sul - RS,2013,300.0,300.0,900.0,3000.0
4300646,Ametista do Sul - RS,2014,400.0,400.0,432.0,1080.0
4300646,Ametista do Sul - RS,2015,400.0,400.0,1120.0,2800.0
4300646,Ametista do Sul - RS,2016,500.0,500.0,1500.0,3000.0
4300646,Ametista do Sul - RS,2017,500.0,485.0,1397.0,2880.0
4300646,Ametista do Sul - RS,2018,500.0,500.0,1425.0,2850.0
4300646,Ametista do Sul - RS,2019,500.0,470.0,1410.0,3000.0
4300646,Ametista do Sul - RS,2020,600.0,600.0,900.0,1500.0
4300646,Ametista do Sul - RS,2021,600.0,600.0,1872.0,3120.0
4300646,Ametista do Sul - RS,2022,700.0,700.0,945.0,1350.0
4300646,Ametista do Sul - RS,2023,800.0,800.0,1920.0,2400.0
4300646,Ametista do Sul - RS,2024,800.0,785.0,2041.0,2600.0
4300646,Ametista do Sul - RS,2025,650.0,650.0,1365.0,2100.0
4300661,André da Rocha - RS,2000,2300.0,2300.0,3864.0,1680.0
4300661,André da Rocha - RS,2001,2500.0,2500.0,4500.0,1800.0
4300661,André da Rocha - RS,2002,3500.0,3500.0,7980.0,2280.0
4300661,André da Rocha - RS,2003,4500.0,4500.0,11250.0,2500.0
4300661,André da Rocha - RS,2004,8000.0,8000.0,14400.0,1800.0
4300661,André da Rocha - RS,2005,7700.0,7700.0,4620.0,600.0
4300661,André da Rocha - RS,2006,8000.0,8000.0,19200.0,2400.0
4300661,André da Rocha - RS,2007,8000.0,8000.0,21600.0,2700.0
4300661,André da Rocha - RS,2008,8500.0,8500.0,18700.0,2200.0
4300661,André da Rocha - RS,2009,9000.0,9000.0,22680.0,2520.0
4300661,André da Rocha - RS,2010,10000.0,10000.0,25200.0,2520.0
4300661,André da Rocha - RS,2011,10000.0,10000.0,27000.0,2700.0
4300661,André da Rocha - RS,2012,11000.0,11000.0,16500.0,1500.0
4300661,André da Rocha - RS,2013,12000.0,12000.0,30960.0,2580.0
4300661,André da Rocha - RS,2014,13000.0,13000.0,35100.0,2700.0
4300661,André da Rocha - RS,2015,14300.0,14300.0,42900.0,3000.0
4300661,André da Rocha - RS,2016,14355.0,14355.0,55984.0,3900.0
4300661,André da Rocha - RS,2017,16700.0,16700.0,65832.0,3942.0
4300661,André da Rocha - RS,2018,18000.0,18000.0,64800.0,3600.0
4300661,André da Rocha - RS,2019,15000.0,15000.0,49500.0,3300.0
4300661,André da Rocha - RS,2020,16000.0,16000.0,21888.0,1368.0
4300661,André da Rocha - RS,2021,18000.0,18000.0,56160.0,3120.0
4300661,André da Rocha - RS,2022,12920.0,12920.0,19380.0,1500.0
4300661,André da Rocha - RS,2023,14500.0,14500.0,30450.0,2100.0
4300661,André da Rocha - RS,2024,12000.0,12000.0,40620.0,3385.0
4300661,André da Rocha - RS,2025,12500.0,12500.0,48750.0,3900.0
4300703,Anta Gorda - RS,2000,220.0,220.0,383.0,1740.0
4300703,Anta Gorda - RS,2001,220.0,220.0,436.0,1981.0
4300703,Anta Gorda - RS,2002,200.0,200.0,342.0,1710.0
4300703,Anta Gorda - RS,2003,200.0,200.0,420.0,2100.0
4300703,Anta Gorda - RS,2004,200.0,200.0,360.0,1800.0
4300703,Anta Gorda - RS,2005,200.0,120.0,50.0,416.0
4300703,Anta Gorda - RS,2006,100.0,100.0,147.0,1470.0
4300703,Anta Gorda - RS,2007,100.0,100.0,168.0,1680.0
4300703,Anta Gorda - RS,2008,100.0,100.0,116.0,1160.0
4300703,Anta Gorda - RS,2009,70.0,70.0,147.0,2100.0
4300703,Anta Gorda - RS,2010,128.0,128.0,346.0,2703.0
4300703,Anta Gorda - RS,2011,128.0,128.0,384.0,3000.0
4300703,Anta Gorda - RS,2012,100.0,100.0,150.0,1500.0
4300703,Anta Gorda - RS,2013,165.0,165.0,479.0,2903.0
4300703,Anta Gorda - RS,2014,100.0,100.0,270.0,2700.0
4300703,Anta Gorda - RS,2015,150.0,150.0,630.0,4200.0
4300703,Anta Gorda - RS,2016,250.0,250.0,897.0,3588.0
4300703,Anta Gorda - RS,2017,270.0,270.0,1044.0,3867.0
4300703,Anta Gorda - RS,2018,270.0,270.0,983.0,3641.0
4300703,Anta Gorda - RS,2019,270.0,270.0,1053.0,3900.0
4300703,Anta Gorda - RS,2020,350.0,350.0,576.0,1646.0
4300703,Anta Gorda - RS,2021,450.0,450.0,1620.0,3600.0
4300703,Anta Gorda - RS,2022,600.0,600.0,900.0,1500.0
4300703,Anta Gorda - RS,2023,700.0,700.0,1260.0,1800.0
4300703,Anta Gorda - RS,2024,700.0,700.0,1260.0,1800.0
4300703,Anta Gorda - RS,2025,900.0,900.0,3420.0,3800.0
4300802,Antônio Prado - RS,2000,,,,
4300802,Antônio Prado - RS,2001,,,,
4300802,Antônio Prado - RS,2002,,,,
4300802,Antônio Prado - RS,2003,,,,
4300802,Antônio Prado - RS,2004,,,,
4300802,Antônio Prado - RS,2005,,,,
4300802,Antônio Prado - RS,2006,,,,
4300802,Antônio Prado - RS,2007,,,,
4300802,Antônio Prado - RS,2008,,,,
4300802,Antônio Prado - RS,2009,,,,
4300802,Antônio Prado - RS,2010,,,,
4300802,Antônio Prado - RS,2011,,,,
4300802,Antônio Prado - RS,2012,,,,
4300802,Antônio Prado - RS,2013,,,,
4300802,Antônio Prado - RS,2014,,,,
4300802,Antônio Prado - RS,2015,,,,
4300802,Antônio Prado - RS,2016,,,,
4300802,Antônio Prado - RS,2017,100.0,100.0,360.0,3600.0
4300802,Antônio Prado - RS,2018,,,,
4300802,Antônio Prado - RS,2019,,,,
4300802,Antônio Prado - RS,2020,,,,
4300802,Antônio Prado - RS,2021,,,,
4300802,Antônio Prado - RS,2022,,,,
4300802,Antônio Prado - RS,2023,,,,
4300802,Antônio Prado - RS,2024,,,,
4300802,Antônio Prado - RS,2025,150.0,150.0,540.0,3600.0
4300851,Arambaré - RS,2000,,,,
4300851,Arambaré - RS,2001,100.0,100.0,80.0,800.0
4300851,Arambaré - RS,2002,100.0,100.0,162.0,1620.0
4300851,Arambaré - RS,2003,472.0,472.0,527.0,1116.0
4300851,Arambaré - RS,2004,1070.0,1070.0,1070.0,1000.0
4300851,Arambaré - RS,2005,671.0,671.0,1072.0,1597.0
4300851,Arambaré - RS,2006,900.0,900.0,1170.0,1300.0
4300851,Arambaré - RS,2007,651.0,651.0,871.0,1337.0
4300851,Arambaré - RS,2008,600.0,600.0,972.0,1620.0
4300851,Arambaré - RS,2009,600.0,600.0,1080.0,1800.0
4300851,Arambaré - RS,2010,700.0,700.0,1050.0,1500.0
4300851,Arambaré - RS,2011,800.0,800.0,1934.0,2418.0
4300851,Arambaré - RS,2012,3800.0,3800.0,9249.0,2434.0
4300851,Arambaré - RS,2013,7464.0,7464.0,17018.0,2280.0
4300851,Arambaré - RS,2014,8360.0,8360.0,20566.0,2460.0
4300851,Arambaré - RS,2015,9400.0,9400.0,19176.0,2040.0
4300851,Arambaré - RS,2016,10400.0,10400.0,21216.0,2040.0
4300851,Arambaré - RS,2017,8346.0,8346.0,25038.0,3000.0
4300851,Arambaré - RS,2018,8346.0,8346.0,17034.0,2041.0
4300851,Arambaré - RS,2019,8100.0,8100.0,20412.0,2520.0
4300851,Arambaré - RS,2020,8630.0,8630.0,8699.0,1008.0
4300851,Arambaré - RS,2021,9160.0,9160.0,32976.0,3600.0
4300851,Arambaré - RS,2022,10446.0,10446.0,28831.0,2760.0
4300851,Arambaré - RS,2023,12690.0,12690.0,30456.0,2400.0
4300851,Arambaré - RS,2024,11688.0,9350.0,19635.0,2100.0
4300851,Arambaré - RS,2025,10217.0,10217.0,31264.0,3060.0
4300877,Araricá - RS,2000,,,,
4300877,Araricá - RS,2001,,,,
4300877,Araricá - RS,2002,,,,
4300877,Araricá - RS,2003,,,,
4300877,Araricá - RS,2004,,,,
4300877,Araricá - RS,2005,,,,
4300877,Araricá - RS,2006,,,,
4300877,Araricá - RS,2007,,,,
4300877,Araricá - RS,2008,,,,
4300877,Araricá - RS,2009,,,,
4300877,Araricá - RS,2010,,,,
4300877,Araricá - RS,2011,,,,
4300877,Araricá - RS,2012,,,,
4300877,Araricá - RS,2013,,,,
4300877,Araricá - RS,2014,,,,
4300877,Araricá - RS,2015,,,,
4300877,Araricá - RS,2016,,,,
4300877,Araricá - RS,2017,,,,
4300877,Araricá - RS,2018,,,,
4300877,Araricá - RS,2019,,,,
4300877,Araricá - RS,2020,,,,
4300877,Araricá - RS,2021,,,,
4300877,Araricá - RS,2022,,,,
4300877,Araricá - RS,2023,,,,
4300877,Araricá - RS,2024,,,,
4300877,Araricá - RS,2025,,,,
4300901,Aratiba - RS,2000,350.0,350.0,245.0,700.0
4300901,Aratiba - RS,2001,300.0,300.0,540.0,1800.0
4300901,Aratiba - RS,2002,500.0,500.0,585.0,1170.0
4300901,Aratiba - RS,2003,200.0,200.0,360.0,1800.0
4300901,Aratiba - RS,2004,400.0,200.0,360.0,1800.0
4300901,Aratiba - RS,2005,400.0,400.0,192.0,480.0
4300901,Aratiba - RS,2006,50.0,50.0,90.0,1800.0
4300901,Aratiba - RS,2007,50.0,50.0,120.0,2400.0
4300901,Aratiba - RS,2008,400.0,400.0,720.0,1800.0
4300901,Aratiba - RS,2009,200.0,200.0,336.0,1680.0
4300901,Aratiba - RS,2010,500.0,500.0,1650.0,3300.0
4300901,Aratiba - RS,2011,400.0,400.0,1200.0,3000.0
4300901,Aratiba - RS,2012,400.0,400.0,480.0,1200.0
4300901,Aratiba - RS,2013,400.0,400.0,840.0,2100.0
4300901,Aratiba - RS,2014,650.0,650.0,1950.0,3000.0
4300901,Aratiba - RS,2015,650.0,650.0,1950.0,3000.0
4300901,Aratiba - RS,2016,700.0,700.0,2590.0,3700.0
4300901,Aratiba - RS,2017,900.0,900.0,3240.0,3600.0
4300901,Aratiba - RS,2018,1200.0,1200.0,4680.0,3900.0
4300901,Aratiba - RS,2019,1200.0,1200.0,3960.0,3300.0
4300901,Aratiba - RS,2020,1200.0,1200.0,2520.0,2100.0
4300901,Aratiba - RS,2021,1200.0,1200.0,4240.0,3533.0
4300901,Aratiba - RS,2022,1500.0,1500.0,2250.0,1500.0
4300901,Aratiba - RS,2023,1800.0,1800.0,3780.0,2100.0
4300901,Aratiba - RS,2024,1800.0,1800.0,5940.0,3300.0
4300901,Aratiba - RS,2025,2000.0,2000.0,6000.0,3000.0
4301305,Arroio Grande - RS,2000,800.0,800.0,960.0,1200.0
4301305,Arroio Grande - RS,2001,1900.0,1900.0,3230.0,1700.0
4301305,Arroio Grande - RS,2002,5500.0,5500.0,9900.0,1800.0
4301305,Arroio Grande - RS,2003,10000.0,10000.0,21000.0,2100.0
4301305,Arroio Grande - RS,2004,10908.0,10908.0,22907.0,2100.0
4301305,Arroio Grande - RS,2005,16850.0,16755.0,15080.0,900.0
4301305,Arroio Grande - RS,2006,7889.0,7889.0,15431.0,1956.0
4301305,Arroio Grande - RS,2007,8000.0,8000.0,19200.0,2400.0
4301305,Arroio Grande - RS,2008,8000.0,8000.0,20160.0,2520.0
4301305,Arroio Grande - RS,2009,11671.0,11671.0,28010.0,2399.0
4301305,Arroio Grande - RS,2010,15000.0,15000.0,31500.0,2100.0
4301305,Arroio Grande - RS,2011,18000.0,18000.0,36000.0,2000.0
4301305,Arroio Grande - RS,2012,22000.0,22000.0,59400.0,2700.0
4301305,Arroio Grande - RS,2013,40000.0,40000.0,108000.0,2700.0
4301305,Arroio Grande - RS,2014,40000.0,40000.0,91200.0,2280.0
4301305,Arroio Grande - RS,2015,40000.0,40000.0,84000.0,2100.0
4301305,Arroio Grande - RS,2016,40000.0,40000.0,32400.0,810.0
4301305,Arroio Grande - RS,2017,39500.0,39500.0,123240.0,3120.0
4301305,Arroio Grande - RS,2018,42500.0,42500.0,68850.0,1620.0
4301305,Arroio Grande - RS,2019,42500.0,42500.0,96900.0,2280.0
4301305,Arroio Grande - RS,2020,44530.0,44530.0,82826.0,1860.0
4301305,Arroio Grande - RS,2021,47120.0,47120.0,156344.0,3318.0
4301305,Arroio Grande - RS,2022,48400.0,48400.0,124872.0,2580.0
4301305,Arroio Grande - RS,2023,65380.0,65380.0,101993.0,1560.0
4301305,Arroio Grande - RS,2024,59460.0,46460.0,61327.0,1320.0
4301305,Arroio Grande - RS,2025,53470.0,53470.0,115495.0,2160.0
4301008,Arroio do Meio - RS,2000,1400.0,1400.0,2940.0,2100.0
4301008,Arroio do Meio - RS,2001,1400.0,1400.0,2940.0,2100.0
4301008,Arroio do Meio - RS,2002,1450.0,1450.0,3045.0,2100.0
4301008,Arroio do Meio - RS,2003,1450.0,1450.0,3480.0,2400.0
4301008,Arroio do Meio - RS,2004,1450.0,1450.0,1479.0,1020.0
4301008,Arroio do Meio - RS,2005,1450.0,1450.0,974.0,671.0
4301008,Arroio do Meio - RS,2006,1450.0,1450.0,1827.0,1260.0
4301008,Arroio do Meio - RS,2007,800.0,800.0,1210.0,1512.0
4301008,Arroio do Meio - RS,2008,800.0,800.0,1920.0,2400.0
4301008,Arroio do Meio - RS,2009,900.0,900.0,2268.0,2520.0
4301008,Arroio do Meio - RS,2010,1000.0,850.0,2040.0,2400.0
4301008,Arroio do Meio - RS,2011,1000.0,1000.0,3300.0,3300.0
4301008,Arroio do Meio - RS,2012,1000.0,1000.0,1440.0,1440.0
4301008,Arroio do Meio - RS,2013,1000.0,1000.0,3780.0,3780.0
4301008,Arroio do Meio - RS,2014,1000.0,1000.0,3000.0,3000.0
4301008,Arroio do Meio - RS,2015,1000.0,1000.0,3600.0,3600.0
4301008,Arroio do Meio - RS,2016,1000.0,1000.0,3600.0,3600.0
4301008,Arroio do Meio - RS,2017,1000.0,1000.0,3600.0,3600.0
4301008,Arroio do Meio - RS,2018,1100.0,1100.0,3602.0,3275.0
4301008,Arroio do Meio - RS,2019,1200.0,1200.0,4320.0,3600.0
4301008,Arroio do Meio - RS,2020,1000.0,1000.0,1899.0,1899.0
4301008,Arroio do Meio - RS,2021,1100.0,1100.0,4332.0,3938.0
4301008,Arroio do Meio - RS,2022,840.0,840.0,1193.0,1420.0
4301008,Arroio do Meio - RS,2023,1200.0,1200.0,3600.0,3000.0
4301008,Arroio do Meio - RS,2024,1280.0,973.0,3211.0,3300.0
4301008,Arroio do Meio - RS,2025,1000.0,1000.0,2550.0,2550.0
4301073,Arroio do Padre - RS,2000,,,,
4301073,Arroio do Padre - RS,2001,2.0,2.0,4.0,2000.0
4301073,Arroio do Padre - RS,2002,10.0,10.0,20.0,2000.0
4301073,Arroio do Padre - RS,2003,10.0,10.0,20.0,2000.0
4301073,Arroio do Padre - RS,2004,80.0,80.0,88.0,1100.0
4301073,Arroio do Padre - RS,2005,120.0,120.0,108.0,900.0
4301073,Arroio do Padre - RS,2006,50.0,50.0,90.0,1800.0
4301073,Arroio do Padre - RS,2007,50.0,50.0,90.0,1800.0
4301073,Arroio do Padre - RS,2008,60.0,60.0,108.0,1800.0
4301073,Arroio do Padre - RS,2009,60.0,60.0,96.0,1600.0
4301073,Arroio do Padre - RS,2010,40.0,40.0,96.0,2400.0
4301073,Arroio do Padre - RS,2011,60.0,60.0,144.0,2400.0
4301073,Arroio do Padre - RS,2012,45.0,45.0,108.0,2400.0
4301073,Arroio do Padre - RS,2013,120.0,120.0,288.0,2400.0
4301073,Arroio do Padre - RS,2014,220.0,220.0,440.0,2000.0
4301073,Arroio do Padre - RS,2015,220.0,220.0,528.0,2400.0
4301073,Arroio do Padre - RS,2016,250.0,250.0,150.0,600.0
4301073,Arroio do Padre - RS,2017,200.0,200.0,600.0,3000.0
4301073,Arroio do Padre - RS,2018,450.0,450.0,675.0,1500.0
4301073,Arroio do Padre - RS,2019,500.0,500.0,1500.0,3000.0
4301073,Arroio do Padre - RS,2020,500.0,500.0,480.0,960.0
4301073,Arroio do Padre - RS,2021,500.0,500.0,1650.0,3300.0
4301073,Arroio do Padre - RS,2022,600.0,600.0,1632.0,2720.0
4301073,Arroio do Padre - RS,2023,650.0,650.0,1872.0,2880.0
4301073,Arroio do Padre - RS,2024,650.0,390.0,1053.0,2700.0
4301073,Arroio do Padre - RS,2025,650.0,650.0,1950.0,3000.0
4301057,Arroio do Sal - RS,2000,,,,
4301057,Arroio do Sal - RS,2001,,,,
4301057,Arroio do Sal - RS,2002,,,,
4301057,Arroio do Sal - RS,2003,,,,
4301057,Arroio do Sal - RS,2004,,,,
4301057,Arroio do Sal - RS,2005,,,,
4301057,Arroio do Sal - RS,2006,,,,
4301057,Arroio do Sal - RS,2007,,,,
4301057,Arroio do Sal - RS,2008,,,,
4301057,Arroio do Sal - RS,2009,,,,
4301057,Arroio do Sal - RS,2010,,,,
4301057,Arroio do Sal - RS,2011,,,,
4301057,Arroio do Sal - RS,2012,,,,
4301057,Arroio do Sal - RS,2013,,,,
4301057,Arroio do Sal - RS,2014,,,,
4301057,Arroio do Sal - RS,2015,,,,
4301057,Arroio do Sal - RS,2016,,,,
4301057,Arroio do Sal - RS,2017,,,,
4301057,Arroio do Sal - RS,2018,,,,
4301057,Arroio do Sal - RS,2019,,,,
4301057,Arroio do Sal - RS,2020,,,,
4301057,Arroio do Sal - RS,2021,,,,
4301057,Arroio do Sal - RS,2022,300.0,300.0,750.0,2500.0
4301057,Arroio do Sal - RS,2023,300.0,300.0,990.0,3300.0
4301057,Arroio do Sal - RS,2024,300.0,300.0,990.0,3300.0
4301057,Arroio do Sal - RS,2025,420.0,420.0,1386.0,3300.0
4301206,Arroio do Tigre - RS,2000,1800.0,1800.0,3780.0,2100.0
4301206,Arroio do Tigre - RS,2001,2100.0,2100.0,4410.0,2100.0
4301206,Arroio do Tigre - RS,2002,2500.0,2500.0,6000.0,2400.0
4301206,Arroio do Tigre - RS,2003,2800.0,2800.0,7560.0,2700.0
4301206,Arroio do Tigre - RS,2004,3800.0,3600.0,4752.0,1320.0
4301206,Arroio do Tigre - RS,2005,4000.0,2800.0,1848.0,660.0
4301206,Arroio do Tigre - RS,2006,4000.0,4000.0,7200.0,1800.0
4301206,Arroio do Tigre - RS,2007,4000.0,4000.0,12000.0,3000.0
4301206,Arroio do Tigre - RS,2008,4000.0,4000.0,10800.0,2700.0
4301206,Arroio do Tigre - RS,2009,4800.0,4800.0,18336.0,3820.0
4301206,Arroio do Tigre - RS,2010,5500.0,5500.0,15180.0,2760.0
4301206,Arroio do Tigre - RS,2011,5750.0,5750.0,16560.0,2880.0
4301206,Arroio do Tigre - RS,2012,6500.0,6500.0,14040.0,2160.0
4301206,Arroio do Tigre - RS,2013,7000.0,7000.0,23520.0,3360.0
4301206,Arroio do Tigre - RS,2014,7350.0,7350.0,23373.0,3180.0
4301206,Arroio do Tigre - RS,2015,7650.0,7650.0,26622.0,3480.0
4301206,Arroio do Tigre - RS,2016,8750.0,8750.0,27825.0,3180.0
4301206,Arroio do Tigre - RS,2017,8800.0,8800.0,34320.0,3900.0
4301206,Arroio do Tigre - RS,2018,9000.0,9000.0,32400.0,3600.0
4301206,Arroio do Tigre - RS,2019,9500.0,9500.0,34200.0,3600.0
4301206,Arroio do Tigre - RS,2020,9000.0,9000.0,13500.0,1500.0
4301206,Arroio do Tigre - RS,2021,9300.0,9300.0,32364.0,3480.0
4301206,Arroio do Tigre - RS,2022,9300.0,8835.0,14843.0,1680.0
4301206,Arroio do Tigre - RS,2023,9500.0,9500.0,17100.0,1800.0
4301206,Arroio do Tigre - RS,2024,9800.0,9800.0,31360.0,3200.0
4301206,Arroio do Tigre - RS,2025,10800.0,10800.0,25920.0,2400.0
4301107,Arroio dos Ratos - RS,2000,,,,
4301107,Arroio dos Ratos - RS,2001,,,,
4301107,Arroio dos Ratos - RS,2002,,,,
4301107,Arroio dos Ratos - RS,2003,,,,
4301107,Arroio dos Ratos - RS,2004,300.0,300.0,225.0,750.0
4301107,Arroio dos Ratos - RS,2005,600.0,300.0,180.0,600.0
4301107,Arroio dos Ratos - RS,2006,800.0,800.0,1760.0,2200.0
4301107,Arroio dos Ratos - RS,2007,1000.0,1000.0,3000.0,3000.0
4301107,Arroio dos Ratos - RS,2008,1000.0,1000.0,2280.0,2280.0
4301107,Arroio dos Ratos - RS,2009,700.0,700.0,1890.0,2700.0
4301107,Arroio dos Ratos - RS,2010,500.0,500.0,1350.0,2700.0
4301107,Arroio dos Ratos - RS,2011,750.0,750.0,1845.0,2460.0
4301107,Arroio dos Ratos - RS,2012,750.0,750.0,1665.0,2220.0
4301107,Arroio dos Ratos - RS,2013,850.0,850.0,2295.0,2700.0
4301107,Arroio dos Ratos - RS,2014,1500.0,1500.0,3150.0,2100.0
4301107,Arroio dos Ratos - RS,2015,1800.0,1800.0,4320.0,2400.0
4301107,Arroio dos Ratos - RS,2016,2318.0,2318.0,6258.0,2700.0
4301107,Arroio dos Ratos - RS,2017,2800.0,2800.0,7560.0,2700.0
4301107,Arroio dos Ratos - RS,2018,3500.0,3500.0,8400.0,2400.0
4301107,Arroio dos Ratos - RS,2019,3500.0,3500.0,8400.0,2400.0
4301107,Arroio dos Ratos - RS,2020,4000.0,3800.0,3420.0,900.0
4301107,Arroio dos Ratos - RS,2021,3800.0,3800.0,10260.0,2700.0
4301107,Arroio dos Ratos - RS,2022,4500.0,4500.0,10800.0,2400.0
4301107,Arroio dos Ratos - RS,2023,5500.0,5500.0,8799.0,1600.0
4301107,Arroio dos Ratos - RS,2024,5500.0,5500.0,9240.0,1680.0
4301107,Arroio dos Ratos - RS,2025,5500.0,5500.0,6270.0,1140.0
4301404,Arvorezinha - RS,2000,30.0,30.0,33.0,1100.0
4301404,Arvorezinha - RS,2001,40.0,40.0,44.0,1100.0
4301404,Arvorezinha - RS,2002,90.0,90.0,162.0,1800.0
4301404,Arvorezinha - RS,2003,130.0,130.0,234.0,1800.0
4301404,Arvorezinha - RS,2004,300.0,300.0,450.0,1500.0
4301404,Arvorezinha - RS,2005,600.0,510.0,367.0,719.0
4301404,Arvorezinha - RS,2006,480.0,480.0,864.0,1800.0
4301404,Arvorezinha - RS,2007,500.0,500.0,1110.0,2220.0
4301404,Arvorezinha - RS,2008,400.0,400.0,760.0,1900.0
4301404,Arvorezinha - RS,2009,400.0,400.0,720.0,1800.0
4301404,Arvorezinha - RS,2010,500.0,500.0,1200.0,2400.0
4301404,Arvorezinha - RS,2011,500.0,500.0,1200.0,2400.0
4301404,Arvorezinha - RS,2012,500.0,500.0,840.0,1680.0
4301404,Arvorezinha - RS,2013,650.0,650.0,1755.0,2700.0
4301404,Arvorezinha - RS,2014,700.0,700.0,1890.0,2700.0
4301404,Arvorezinha - RS,2015,750.0,750.0,2025.0,2700.0
4301404,Arvorezinha - RS,2016,850.0,850.0,2550.0,3000.0
4301404,Arvorezinha - RS,2017,900.0,900.0,3240.0,3600.0
4301404,Arvorezinha - RS,2018,900.0,900.0,3240.0,3600.0
4301404,Arvorezinha - RS,2019,1600.0,1600.0,5280.0,3300.0
4301404,Arvorezinha - RS,2020,1700.0,1700.0,3060.0,1800.0
4301404,Arvorezinha - RS,2021,1750.0,1750.0,6300.0,3600.0
4301404,Arvorezinha - RS,2022,1800.0,1800.0,4338.0,2410.0
4301404,Arvorezinha - RS,2023,1850.0,1850.0,3630.0,1962.0
4301404,Arvorezinha - RS,2024,1850.0,1850.0,4730.0,2557.0
4301404,Arvorezinha - RS,2025,1850.0,1850.0,3941.0,2130.0
4301503,Augusto Pestana - RS,2000,21000.0,18000.0,16200.0,900.0
4301503,Augusto Pestana - RS,2001,19000.0,19000.0,43320.0,2280.0
4301503,Augusto Pestana - RS,2002,20000.0,20000.0,32000.0,1600.0
4301503,Augusto Pestana - RS,2003,21000.0,21000.0,54180.0,2580.0
4301503,Augusto Pestana - RS,2004,21500.0,21500.0,33540.0,1560.0
4301503,Augusto Pestana - RS,2005,21500.0,18500.0,7770.0,420.0
4301503,Augusto Pestana - RS,2006,20500.0,20500.0,33210.0,1620.0
4301503,Augusto Pestana - RS,2007,20000.0,20000.0,50400.0,2520.0
4301503,Augusto Pestana - RS,2008,20000.0,20000.0,44400.0,2220.0
4301503,Augusto Pestana - RS,2009,20000.0,20000.0,40800.0,2040.0
4301503,Augusto Pestana - RS,2010,20000.0,20000.0,50400.0,2520.0
4301503,Augusto Pestana - RS,2011,20000.0,20000.0,57600.0,2880.0
4301503,Augusto Pestana - RS,2012,20000.0,18000.0,15120.0,840.0
4301503,Augusto Pestana - RS,2013,20000.0,20000.0,60000.0,3000.0
4301503,Augusto Pestana - RS,2014,21000.0,21000.0,47880.0,2280.0
4301503,Augusto Pestana - RS,2015,21079.0,21079.0,52737.0,2502.0
4301503,Augusto Pestana - RS,2016,21000.0,21000.0,64260.0,3060.0
4301503,Augusto Pestana - RS,2017,21140.0,21140.0,74088.0,3505.0
4301503,Augusto Pestana - RS,2018,19620.0,19620.0,64710.0,3298.0
4301503,Augusto Pestana - RS,2019,19640.0,19640.0,64770.0,3298.0
4301503,Augusto Pestana - RS,2020,19500.0,19500.0,33150.0,1700.0
4301503,Augusto Pestana - RS,2021,19700.0,19700.0,72102.0,3660.0
4301503,Augusto Pestana - RS,2022,19120.0,17120.0,10416.0,608.0
4301503,Augusto Pestana - RS,2023,20120.0,20120.0,24288.0,1207.0
4301503,Augusto Pestana - RS,2024,20120.0,20120.0,66432.0,3302.0
4301503,Augusto Pestana - RS,2025,21250.0,21250.0,28778.0,1354.0
4301602,Bagé - RS,2000,670.0,670.0,844.0,1259.0
4301602,Bagé - RS,2001,700.0,700.0,882.0,1260.0
4301602,Bagé - RS,2002,700.0,700.0,882.0,1260.0
4301602,Bagé - RS,2003,5000.0,5000.0,6300.0,1260.0
4301602,Bagé - RS,2004,10000.0,10000.0,20000.0,2000.0
4301602,Bagé - RS,2005,12000.0,12000.0,18720.0,1560.0
4301602,Bagé - RS,2006,6000.0,6000.0,4500.0,750.0
4301602,Bagé - RS,2007,6000.0,6000.0,10500.0,1750.0
4301602,Bagé - RS,2008,6000.0,6000.0,10500.0,1750.0
4301602,Bagé - RS,2009,6000.0,6000.0,10800.0,1800.0
4301602,Bagé - RS,2010,6000.0,6000.0,10800.0,1800.0
4301602,Bagé - RS,2011,6000.0,6000.0,10650.0,1775.0
4301602,Bagé - RS,2012,13000.0,13000.0,23400.0,1800.0
4301602,Bagé - RS,2013,30000.0,30000.0,59640.0,1988.0
4301602,Bagé - RS,2014,20000.0,20000.0,42000.0,2100.0
4301602,Bagé - RS,2015,35000.0,35000.0,84000.0,2400.0
4301602,Bagé - RS,2016,35000.0,35000.0,51450.0,1470.0
4301602,Bagé - RS,2017,35000.0,35000.0,73500.0,2100.0
4301602,Bagé - RS,2018,35000.0,35000.0,80500.0,2300.0
4301602,Bagé - RS,2019,40000.0,40000.0,78000.0,1950.0
4301602,Bagé - RS,2020,40000.0,40000.0,64000.0,1600.0
4301602,Bagé - RS,2021,40000.0,40000.0,96000.0,2400.0
4301602,Bagé - RS,2022,42000.0,42000.0,87948.0,2094.0
4301602,Bagé - RS,2023,42000.0,42000.0,61320.0,1460.0
4301602,Bagé - RS,2024,42000.0,42000.0,63000.0,1500.0
4301602,Bagé - RS,2025,42000.0,42000.0,67200.0,1600.0
4301636,Balneário Pinhal - RS,2000,,,,
4301636,Balneário Pinhal - RS,2001,,,,
4301636,Balneário Pinhal - RS,2002,,,,
4301636,Balneário Pinhal - RS,2003,,,,
4301636,Balneário Pinhal - RS,2004,,,,
4301636,Balneário Pinhal - RS,2005,,,,
4301636,Balneário Pinhal - RS,2006,,,,
4301636,Balneário Pinhal - RS,2007,,,,
4301636,Balneário Pinhal - RS,2008,,,,
4301636,Balneário Pinhal - RS,2009,,,,
4301636,Balneário Pinhal - RS,2010,,,,
4301636,Balneário Pinhal - RS,2011,,,,
4301636,Balneário Pinhal - RS,2012,,,,
4301636,Balneário Pinhal - RS,2013,,,,
4301636,Balneário Pinhal - RS,2014,60.0,60.0,150.0,2500.0
4301636,Balneário Pinhal - RS,2015,,,,
4301636,Balneário Pinhal - RS,2016,,,,
4301636,Balneário Pinhal - RS,2017,50.0,50.0,180.0,3600.0
4301636,Balneário Pinhal - RS,2018,50.0,50.0,150.0,3000.0
4301636,Balneário Pinhal - RS,2019,50.0,50.0,150.0,3000.0
4301636,Balneário Pinhal - RS,2020,70.0,70.0,160.0,2286.0
4301636,Balneário Pinhal - RS,2021,28.0,28.0,81.0,2893.0
4301636,Balneário Pinhal - RS,2022,410.0,410.0,984.0,2400.0
4301636,Balneário Pinhal - RS,2023,600.0,600.0,1440.0,2400.0
4301636,Balneário Pinhal - RS,2024,800.0,640.0,1142.0,1784.0
4301636,Balneário Pinhal - RS,2025,800.0,800.0,2160.0,2700.0
4301958,Barra Funda - RS,2000,3400.0,3400.0,6460.0,1900.0
4301958,Barra Funda - RS,2001,3300.0,3300.0,7920.0,2400.0
4301958,Barra Funda - RS,2002,3100.0,3100.0,5580.0,1800.0
4301958,Barra Funda - RS,2003,3300.0,3300.0,9306.0,2820.0
4301958,Barra Funda - RS,2004,3400.0,3300.0,4356.0,1320.0
4301958,Barra Funda - RS,2005,3250.0,3250.0,1170.0,360.0
4301958,Barra Funda - RS,2006,3100.0,3100.0,7440.0,2400.0
4301958,Barra Funda - RS,2007,3100.0,3100.0,8370.0,2700.0
4301958,Barra Funda - RS,2008,2800.0,2800.0,6720.0,2400.0
4301958,Barra Funda - RS,2009,2900.0,2900.0,6612.0,2280.0
4301958,Barra Funda - RS,2010,3000.0,3000.0,7740.0,2580.0
4301958,Barra Funda - RS,2011,3100.0,3100.0,9858.0,3180.0
4301958,Barra Funda - RS,2012,3100.0,3100.0,3720.0,1200.0
4301958,Barra Funda - RS,2013,3100.0,3100.0,9300.0,3000.0
4301958,Barra Funda - RS,2014,3300.0,3300.0,7920.0,2400.0
4301958,Barra Funda - RS,2015,3450.0,3450.0,13041.0,3780.0
4301958,Barra Funda - RS,2016,3600.0,3600.0,12960.0,3600.0
4301958,Barra Funda - RS,2017,3400.0,3400.0,13872.0,4080.0
4301958,Barra Funda - RS,2018,3400.0,3400.0,14688.0,4320.0
4301958,Barra Funda - RS,2019,3400.0,3400.0,13396.0,3940.0
4301958,Barra Funda - RS,2020,3400.0,3400.0,10200.0,3000.0
4301958,Barra Funda - RS,2021,3400.0,3400.0,10636.0,3128.0
4301958,Barra Funda - RS,2022,3392.0,3392.0,7137.0,2104.0
4301958,Barra Funda - RS,2023,3400.0,3400.0,6120.0,1800.0
4301958,Barra Funda - RS,2024,3515.0,3515.0,12304.0,3500.0
4301958,Barra Funda - RS,2025,3615.0,3615.0,10427.0,2884.0
4301859,Barra do Guarita - RS,2000,2560.0,2560.0,4608.0,1800.0
4301859,Barra do Guarita - RS,2001,2600.0,2600.0,4525.0,1740.0
4301859,Barra do Guarita - RS,2002,2800.0,2800.0,3870.0,1382.0
4301859,Barra do Guarita - RS,2003,3000.0,3000.0,6660.0,2220.0
4301859,Barra do Guarita - RS,2004,3200.0,3200.0,4637.0,1449.0
4301859,Barra do Guarita - RS,2005,3200.0,3200.0,1920.0,600.0
4301859,Barra do Guarita - RS,2006,3080.0,3080.0,3080.0,1000.0
4301859,Barra do Guarita - RS,2007,2800.0,2800.0,7000.0,2500.0
4301859,Barra do Guarita - RS,2008,1600.0,1600.0,1760.0,1100.0
4301859,Barra do Guarita - RS,2009,1500.0,1500.0,2520.0,1680.0
4301859,Barra do Guarita - RS,2010,1500.0,1500.0,2700.0,1800.0
4301859,Barra do Guarita - RS,2011,1500.0,1500.0,4050.0,2700.0
4301859,Barra do Guarita - RS,2012,1500.0,1500.0,1620.0,1080.0
4301859,Barra do Guarita - RS,2013,1500.0,1500.0,3600.0,2400.0
4301859,Barra do Guarita - RS,2014,1500.0,1500.0,4050.0,2700.0
4301859,Barra do Guarita - RS,2015,1500.0,1500.0,3600.0,2400.0
4301859,Barra do Guarita - RS,2016,1600.0,1600.0,4320.0,2700.0
4301859,Barra do Guarita - RS,2017,1600.0,1600.0,4320.0,2700.0
4301859,Barra do Guarita - RS,2018,1800.0,1800.0,4860.0,2700.0
4301859,Barra do Guarita - RS,2019,1800.0,1800.0,4860.0,2700.0
4301859,Barra do Guarita - RS,2020,1850.0,1850.0,5550.0,3000.0
4301859,Barra do Guarita - RS,2021,1850.0,1850.0,4995.0,2700.0
4301859,Barra do Guarita - RS,2022,2050.0,2050.0,1845.0,900.0
4301859,Barra do Guarita - RS,2023,1950.0,1950.0,4680.0,2400.0
4301859,Barra do Guarita - RS,2024,1950.0,1950.0,6435.0,3300.0
4301859,Barra do Guarita - RS,2025,2050.0,2050.0,4736.0,2310.0
4301875,Barra do Quaraí - RS,2000,,,,
4301875,Barra do Quaraí - RS,2001,,,,
4301875,Barra do Quaraí - RS,2002,,,,
4301875,Barra do Quaraí - RS,2003,250.0,150.0,225.0,1500.0
4301875,Barra do Quaraí - RS,2004,100.0,100.0,60.0,600.0
4301875,Barra do Quaraí - RS,2005,450.0,270.0,351.0,1300.0
4301875,Barra do Quaraí - RS,2006,50.0,50.0,45.0,900.0
4301875,Barra do Quaraí - RS,2007,,,,
4301875,Barra do Quaraí - RS,2008,,,,
4301875,Barra do Quaraí - RS,2009,,,,
4301875,Barra do Quaraí - RS,2010,,,,
4301875,Barra do Quaraí - RS,2011,,,,
4301875,Barra do Quaraí - RS,2012,90.0,90.0,189.0,2100.0
4301875,Barra do Quaraí - RS,2013,400.0,400.0,480.0,1200.0
4301875,Barra do Quaraí - RS,2014,504.0,504.0,1134.0,2250.0
4301875,Barra do Quaraí - RS,2015,450.0,450.0,1125.0,2500.0
4301875,Barra do Quaraí - RS,2016,190.0,190.0,589.0,3100.0
4301875,Barra do Quaraí - RS,2017,110.0,110.0,422.0,3836.0
4301875,Barra do Quaraí - RS,2018,300.0,300.0,1050.0,3500.0
4301875,Barra do Quaraí - RS,2019,561.0,531.0,1699.0,3200.0
4301875,Barra do Quaraí - RS,2020,1041.0,1041.0,3123.0,3000.0
4301875,Barra do Quaraí - RS,2021,1385.0,1385.0,5109.0,3689.0
4301875,Barra do Quaraí - RS,2022,1980.0,1980.0,4455.0,2250.0
4301875,Barra do Quaraí - RS,2023,2500.0,2500.0,4614.0,1846.0
4301875,Barra do Quaraí - RS,2024,3100.0,3100.0,9660.0,3116.0
4301875,Barra do Quaraí - RS,2025,1200.0,1200.0,4320.0,3600.0
4301909,Barra do Ribeiro - RS,2000,,,,
4301909,Barra do Ribeiro - RS,2001,,,,
4301909,Barra do Ribeiro - RS,2002,100.0,70.0,109.0,1557.0
4301909,Barra do Ribeiro - RS,2003,545.0,545.0,1145.0,2100.0
4301909,Barra do Ribeiro - RS,2004,825.0,625.0,381.0,609.0
4301909,Barra do Ribeiro - RS,2005,825.0,825.0,635.0,769.0
4301909,Barra do Ribeiro - RS,2006,1200.0,1200.0,1800.0,1500.0
4301909,Barra do Ribeiro - RS,2007,200.0,200.0,464.0,2320.0
4301909,Barra do Ribeiro - RS,2008,400.0,400.0,432.0,1080.0
4301909,Barra do Ribeiro - RS,2009,110.0,110.0,257.0,2336.0
4301909,Barra do Ribeiro - RS,2010,110.0,110.0,198.0,1800.0
4301909,Barra do Ribeiro - RS,2011,110.0,110.0,264.0,2400.0
4301909,Barra do Ribeiro - RS,2012,1000.0,1000.0,2400.0,2400.0
4301909,Barra do Ribeiro - RS,2013,1422.0,1422.0,3413.0,2400.0
4301909,Barra do Ribeiro - RS,2014,3315.0,3315.0,8354.0,2520.0
4301909,Barra do Ribeiro - RS,2015,3315.0,3315.0,6961.0,2100.0
4301909,Barra do Ribeiro - RS,2016,3447.0,3447.0,7859.0,2280.0
4301909,Barra do Ribeiro - RS,2017,3447.0,3447.0,10341.0,3000.0
4301909,Barra do Ribeiro - RS,2018,3900.0,3900.0,11700.0,3000.0
4301909,Barra do Ribeiro - RS,2019,3850.0,3850.0,13398.0,3480.0
4301909,Barra do Ribeiro - RS,2020,6100.0,5620.0,8261.0,1470.0
4301909,Barra do Ribeiro - RS,2021,6920.0,6920.0,17438.0,2520.0
4301909,Barra do Ribeiro - RS,2022,7800.0,7800.0,33696.0,4320.0
4301909,Barra do Ribeiro - RS,2023,11069.0,11069.0,39848.0,3600.0
4301909,Barra do Ribeiro - RS,2024,9622.0,6660.0,19980.0,3000.0
4301909,Barra do Ribeiro - RS,2025,9000.0,9000.0,17820.0,1980.0
4301925,Barra do Rio Azul - RS,2000,150.0,150.0,285.0,1900.0
4301925,Barra do Rio Azul - RS,2001,150.0,150.0,285.0,1900.0
4301925,Barra do Rio Azul - RS,2002,170.0,170.0,255.0,1500.0
4301925,Barra do Rio Azul - RS,2003,150.0,150.0,360.0,2400.0
4301925,Barra do Rio Azul - RS,2004,200.0,200.0,240.0,1200.0
4301925,Barra do Rio Azul - RS,2005,180.0,180.0,130.0,722.0
4301925,Barra do Rio Azul - RS,2006,198.0,198.0,404.0,2040.0
4301925,Barra do Rio Azul - RS,2007,198.0,198.0,475.0,2398.0
4301925,Barra do Rio Azul - RS,2008,200.0,200.0,480.0,2400.0
4301925,Barra do Rio Azul - RS,2009,250.0,250.0,270.0,1080.0
4301925,Barra do Rio Azul - RS,2010,350.0,350.0,1155.0,3300.0
4301925,Barra do Rio Azul - RS,2011,460.0,460.0,1518.0,3300.0
4301925,Barra do Rio Azul - RS,2012,365.0,365.0,422.0,1156.0
4301925,Barra do Rio Azul - RS,2013,370.0,370.0,1013.0,2738.0
4301925,Barra do Rio Azul - RS,2014,380.0,380.0,950.0,2500.0
4301925,Barra do Rio Azul - RS,2015,480.0,480.0,1584.0,3300.0
4301925,Barra do Rio Azul - RS,2016,625.0,625.0,2250.0,3600.0
4301925,Barra do Rio Azul - RS,2017,520.0,520.0,1872.0,3600.0
4301925,Barra do Rio Azul - RS,2018,870.0,870.0,3654.0,4200.0
4301925,Barra do Rio Azul - RS,2019,940.0,940.0,3290.0,3500.0
4301925,Barra do Rio Azul - RS,2020,1100.0,1100.0,2970.0,2700.0
4301925,Barra do Rio Azul - RS,2021,1300.0,1300.0,4056.0,3120.0
4301925,Barra do Rio Azul - RS,2022,1600.0,1600.0,4032.0,2520.0
4301925,Barra do Rio Azul - RS,2023,2000.0,2000.0,5400.0,2700.0
4301925,Barra do Rio Azul - RS,2024,1850.0,1750.0,5425.0,3100.0
4301925,Barra do Rio Azul - RS,2025,2000.0,2000.0,5070.0,2535.0
4301800,Barracão - RS,2000,12000.0,12000.0,24000.0,2000.0
4301800,Barracão - RS,2001,12000.0,12000.0,32400.0,2700.0
4301800,Barracão - RS,2002,13000.0,13000.0,23400.0,1800.0
4301800,Barracão - RS,2003,14000.0,14000.0,43680.0,3120.0
4301800,Barracão - RS,2004,15000.0,15000.0,24300.0,1620.0
4301800,Barracão - RS,2005,16000.0,15700.0,20724.0,1320.0
4301800,Barracão - RS,2006,16500.0,16500.0,37620.0,2280.0
4301800,Barracão - RS,2007,18000.0,18000.0,54000.0,3000.0
4301800,Barracão - RS,2008,18000.0,18000.0,46440.0,2580.0
4301800,Barracão - RS,2009,18500.0,18500.0,44400.0,2400.0
4301800,Barracão - RS,2010,20500.0,20500.0,65190.0,3180.0
4301800,Barracão - RS,2011,22700.0,22700.0,72186.0,3180.0
4301800,Barracão - RS,2012,21300.0,21300.0,58788.0,2760.0
4301800,Barracão - RS,2013,21500.0,21500.0,64500.0,3000.0
4301800,Barracão - RS,2014,22000.0,22000.0,59400.0,2700.0
4301800,Barracão - RS,2015,23500.0,23500.0,77550.0,3300.0
4301800,Barracão - RS,2016,25200.0,25200.0,98280.0,3900.0
4301800,Barracão - RS,2017,25200.0,25200.0,98280.0,3900.0
4301800,Barracão - RS,2018,25900.0,25900.0,96348.0,3720.0
4301800,Barracão - RS,2019,26000.0,26000.0,96720.0,3720.0
4301800,Barracão - RS,2020,25200.0,25200.0,57708.0,2290.0
4301800,Barracão - RS,2021,26000.0,26000.0,74880.0,2880.0
4301800,Barracão - RS,2022,26200.0,26200.0,50304.0,1920.0
4301800,Barracão - RS,2023,26600.0,26600.0,87780.0,3300.0
4301800,Barracão - RS,2024,26000.0,26000.0,98800.0,3800.0
4301800,Barracão - RS,2025,26000.0,26000.0,79846.0,3071.0
4302006,Barros Cassal - RS,2000,800.0,800.0,1440.0,1800.0
4302006,Barros Cassal - RS,2001,850.0,850.0,1938.0,2280.0
4302006,Barros Cassal - RS,2002,1250.0,1250.0,2500.0,2000.0
4302006,Barros Cassal - RS,2003,1350.0,1350.0,3645.0,2700.0
4302006,Barros Cassal - RS,2004,1500.0,1500.0,2700.0,1800.0
4302006,Barros Cassal - RS,2005,2200.0,1870.0,1346.0,719.0
4302006,Barros Cassal - RS,2006,2700.0,2700.0,5994.0,2220.0
4302006,Barros Cassal - RS,2007,2700.0,2700.0,8100.0,3000.0
4302006,Barros Cassal - RS,2008,3000.0,3000.0,6900.0,2300.0
4302006,Barros Cassal - RS,2009,3500.0,3500.0,8750.0,2500.0
4302006,Barros Cassal - RS,2010,3500.0,3500.0,7350.0,2100.0
4302006,Barros Cassal - RS,2011,4500.0,4500.0,12150.0,2700.0
4302006,Barros Cassal - RS,2012,4500.0,4500.0,8100.0,1800.0
4302006,Barros Cassal - RS,2013,5000.0,5000.0,13500.0,2700.0
4302006,Barros Cassal - RS,2014,5000.0,5000.0,13500.0,2700.0
4302006,Barros Cassal - RS,2015,5000.0,5000.0,13500.0,2700.0
4302006,Barros Cassal - RS,2016,8000.0,8000.0,22560.0,2820.0
4302006,Barros Cassal - RS,2017,8300.0,8300.0,29050.0,3500.0
4302006,Barros Cassal - RS,2018,8500.0,8500.0,27030.0,3180.0
4302006,Barros Cassal - RS,2019,8750.0,8750.0,23625.0,2700.0
4302006,Barros Cassal - RS,2020,9000.0,9000.0,14580.0,1620.0
4302006,Barros Cassal - RS,2021,9000.0,9000.0,28800.0,3200.0
4302006,Barros Cassal - RS,2022,12200.0,9000.0,14400.0,1600.0
4302006,Barros Cassal - RS,2023,15000.0,15000.0,20700.0,1380.0
4302006,Barros Cassal - RS,2024,15000.0,10500.0,28350.0,2700.0
4302006,Barros Cassal - RS,2025,15000.0,15000.0,31500.0,2100.0
4301651,Barão - RS,2000,,,,
4301651,Barão - RS,2001,,,,
4301651,Barão - RS,2002,,,,
4301651,Barão - RS,2003,,,,
4301651,Barão - RS,2004,,,,
4301651,Barão - RS,2005,,,,
4301651,Barão - RS,2006,,,,
4301651,Barão - RS,2007,,,,
4301651,Barão - RS,2008,,,,
4301651,Barão - RS,2009,,,,
4301651,Barão - RS,2010,,,,
4301651,Barão - RS,2011,,,,
4301651,Barão - RS,2012,,,,
4301651,Barão - RS,2013,,,,
4301651,Barão - RS,2014,,,,
4301651,Barão - RS,2015,,,,
4301651,Barão - RS,2016,,,,
4301651,Barão - RS,2017,,,,
4301651,Barão - RS,2018,,,,
4301651,Barão - RS,2019,,,,
4301651,Barão - RS,2020,,,,
4301651,Barão - RS,2021,,,,
4301651,Barão - RS,2022,,,,
4301651,Barão - RS,2023,,,,
4301651,Barão - RS,2024,,,,
4301651,Barão - RS,2025,,,,
4301701,Barão de Cotegipe - RS,2000,2250.0,2250.0,4725.0,2100.0
4301701,Barão de Cotegipe - RS,2001,1550.0,1550.0,3720.0,2400.0
4301701,Barão de Cotegipe - RS,2002,1600.0,1500.0,2160.0,1440.0
4301701,Barão de Cotegipe - RS,2003,2100.0,2100.0,5670.0,2700.0
4301701,Barão de Cotegipe - RS,2004,2500.0,2500.0,3000.0,1200.0
4301701,Barão de Cotegipe - RS,2005,4200.0,4200.0,2016.0,480.0
4301701,Barão de Cotegipe - RS,2006,4000.0,4000.0,8640.0,2160.0
4301701,Barão de Cotegipe - RS,2007,4500.0,4500.0,12150.0,2700.0
4301701,Barão de Cotegipe - RS,2008,5000.0,5000.0,12000.0,2400.0
4301701,Barão de Cotegipe - RS,2009,5500.0,5500.0,7260.0,1320.0
4301701,Barão de Cotegipe - RS,2010,6000.0,6000.0,18000.0,3000.0
4301701,Barão de Cotegipe - RS,2011,6000.0,6000.0,18000.0,3000.0
4301701,Barão de Cotegipe - RS,2012,6000.0,6000.0,10800.0,1800.0
4301701,Barão de Cotegipe - RS,2013,6000.0,6000.0,16200.0,2700.0
4301701,Barão de Cotegipe - RS,2014,5700.0,5700.0,17100.0,3000.0
4301701,Barão de Cotegipe - RS,2015,7300.0,7300.0,21900.0,3000.0
4301701,Barão de Cotegipe - RS,2016,10380.0,10380.0,31140.0,3000.0
4301701,Barão de Cotegipe - RS,2017,10000.0,10000.0,36000.0,3600.0
4301701,Barão de Cotegipe - RS,2018,6413.0,6413.0,21163.0,3300.0
4301701,Barão de Cotegipe - RS,2019,6413.0,6413.0,22317.0,3480.0
4301701,Barão de Cotegipe - RS,2020,6413.0,6413.0,13467.0,2100.0
4301701,Barão de Cotegipe - RS,2021,6413.0,6413.0,20778.0,3240.0
4301701,Barão de Cotegipe - RS,2022,6413.0,6413.0,10774.0,1680.0
4301701,Barão de Cotegipe - RS,2023,6500.0,6500.0,22100.0,3400.0
4301701,Barão de Cotegipe - RS,2024,7000.0,7000.0,25200.0,3600.0
4301701,Barão de Cotegipe - RS,2025,7500.0,7500.0,21600.0,2880.0
4301750,Barão do Triunfo - RS,2000,,,,
4301750,Barão do Triunfo - RS,2001,,,,
4301750,Barão do Triunfo - RS,2002,30.0,30.0,60.0,2000.0
4301750,Barão do Triunfo - RS,2003,40.0,40.0,96.0,2400.0
4301750,Barão do Triunfo - RS,2004,40.0,40.0,40.0,1000.0
4301750,Barão do Triunfo - RS,2005,60.0,12.0,4.0,333.0
4301750,Barão do Triunfo - RS,2006,30.0,30.0,72.0,2400.0
4301750,Barão do Triunfo - RS,2007,30.0,30.0,72.0,2400.0
4301750,Barão do Triunfo - RS,2008,40.0,40.0,91.0,2275.0
4301750,Barão do Triunfo - RS,2009,40.0,40.0,72.0,1800.0
4301750,Barão do Triunfo - RS,2010,40.0,40.0,74.0,1850.0
4301750,Barão do Triunfo - RS,2011,70.0,70.0,224.0,3200.0
4301750,Barão do Triunfo - RS,2012,140.0,140.0,420.0,3000.0
4301750,Barão do Triunfo - RS,2013,140.0,140.0,420.0,3000.0
4301750,Barão do Triunfo - RS,2014,180.0,180.0,540.0,3000.0
4301750,Barão do Triunfo - RS,2015,170.0,155.0,465.0,3000.0
4301750,Barão do Triunfo - RS,2016,350.0,350.0,840.0,2400.0
4301750,Barão do Triunfo - RS,2017,500.0,500.0,1600.0,3200.0
4301750,Barão do Triunfo - RS,2018,500.0,500.0,1250.0,2500.0
4301750,Barão do Triunfo - RS,2019,650.0,650.0,1755.0,2700.0
4301750,Barão do Triunfo - RS,2020,800.0,800.0,800.0,1000.0
4301750,Barão do Triunfo - RS,2021,850.0,850.0,2550.0,3000.0
4301750,Barão do Triunfo - RS,2022,1100.0,1100.0,3850.0,3500.0
4301750,Barão do Triunfo - RS,2023,2000.0,2000.0,4800.0,2400.0
4301750,Barão do Triunfo - RS,2024,2000.0,2000.0,2800.0,1400.0
4301750,Barão do Triunfo - RS,2025,2000.0,2000.0,4534.0,2267.0
4302055,Benjamin Constant do Sul - RS,2000,300.0,300.0,414.0,1380.0
4302055,Benjamin Constant do Sul - RS,2001,300.0,300.0,414.0,1380.0
4302055,Benjamin Constant do Sul - RS,2002,300.0,300.0,180.0,600.0
4302055,Benjamin Constant do Sul - RS,2003,320.0,320.0,845.0,2640.0
4302055,Benjamin Constant do Sul - RS,2004,450.0,450.0,540.0,1200.0
4302055,Benjamin Constant do Sul - RS,2005,600.0,600.0,288.0,480.0
4302055,Benjamin Constant do Sul - RS,2006,450.0,450.0,1080.0,2400.0
4302055,Benjamin Constant do Sul - RS,2007,500.0,500.0,1200.0,2400.0
4302055,Benjamin Constant do Sul - RS,2008,450.0,450.0,1170.0,2600.0
4302055,Benjamin Constant do Sul - RS,2009,450.0,450.0,729.0,1620.0
4302055,Benjamin Constant do Sul - RS,2010,450.0,450.0,1215.0,2700.0
4302055,Benjamin Constant do Sul - RS,2011,650.0,650.0,1755.0,2700.0
4302055,Benjamin Constant do Sul - RS,2012,850.0,850.0,510.0,600.0
4302055,Benjamin Constant do Sul - RS,2013,850.0,850.0,2193.0,2580.0
4302055,Benjamin Constant do Sul - RS,2014,850.0,850.0,2550.0,3000.0
4302055,Benjamin Constant do Sul - RS,2015,850.0,850.0,2550.0,3000.0
4302055,Benjamin Constant do Sul - RS,2016,950.0,950.0,3420.0,3600.0
4302055,Benjamin Constant do Sul - RS,2017,1000.0,1000.0,3300.0,3300.0
4302055,Benjamin Constant do Sul - RS,2018,1400.0,1400.0,4620.0,3300.0
4302055,Benjamin Constant do Sul - RS,2019,1500.0,1500.0,5100.0,3400.0
4302055,Benjamin Constant do Sul - RS,2020,1500.0,1500.0,3420.0,2280.0
4302055,Benjamin Constant do Sul - RS,2021,1415.0,1415.0,4670.0,3300.0
4302055,Benjamin Constant do Sul - RS,2022,1450.0,1450.0,2393.0,1650.0
4302055,Benjamin Constant do Sul - RS,2023,1500.0,1500.0,3960.0,2640.0
4302055,Benjamin Constant do Sul - RS,2024,1670.0,1570.0,4804.0,3060.0
4302055,Benjamin Constant do Sul - RS,2025,1850.0,1850.0,4514.0,2440.0
4302105,Bento Gonçalves - RS,2000,,,,
4302105,Bento Gonçalves - RS,2001,,,,
4302105,Bento Gonçalves - RS,2002,,,,
4302105,Bento Gonçalves - RS,2003,,,,
4302105,Bento Gonçalves - RS,2004,,,,
4302105,Bento Gonçalves - RS,2005,,,,
4302105,Bento Gonçalves - RS,2006,,,,
4302105,Bento Gonçalves - RS,2007,,,,
4302105,Bento Gonçalves - RS,2008,,,,
4302105,Bento Gonçalves - RS,2009,,,,
4302105,Bento Gonçalves - RS,2010,,,,
4302105,Bento Gonçalves - RS,2011,,,,
4302105,Bento Gonçalves - RS,2012,,,,
4302105,Bento Gonçalves - RS,2013,,,,
4302105,Bento Gonçalves - RS,2014,,,,
4302105,Bento Gonçalves - RS,2015,,,,
4302105,Bento Gonçalves - RS,2016,,,,
4302105,Bento Gonçalves - RS,2017,,,,
4302105,Bento Gonçalves - RS,2018,,,,
4302105,Bento Gonçalves - RS,2019,,,,
4302105,Bento Gonçalves - RS,2020,,,,
4302105,Bento Gonçalves - RS,2021,,,,
4302105,Bento Gonçalves - RS,2022,,,,
4302105,Bento Gonçalves - RS,2023,,,,
4302105,Bento Gonçalves - RS,2024,,,,
4302105,Bento Gonçalves - RS,2025,,,,
4302154,Boa Vista das Missões - RS,2000,12500.0,12500.0,17500.0,1400.0
4302154,Boa Vista das Missões - RS,2001,12000.0,12000.0,27600.0,2300.0
4302154,Boa Vista das Missões - RS,2002,13000.0,13000.0,20930.0,1610.0
4302154,Boa Vista das Missões - RS,2003,13500.0,13500.0,38205.0,2830.0
4302154,Boa Vista das Missões - RS,2004,14500.0,14500.0,17400.0,1200.0
4302154,Boa Vista das Missões - RS,2005,14500.0,14500.0,7250.0,500.0
4302154,Boa Vista das Missões - RS,2006,14500.0,14500.0,34800.0,2400.0
4302154,Boa Vista das Missões - RS,2007,15000.0,15000.0,49500.0,3300.0
4302154,Boa Vista das Missões - RS,2008,15000.0,15000.0,45000.0,3000.0
4302154,Boa Vista das Missões - RS,2009,15000.0,15000.0,45900.0,3060.0
4302154,Boa Vista das Missões - RS,2010,14500.0,14500.0,49068.0,3384.0
4302154,Boa Vista das Missões - RS,2011,14500.0,14500.0,52200.0,3600.0
4302154,Boa Vista das Missões - RS,2012,14005.0,14005.0,25209.0,1800.0
4302154,Boa Vista das Missões - RS,2013,15000.0,15000.0,49500.0,3300.0
4302154,Boa Vista das Missões - RS,2014,15000.0,15000.0,52500.0,3500.0
4302154,Boa Vista das Missões - RS,2015,15400.0,15400.0,55440.0,3600.0
4302154,Boa Vista das Missões - RS,2016,15000.0,15000.0,45000.0,3000.0
4302154,Boa Vista das Missões - RS,2017,14500.0,14500.0,52200.0,3600.0
4302154,Boa Vista das Missões - RS,2018,14800.0,14800.0,49110.0,3318.0
4302154,Boa Vista das Missões - RS,2019,15200.0,15200.0,55140.0,3628.0
4302154,Boa Vista das Missões - RS,2020,14800.0,14800.0,44880.0,3032.0
4302154,Boa Vista das Missões - RS,2021,14800.0,14800.0,53520.0,3616.0
4302154,Boa Vista das Missões - RS,2022,14800.0,14800.0,18720.0,1265.0
4302154,Boa Vista das Missões - RS,2023,14800.0,14800.0,36000.0,2432.0
4302154,Boa Vista das Missões - RS,2024,14800.0,14800.0,41490.0,2803.0
4302154,Boa Vista das Missões - RS,2025,15100.0,15100.0,35964.0,2382.0
4302204,Boa Vista do Buricá - RS,2000,6500.0,6500.0,8060.0,1240.0
4302204,Boa Vista do Buricá - RS,2001,6500.0,6500.0,11700.0,1800.0
4302204,Boa Vista do Buricá - RS,2002,6000.0,6000.0,9942.0,1657.0
4302204,Boa Vista do Buricá - RS,2003,5000.0,5000.0,10200.0,2040.0
4302204,Boa Vista do Buricá - RS,2004,5700.0,5700.0,2924.0,512.0
4302204,Boa Vista do Buricá - RS,2005,5000.0,2857.0,1200.0,420.0
4302204,Boa Vista do Buricá - RS,2006,4000.0,4000.0,7200.0,1800.0
4302204,Boa Vista do Buricá - RS,2007,3500.0,3500.0,7770.0,2220.0
4302204,Boa Vista do Buricá - RS,2008,3300.0,3300.0,3458.0,1047.0
4302204,Boa Vista do Buricá - RS,2009,2900.0,2900.0,4350.0,1500.0
4302204,Boa Vista do Buricá - RS,2010,2900.0,2900.0,6090.0,2100.0
4302204,Boa Vista do Buricá - RS,2011,2900.0,2900.0,6960.0,2400.0
4302204,Boa Vista do Buricá - RS,2012,3000.0,3000.0,1440.0,480.0
4302204,Boa Vista do Buricá - RS,2013,3000.0,3000.0,8100.0,2700.0
4302204,Boa Vista do Buricá - RS,2014,3000.0,3000.0,6300.0,2100.0
4302204,Boa Vista do Buricá - RS,2015,3000.0,3000.0,7560.0,2520.0
4302204,Boa Vista do Buricá - RS,2016,3200.0,3200.0,9600.0,3000.0
4302204,Boa Vista do Buricá - RS,2017,3000.0,3000.0,9900.0,3300.0
4302204,Boa Vista do Buricá - RS,2018,3200.0,3200.0,9600.0,3000.0
4302204,Boa Vista do Buricá - RS,2019,2350.0,2350.0,6768.0,2880.0
4302204,Boa Vista do Buricá - RS,2020,2350.0,2350.0,4371.0,1860.0
4302204,Boa Vista do Buricá - RS,2021,2650.0,2650.0,7155.0,2700.0
4302204,Boa Vista do Buricá - RS,2022,2350.0,2350.0,1410.0,600.0
4302204,Boa Vista do Buricá - RS,2023,2350.0,2350.0,3525.0,1500.0
4302204,Boa Vista do Buricá - RS,2024,2350.0,2350.0,6345.0,2700.0
4302204,Boa Vista do Buricá - RS,2025,2650.0,2650.0,5565.0,2100.0
4302220,Boa Vista do Cadeado - RS,2000,,,,
4302220,Boa Vista do Cadeado - RS,2001,22780.0,22780.0,58772.0,2579.0
4302220,Boa Vista do Cadeado - RS,2002,25500.0,25500.0,38250.0,1500.0
4302220,Boa Vista do Cadeado - RS,2003,30000.0,30000.0,82800.0,2760.0
4302220,Boa Vista do Cadeado - RS,2004,36700.0,36700.0,72666.0,1980.0
4302220,Boa Vista do Cadeado - RS,2005,37700.0,35700.0,19278.0,540.0
4302220,Boa Vista do Cadeado - RS,2006,36100.0,36100.0,80142.0,2220.0
4302220,Boa Vista do Cadeado - RS,2007,36300.0,36300.0,87120.0,2400.0
4302220,Boa Vista do Cadeado - RS,2008,36400.0,36400.0,85176.0,2340.0
4302220,Boa Vista do Cadeado - RS,2009,36400.0,36290.0,59443.0,1637.0
4302220,Boa Vista do Cadeado - RS,2010,37240.0,37240.0,102782.0,2759.0
4302220,Boa Vista do Cadeado - RS,2011,36940.0,36940.0,110820.0,3000.0
4302220,Boa Vista do Cadeado - RS,2012,36750.0,36750.0,32538.0,885.0
4302220,Boa Vista do Cadeado - RS,2013,36940.0,36940.0,89556.0,2424.0
4302220,Boa Vista do Cadeado - RS,2014,38590.0,38590.0,107013.0,2773.0
4302220,Boa Vista do Cadeado - RS,2015,40150.0,40150.0,112485.0,2802.0
4302220,Boa Vista do Cadeado - RS,2016,40650.0,40650.0,136425.0,3356.0
4302220,Boa Vista do Cadeado - RS,2017,40500.0,40500.0,145750.0,3599.0
4302220,Boa Vista do Cadeado - RS,2018,41220.0,41220.0,148770.0,3609.0
4302220,Boa Vista do Cadeado - RS,2019,40900.0,40900.0,151938.0,3715.0
4302220,Boa Vista do Cadeado - RS,2020,41200.0,41200.0,83576.0,2029.0
4302220,Boa Vista do Cadeado - RS,2021,41200.0,41200.0,149448.0,3627.0
4302220,Boa Vista do Cadeado - RS,2022,40830.0,40830.0,29732.0,728.0
4302220,Boa Vista do Cadeado - RS,2023,40830.0,40830.0,77715.0,1903.0
4302220,Boa Vista do Cadeado - RS,2024,41200.0,40700.0,146520.0,3600.0
4302220,Boa Vista do Cadeado - RS,2025,52500.0,52500.0,94428.0,1799.0
4302238,Boa Vista do Incra - RS,2000,,,,
4302238,Boa Vista do Incra - RS,2001,23300.0,23300.0,58716.0,2520.0
4302238,Boa Vista do Incra - RS,2002,29000.0,29000.0,60900.0,2100.0
4302238,Boa Vista do Incra - RS,2003,29050.0,29050.0,81921.0,2820.0
4302238,Boa Vista do Incra - RS,2004,29300.0,29300.0,38676.0,1320.0
4302238,Boa Vista do Incra - RS,2005,29300.0,29000.0,20880.0,720.0
4302238,Boa Vista do Incra - RS,2006,27000.0,27000.0,59400.0,2200.0
4302238,Boa Vista do Incra - RS,2007,27500.0,27500.0,57750.0,2100.0
4302238,Boa Vista do Incra - RS,2008,25500.0,25500.0,51000.0,2000.0
4302238,Boa Vista do Incra - RS,2009,25500.0,25500.0,52020.0,2040.0
4302238,Boa Vista do Incra - RS,2010,28000.0,28000.0,63840.0,2280.0
4302238,Boa Vista do Incra - RS,2011,28000.0,28000.0,75600.0,2700.0
4302238,Boa Vista do Incra - RS,2012,27500.0,27500.0,42900.0,1560.0
4302238,Boa Vista do Incra - RS,2013,27100.0,27100.0,81576.0,3010.0
4302238,Boa Vista do Incra - RS,2014,27100.0,27100.0,69540.0,2566.0
4302238,Boa Vista do Incra - RS,2015,27100.0,27100.0,86892.0,3206.0
4302238,Boa Vista do Incra - RS,2016,27100.0,27100.0,89784.0,3313.0
4302238,Boa Vista do Incra - RS,2017,27100.0,27100.0,98760.0,3644.0
4302238,Boa Vista do Incra - RS,2018,28400.0,28400.0,103350.0,3639.0
4302238,Boa Vista do Incra - RS,2019,29400.0,29400.0,100782.0,3428.0
4302238,Boa Vista do Incra - RS,2020,32700.0,32700.0,37830.0,1157.0
4302238,Boa Vista do Incra - RS,2021,32700.0,32700.0,127530.0,3900.0
4302238,Boa Vista do Incra - RS,2022,32700.0,32700.0,41580.0,1272.0
4302238,Boa Vista do Incra - RS,2023,32700.0,32700.0,64390.0,1969.0
4302238,Boa Vista do Incra - RS,2024,31200.0,31200.0,112320.0,3600.0
4302238,Boa Vista do Incra - RS,2025,33600.0,33600.0,83370.0,2481.0
4302253,Boa Vista do Sul - RS,2000,,,,
4302253,Boa Vista do Sul - RS,2001,,,,
4302253,Boa Vista do Sul - RS,2002,,,,
4302253,Boa Vista do Sul - RS,2003,,,,
4302253,Boa Vista do Sul - RS,2004,,,,
4302253,Boa Vista do Sul - RS,2005,,,,
4302253,Boa Vista do Sul - RS,2006,,,,
4302253,Boa Vista do Sul - RS,2007,,,,
4302253,Boa Vista do Sul - RS,2008,,,,
4302253,Boa Vista do Sul - RS,2009,,,,
4302253,Boa Vista do Sul - RS,2010,,,,
4302253,Boa Vista do Sul - RS,2011,,,,
4302253,Boa Vista do Sul - RS,2012,,,,
4302253,Boa Vista do Sul - RS,2013,,,,
4302253,Boa Vista do Sul - RS,2014,,,,
4302253,Boa Vista do Sul - RS,2015,,,,
4302253,Boa Vista do Sul - RS,2016,,,,
4302253,Boa Vista do Sul - RS,2017,,,,
4302253,Boa Vista do Sul - RS,2018,,,,
4302253,Boa Vista do Sul - RS,2019,,,,
4302253,Boa Vista do Sul - RS,2020,,,,
4302253,Boa Vista do Sul - RS,2021,,,,
4302253,Boa Vista do Sul - RS,2022,,,,
4302253,Boa Vista do Sul - RS,2023,,,,
4302253,Boa Vista do Sul - RS,2024,,,,
4302253,Boa Vista do Sul - RS,2025,,,,
4302303,Bom Jesus - RS,2000,1500.0,1500.0,2568.0,1712.0
4302303,Bom Jesus - RS,2001,1500.0,1500.0,2400.0,1600.0
4302303,Bom Jesus - RS,2002,1500.0,1500.0,2400.0,1600.0
4302303,Bom Jesus - RS,2003,2000.0,2000.0,5400.0,2700.0
4302303,Bom Jesus - RS,2004,2500.0,2500.0,3375.0,1350.0
4302303,Bom Jesus - RS,2005,2000.0,2000.0,2016.0,1008.0
4302303,Bom Jesus - RS,2006,3000.0,3000.0,3024.0,1008.0
4302303,Bom Jesus - RS,2007,4000.0,4000.0,7200.0,1800.0
4302303,Bom Jesus - RS,2008,4000.0,4000.0,7200.0,1800.0
4302303,Bom Jesus - RS,2009,9000.0,9000.0,25200.0,2800.0
4302303,Bom Jesus - RS,2010,11000.0,11000.0,30800.0,2800.0
4302303,Bom Jesus - RS,2011,9000.0,9000.0,20700.0,2300.0
4302303,Bom Jesus - RS,2012,9000.0,9000.0,14940.0,1660.0
4302303,Bom Jesus - RS,2013,9000.0,9000.0,25200.0,2800.0
4302303,Bom Jesus - RS,2014,9000.0,9000.0,25200.0,2800.0
4302303,Bom Jesus - RS,2015,9000.0,9000.0,28000.0,3111.0
4302303,Bom Jesus - RS,2016,9000.0,9000.0,30240.0,3360.0
4302303,Bom Jesus - RS,2017,8400.0,8400.0,27720.0,3300.0
4302303,Bom Jesus - RS,2018,9000.0,9000.0,27900.0,3100.0
4302303,Bom Jesus - RS,2019,10000.0,10000.0,35000.0,3500.0
4302303,Bom Jesus - RS,2020,9000.0,9000.0,21600.0,2400.0
4302303,Bom Jesus - RS,2021,9000.0,9000.0,37800.0,4200.0
4302303,Bom Jesus - RS,2022,9000.0,9000.0,25200.0,2800.0
4302303,Bom Jesus - RS,2023,11000.0,11000.0,33660.0,3060.0
4302303,Bom Jesus - RS,2024,15000.0,15000.0,35550.0,2370.0
4302303,Bom Jesus - RS,2025,13000.0,13000.0,48100.0,3700.0
4302352,Bom Princípio - RS,2000,15.0,15.0,17.0,1133.0
4302352,Bom Princípio - RS,2001,15.0,15.0,17.0,1133.0
4302352,Bom Princípio - RS,2002,15.0,15.0,17.0,1133.0
4302352,Bom Princípio - RS,2003,15.0,15.0,17.0,1133.0
4302352,Bom Princípio - RS,2004,15.0,15.0,17.0,1133.0
4302352,Bom Princípio - RS,2005,15.0,15.0,12.0,800.0
4302352,Bom Princípio - RS,2006,15.0,15.0,17.0,1133.0
4302352,Bom Princípio - RS,2007,,,,
4302352,Bom Princípio - RS,2008,,,,
4302352,Bom Princípio - RS,2009,,,,
4302352,Bom Princípio - RS,2010,,,,
4302352,Bom Princípio - RS,2011,,,,
4302352,Bom Princípio - RS,2012,,,,
4302352,Bom Princípio - RS,2013,,,,
4302352,Bom Princípio - RS,2014,,,,
4302352,Bom Princípio - RS,2015,,,,
4302352,Bom Princípio - RS,2016,,,,
4302352,Bom Princípio - RS,2017,,,,
4302352,Bom Princípio - RS,2018,,,,
4302352,Bom Princípio - RS,2019,,,,
4302352,Bom Princípio - RS,2020,,,,
4302352,Bom Princípio - RS,2021,,,,
4302352,Bom Princípio - RS,2022,15.0,15.0,50.0,3333.0
4302352,Bom Princípio - RS,2023,20.0,20.0,66.0,3300.0
4302352,Bom Princípio - RS,2024,,,,
4302352,Bom Princípio - RS,2025,,,,
4302378,Bom Progresso - RS,2000,4700.0,4700.0,7896.0,1680.0
4302378,Bom Progresso - RS,2001,4600.0,4600.0,9660.0,2100.0
4302378,Bom Progresso - RS,2002,4500.0,4500.0,5198.0,1155.0
4302378,Bom Progresso - RS,2003,4500.0,4500.0,10800.0,2400.0
4302378,Bom Progresso - RS,2004,4700.0,4700.0,5414.0,1151.0
4302378,Bom Progresso - RS,2005,4700.0,4700.0,2538.0,540.0
4302378,Bom Progresso - RS,2006,3900.0,3900.0,7800.0,2000.0
4302378,Bom Progresso - RS,2007,4000.0,4000.0,11520.0,2880.0
4302378,Bom Progresso - RS,2008,3800.0,3800.0,7600.0,2000.0
4302378,Bom Progresso - RS,2009,3800.0,3800.0,6840.0,1800.0
4302378,Bom Progresso - RS,2010,4000.0,4000.0,9600.0,2400.0
4302378,Bom Progresso - RS,2011,4000.0,4000.0,11520.0,2880.0
4302378,Bom Progresso - RS,2012,4000.0,4000.0,7020.0,1755.0
4302378,Bom Progresso - RS,2013,3700.0,3700.0,10656.0,2880.0
4302378,Bom Progresso - RS,2014,3700.0,3700.0,11100.0,3000.0
4302378,Bom Progresso - RS,2015,3700.0,3700.0,12210.0,3300.0
4302378,Bom Progresso - RS,2016,4200.0,4200.0,14616.0,3480.0
4302378,Bom Progresso - RS,2017,4200.0,4200.0,12600.0,3000.0
4302378,Bom Progresso - RS,2018,4400.0,4400.0,15840.0,3600.0
4302378,Bom Progresso - RS,2019,4400.0,4400.0,14520.0,3300.0
4302378,Bom Progresso - RS,2020,4400.0,4400.0,13200.0,3000.0
4302378,Bom Progresso - RS,2021,4400.0,4400.0,13200.0,3000.0
4302378,Bom Progresso - RS,2022,4400.0,4400.0,5280.0,1200.0
4302378,Bom Progresso - RS,2023,4400.0,4400.0,11880.0,2700.0
4302378,Bom Progresso - RS,2024,4400.0,4400.0,14520.0,3300.0
4302378,Bom Progresso - RS,2025,4500.0,4500.0,12150.0,2700.0
4302402,Bom Retiro do Sul - RS,2000,,,,
4302402,Bom Retiro do Sul - RS,2001,,,,
4302402,Bom Retiro do Sul - RS,2002,,,,
4302402,Bom Retiro do Sul - RS,2003,40.0,40.0,108.0,2700.0
4302402,Bom Retiro do Sul - RS,2004,60.0,0.0,0.0,
4302402,Bom Retiro do Sul - RS,2005,40.0,,,
4302402,Bom Retiro do Sul - RS,2006,5.0,5.0,12.0,2400.0
4302402,Bom Retiro do Sul - RS,2007,10.0,10.0,24.0,2400.0
4302402,Bom Retiro do Sul - RS,2008,42.0,42.0,88.0,2095.0
4302402,Bom Retiro do Sul - RS,2009,100.0,100.0,180.0,1800.0
4302402,Bom Retiro do Sul - RS,2010,80.0,80.0,176.0,2200.0
4302402,Bom Retiro do Sul - RS,2011,44.0,44.0,81.0,1841.0
4302402,Bom Retiro do Sul - RS,2012,32.0,32.0,60.0,1875.0
4302402,Bom Retiro do Sul - RS,2013,68.0,68.0,193.0,2838.0
4302402,Bom Retiro do Sul - RS,2014,120.0,120.0,324.0,2700.0
4302402,Bom Retiro do Sul - RS,2015,90.0,90.0,243.0,2700.0
4302402,Bom Retiro do Sul - RS,2016,120.0,120.0,288.0,2400.0
4302402,Bom Retiro do Sul - RS,2017,150.0,150.0,360.0,2400.0
4302402,Bom Retiro do Sul - RS,2018,250.0,250.0,688.0,2752.0
4302402,Bom Retiro do Sul - RS,2019,250.0,250.0,650.0,2600.0
4302402,Bom Retiro do Sul - RS,2020,400.0,400.0,1080.0,2700.0
4302402,Bom Retiro do Sul - RS,2021,420.0,420.0,1092.0,2600.0
4302402,Bom Retiro do Sul - RS,2022,430.0,430.0,323.0,751.0
4302402,Bom Retiro do Sul - RS,2023,500.0,500.0,600.0,1200.0
4302402,Bom Retiro do Sul - RS,2024,500.0,500.0,538.0,1076.0
4302402,Bom Retiro do Sul - RS,2025,500.0,500.0,800.0,1600.0
4302451,Boqueirão do Leão - RS,2000,,,,
4302451,Boqueirão do Leão - RS,2001,,,,
4302451,Boqueirão do Leão - RS,2002,,,,
4302451,Boqueirão do Leão - RS,2003,,,,
4302451,Boqueirão do Leão - RS,2004,1.0,1.0,3.0,3000.0
4302451,Boqueirão do Leão - RS,2005,27.0,,,
4302451,Boqueirão do Leão - RS,2006,120.0,120.0,108.0,900.0
4302451,Boqueirão do Leão - RS,2007,,,,
4302451,Boqueirão do Leão - RS,2008,60.0,60.0,90.0,1500.0
4302451,Boqueirão do Leão - RS,2009,60.0,60.0,90.0,1500.0
4302451,Boqueirão do Leão - RS,2010,60.0,60.0,90.0,1500.0
4302451,Boqueirão do Leão - RS,2011,10.0,10.0,24.0,2400.0
4302451,Boqueirão do Leão - RS,2012,10.0,10.0,12.0,1200.0
4302451,Boqueirão do Leão - RS,2013,10.0,10.0,27.0,2700.0
4302451,Boqueirão do Leão - RS,2014,80.0,80.0,216.0,2700.0
4302451,Boqueirão do Leão - RS,2015,150.0,150.0,450.0,3000.0
4302451,Boqueirão do Leão - RS,2016,160.0,160.0,384.0,2400.0
4302451,Boqueirão do Leão - RS,2017,480.0,480.0,1440.0,3000.0
4302451,Boqueirão do Leão - RS,2018,580.0,580.0,1740.0,3000.0
4302451,Boqueirão do Leão - RS,2019,600.0,600.0,1800.0,3000.0
4302451,Boqueirão do Leão - RS,2020,700.0,700.0,630.0,900.0
4302451,Boqueirão do Leão - RS,2021,1100.0,1100.0,3630.0,3300.0
4302451,Boqueirão do Leão - RS,2022,1800.0,1500.0,3000.0,2000.0
4302451,Boqueirão do Leão - RS,2023,2800.0,2800.0,5880.0,2100.0
4302451,Boqueirão do Leão - RS,2024,2800.0,2380.0,7140.0,3000.0
4302451,Boqueirão do Leão - RS,2025,2500.0,2500.0,6000.0,2400.0
4302501,Bossoroca - RS,2000,28000.0,28000.0,18200.0,650.0
4302501,Bossoroca - RS,2001,28000.0,28000.0,57120.0,2040.0
4302501,Bossoroca - RS,2002,29400.0,28400.0,30672.0,1080.0
4302501,Bossoroca - RS,2003,30000.0,30000.0,72000.0,2400.0
4302501,Bossoroca - RS,2004,35000.0,34000.0,15300.0,450.0
4302501,Bossoroca - RS,2005,35000.0,34000.0,12240.0,360.0
4302501,Bossoroca - RS,2006,35000.0,35000.0,25200.0,720.0
4302501,Bossoroca - RS,2007,35000.0,35000.0,73500.0,2100.0
4302501,Bossoroca - RS,2008,35000.0,35000.0,52500.0,1500.0
4302501,Bossoroca - RS,2009,35000.0,35000.0,37800.0,1080.0
4302501,Bossoroca - RS,2010,33000.0,33000.0,81180.0,2460.0
4302501,Bossoroca - RS,2011,37000.0,37000.0,75480.0,2040.0
4302501,Bossoroca - RS,2012,40000.0,40000.0,25908.0,648.0
4302501,Bossoroca - RS,2013,40370.0,40370.0,77688.0,1924.0
4302501,Bossoroca - RS,2014,43000.0,43000.0,90450.0,2103.0
4302501,Bossoroca - RS,2015,45000.0,45000.0,102768.0,2284.0
4302501,Bossoroca - RS,2016,45000.0,45000.0,121356.0,2697.0
4302501,Bossoroca - RS,2017,46000.0,46000.0,145200.0,3157.0
4302501,Bossoroca - RS,2018,45000.0,45000.0,137340.0,3052.0
4302501,Bossoroca - RS,2019,45800.0,45800.0,136920.0,2990.0
4302501,Bossoroca - RS,2020,50000.0,50000.0,64933.0,1299.0
4302501,Bossoroca - RS,2021,50000.0,50000.0,126432.0,2529.0
4302501,Bossoroca - RS,2022,50000.0,45000.0,23974.0,533.0
4302501,Bossoroca - RS,2023,52000.0,52000.0,24951.0,480.0
4302501,Bossoroca - RS,2024,55000.0,55000.0,184800.0,3360.0
4302501,Bossoroca - RS,2025,55000.0,55000.0,49956.0,908.0
4302584,Bozano - RS,2000,,,,
4302584,Bozano - RS,2001,10200.0,10200.0,24480.0,2400.0
4302584,Bozano - RS,2002,11350.0,11350.0,17025.0,1500.0
4302584,Bozano - RS,2003,12000.0,12000.0,33600.0,2800.0
4302584,Bozano - RS,2004,12500.0,12500.0,16250.0,1300.0
4302584,Bozano - RS,2005,12500.0,11000.0,4620.0,420.0
4302584,Bozano - RS,2006,12000.0,12000.0,24000.0,2000.0
4302584,Bozano - RS,2007,12000.0,12000.0,30000.0,2500.0
4302584,Bozano - RS,2008,11500.0,11500.0,20010.0,1740.0
4302584,Bozano - RS,2009,11500.0,11500.0,25300.0,2200.0
4302584,Bozano - RS,2010,12000.0,12000.0,32400.0,2700.0
4302584,Bozano - RS,2011,12000.0,12000.0,35400.0,2950.0
4302584,Bozano - RS,2012,12000.0,11000.0,7920.0,720.0
4302584,Bozano - RS,2013,12000.0,12000.0,33840.0,2820.0
4302584,Bozano - RS,2014,12000.0,12000.0,25200.0,2100.0
4302584,Bozano - RS,2015,12000.0,12000.0,36000.0,3000.0
4302584,Bozano - RS,2016,12000.0,12000.0,36000.0,3000.0
4302584,Bozano - RS,2017,12110.0,12110.0,43499.0,3592.0
4302584,Bozano - RS,2018,13000.0,13000.0,46800.0,3600.0
4302584,Bozano - RS,2019,13740.0,13740.0,48306.0,3516.0
4302584,Bozano - RS,2020,13660.0,13660.0,25718.0,1883.0
4302584,Bozano - RS,2021,13690.0,13690.0,53372.0,3899.0
4302584,Bozano - RS,2022,13810.0,13810.0,7410.0,537.0
4302584,Bozano - RS,2023,13820.0,13820.0,22716.0,1644.0
4302584,Bozano - RS,2024,13880.0,13880.0,50046.0,3606.0
4302584,Bozano - RS,2025,14055.0,14055.0,21684.0,1543.0
4302600,Braga - RS,2000,7800.0,7800.0,12636.0,1620.0
4302600,Braga - RS,2001,7000.0,7000.0,13300.0,1900.0
4302600,Braga - RS,2002,7000.0,7000.0,5880.0,840.0
4302600,Braga - RS,2003,6500.0,6500.0,11700.0,1800.0
4302600,Braga - RS,2004,7000.0,7000.0,6650.0,950.0
4302600,Braga - RS,2005,8000.0,8000.0,3360.0,420.0
4302600,Braga - RS,2006,7500.0,7500.0,12150.0,1620.0
4302600,Braga - RS,2007,7200.0,7200.0,17280.0,2400.0
4302600,Braga - RS,2008,7000.0,7000.0,12600.0,1800.0
4302600,Braga - RS,2009,7000.0,7000.0,16800.0,2400.0
4302600,Braga - RS,2010,7500.0,7500.0,17100.0,2280.0
4302600,Braga - RS,2011,7000.0,7000.0,18900.0,2700.0
4302600,Braga - RS,2012,7000.0,7000.0,10500.0,1500.0
4302600,Braga - RS,2013,7200.0,7200.0,19440.0,2700.0
4302600,Braga - RS,2014,7200.0,7200.0,19440.0,2700.0
4302600,Braga - RS,2015,7200.0,7200.0,21600.0,3000.0
4302600,Braga - RS,2016,7830.0,7830.0,23490.0,3000.0
4302600,Braga - RS,2017,7600.0,7600.0,22800.0,3000.0
4302600,Braga - RS,2018,7820.0,7820.0,25806.0,3300.0
4302600,Braga - RS,2019,7820.0,7820.0,25806.0,3300.0
4302600,Braga - RS,2020,7820.0,7820.0,21114.0,2700.0
4302600,Braga - RS,2021,7800.0,7800.0,28080.0,3600.0
4302600,Braga - RS,2022,8000.0,8000.0,6400.0,800.0
4302600,Braga - RS,2023,8000.0,8000.0,20160.0,2520.0
4302600,Braga - RS,2024,8000.0,8000.0,28800.0,3600.0
4302600,Braga - RS,2025,8000.0,8000.0,14880.0,1860.0
4302659,Brochier - RS,2000,40.0,40.0,54.0,1350.0
4302659,Brochier - RS,2001,2.0,2.0,3.0,1500.0
4302659,Brochier - RS,2002,2.0,2.0,3.0,1500.0
4302659,Brochier - RS,2003,2.0,2.0,3.0,1500.0
4302659,Brochier - RS,2004,2.0,2.0,3.0,1500.0
4302659,Brochier - RS,2005,2.0,2.0,1.0,500.0
4302659,Brochier - RS,2006,2.0,2.0,3.0,1500.0
4302659,Brochier - RS,2007,2.0,2.0,3.0,1500.0
4302659,Brochier - RS,2008,2.0,2.0,3.0,1500.0
4302659,Brochier - RS,2009,2.0,2.0,3.0,1500.0
4302659,Brochier - RS,2010,2.0,2.0,3.0,1500.0
4302659,Brochier - RS,2011,2.0,2.0,3.0,1500.0
4302659,Brochier - RS,2012,2.0,2.0,3.0,1500.0
4302659,Brochier - RS,2013,2.0,2.0,3.0,1500.0
4302659,Brochier - RS,2014,2.0,2.0,3.0,1500.0
4302659,Brochier - RS,2015,2.0,2.0,3.0,1500.0
4302659,Brochier - RS,2016,2.0,2.0,3.0,1500.0
4302659,Brochier - RS,2017,,,,
4302659,Brochier - RS,2018,,,,
4302659,Brochier - RS,2019,,,,
4302659,Brochier - RS,2020,,,,
4302659,Brochier - RS,2021,,,,
4302659,Brochier - RS,2022,,,,
4302659,Brochier - RS,2023,,,,
4302659,Brochier - RS,2024,,,,
4302659,Brochier - RS,2025,,,,
4302709,Butiá - RS,2000,,,,
4302709,Butiá - RS,2001,,,,
4302709,Butiá - RS,2002,,,,
4302709,Butiá - RS,2003,200.0,200.0,420.0,2100.0
4302709,Butiá - RS,2004,2500.0,2500.0,3000.0,1200.0
4302709,Butiá - RS,2005,3721.0,3400.0,2448.0,720.0
4302709,Butiá - RS,2006,3500.0,3500.0,5250.0,1500.0
4302709,Butiá - RS,2007,3500.0,3500.0,8400.0,2400.0
4302709,Butiá - RS,2008,3500.0,3500.0,8400.0,2400.0
4302709,Butiá - RS,2009,3500.0,3500.0,8400.0,2400.0
4302709,Butiá - RS,2010,3500.0,3500.0,8400.0,2400.0
4302709,Butiá - RS,2011,3500.0,3500.0,9450.0,2700.0
4302709,Butiá - RS,2012,3400.0,3400.0,4896.0,1440.0
4302709,Butiá - RS,2013,4500.0,4500.0,12420.0,2760.0
4302709,Butiá - RS,2014,4700.0,4700.0,14100.0,3000.0
4302709,Butiá - RS,2015,5000.0,5000.0,12000.0,2400.0
4302709,Butiá - RS,2016,8600.0,8600.0,25800.0,3000.0
4302709,Butiá - RS,2017,8600.0,8600.0,24725.0,2875.0
4302709,Butiá - RS,2018,9000.0,9000.0,16200.0,1800.0
4302709,Butiá - RS,2019,10000.0,10000.0,30000.0,3000.0
4302709,Butiá - RS,2020,11000.0,11000.0,9900.0,900.0
4302709,Butiá - RS,2021,11000.0,11000.0,38500.0,3500.0
4302709,Butiá - RS,2022,11000.0,11000.0,33000.0,3000.0
4302709,Butiá - RS,2023,12000.0,12000.0,31500.0,2625.0
4302709,Butiá - RS,2024,13500.0,13500.0,38813.0,2875.0
4302709,Butiá - RS,2025,13500.0,13500.0,25448.0,1885.0
4302907,Cacequi - RS,2000,1000.0,1000.0,1500.0,1500.0
4302907,Cacequi - RS,2001,1500.0,1500.0,1950.0,1300.0
4302907,Cacequi - RS,2002,3000.0,3000.0,3600.0,1200.0
4302907,Cacequi - RS,2003,7500.0,7500.0,15750.0,2100.0
4302907,Cacequi - RS,2004,12500.0,12500.0,14250.0,1140.0
4302907,Cacequi - RS,2005,17500.0,14000.0,12600.0,900.0
4302907,Cacequi - RS,2006,17000.0,15300.0,15300.0,1000.0
4302907,Cacequi - RS,2007,15000.0,15000.0,33120.0,2208.0
4302907,Cacequi - RS,2008,12000.0,12000.0,10800.0,900.0
4302907,Cacequi - RS,2009,12000.0,12000.0,12960.0,1080.0
4302907,Cacequi - RS,2010,10000.0,10000.0,19000.0,1900.0
4302907,Cacequi - RS,2011,10000.0,10000.0,19200.0,1920.0
4302907,Cacequi - RS,2012,14000.0,14000.0,20720.0,1480.0
4302907,Cacequi - RS,2013,18000.0,18000.0,38880.0,2160.0
4302907,Cacequi - RS,2014,20000.0,20000.0,44160.0,2208.0
4302907,Cacequi - RS,2015,20000.0,20000.0,53000.0,2650.0
4302907,Cacequi - RS,2016,17500.0,17500.0,40950.0,2340.0
4302907,Cacequi - RS,2017,19000.0,19000.0,49400.0,2600.0
4302907,Cacequi - RS,2018,23600.0,23600.0,59472.0,2520.0
4302907,Cacequi - RS,2019,31000.0,28400.0,64752.0,2280.0
4302907,Cacequi - RS,2020,33600.0,33600.0,48216.0,1435.0
4302907,Cacequi - RS,2021,38000.0,38000.0,109440.0,2880.0
4302907,Cacequi - RS,2022,39700.0,39000.0,36855.0,945.0
4302907,Cacequi - RS,2023,41000.0,41000.0,69456.0,1694.0
4302907,Cacequi - RS,2024,41000.0,39250.0,64179.0,1635.0
4302907,Cacequi - RS,2025,42300.0,42300.0,39474.0,933.0
4303004,Cachoeira do Sul - RS,2000,18500.0,18500.0,37000.0,2000.0
4303004,Cachoeira do Sul - RS,2001,20000.0,19830.0,41643.0,2100.0
4303004,Cachoeira do Sul - RS,2002,27000.0,27000.0,56700.0,2100.0
4303004,Cachoeira do Sul - RS,2003,37500.0,37500.0,90000.0,2400.0
4303004,Cachoeira do Sul - RS,2004,47000.0,47000.0,62040.0,1320.0
4303004,Cachoeira do Sul - RS,2005,50000.0,47000.0,39950.0,850.0
4303004,Cachoeira do Sul - RS,2006,48000.0,48000.0,81600.0,1700.0
4303004,Cachoeira do Sul - RS,2007,48000.0,48000.0,115200.0,2400.0
4303004,Cachoeira do Sul - RS,2008,48000.0,48000.0,100800.0,2100.0
4303004,Cachoeira do Sul - RS,2009,52000.0,52000.0,112320.0,2160.0
4303004,Cachoeira do Sul - RS,2010,50000.0,50000.0,126000.0,2520.0
4303004,Cachoeira do Sul - RS,2011,55000.0,55000.0,158400.0,2880.0
4303004,Cachoeira do Sul - RS,2012,95520.0,94520.0,123152.0,1303.0
4303004,Cachoeira do Sul - RS,2013,127000.0,127000.0,289692.0,2281.0
4303004,Cachoeira do Sul - RS,2014,130500.0,130500.0,352350.0,2700.0
4303004,Cachoeira do Sul - RS,2015,138000.0,138000.0,350100.0,2537.0
4303004,Cachoeira do Sul - RS,2016,140000.0,140000.0,437340.0,3124.0
4303004,Cachoeira do Sul - RS,2017,142700.0,141850.0,458137.0,3230.0
4303004,Cachoeira do Sul - RS,2018,142400.0,142400.0,329232.0,2312.0
4303004,Cachoeira do Sul - RS,2019,103000.0,103000.0,306240.0,2973.0
4303004,Cachoeira do Sul - RS,2020,105500.0,105500.0,139309.0,1320.0
4303004,Cachoeira do Sul - RS,2021,105800.0,105800.0,341998.0,3232.0
4303004,Cachoeira do Sul - RS,2022,107920.0,107920.0,171377.0,1588.0
4303004,Cachoeira do Sul - RS,2023,107072.0,107072.0,140131.0,1309.0
4303004,Cachoeira do Sul - RS,2024,104822.0,104822.0,222013.0,2118.0
4303004,Cachoeira do Sul - RS,2025,104822.0,104822.0,223131.0,2129.0
4303103,Cachoeirinha - RS,2000,,,,
4303103,Cachoeirinha - RS,2001,,,,
4303103,Cachoeirinha - RS,2002,,,,
4303103,Cachoeirinha - RS,2003,,,,
4303103,Cachoeirinha - RS,2004,,,,
4303103,Cachoeirinha - RS,2005,,,,
4303103,Cachoeirinha - RS,2006,,,,
4303103,Cachoeirinha - RS,2007,,,,
4303103,Cachoeirinha - RS,2008,,,,
4303103,Cachoeirinha - RS,2009,,,,
4303103,Cachoeirinha - RS,2010,,,,
4303103,Cachoeirinha - RS,2011,,,,
4303103,Cachoeirinha - RS,2012,,,,
4303103,Cachoeirinha - RS,2013,,,,
4303103,Cachoeirinha - RS,2014,,,,
4303103,Cachoeirinha - RS,2015,,,,
4303103,Cachoeirinha - RS,2016,,,,
4303103,Cachoeirinha - RS,2017,,,,
4303103,Cachoeirinha - RS,2018,,,,
4303103,Cachoeirinha - RS,2019,,,,
4303103,Cachoeirinha - RS,2020,,,,
4303103,Cachoeirinha - RS,2021,,,,
4303103,Cachoeirinha - RS,2022,,,,
4303103,Cachoeirinha - RS,2023,,,,
4303103,Cachoeirinha - RS,2024,,,,
4303103,Cachoeirinha - RS,2025,,,,
4303202,Cacique Doble - RS,2000,6000.0,6000.0,13680.0,2280.0
4303202,Cacique Doble - RS,2001,5300.0,5300.0,14310.0,2700.0
4303202,Cacique Doble - RS,2002,6600.0,6600.0,11088.0,1680.0
4303202,Cacique Doble - RS,2003,5500.0,5500.0,16500.0,3000.0
4303202,Cacique Doble - RS,2004,6000.0,6000.0,9720.0,1620.0
4303202,Cacique Doble - RS,2005,6000.0,5000.0,3375.0,675.0
4303202,Cacique Doble - RS,2006,5800.0,5800.0,15660.0,2700.0
4303202,Cacique Doble - RS,2007,6250.0,6250.0,18750.0,3000.0
4303202,Cacique Doble - RS,2008,6000.0,6000.0,14400.0,2400.0
4303202,Cacique Doble - RS,2009,6500.0,6500.0,17550.0,2700.0
4303202,Cacique Doble - RS,2010,7600.0,7600.0,25080.0,3300.0
4303202,Cacique Doble - RS,2011,7820.0,7820.0,25806.0,3300.0
4303202,Cacique Doble - RS,2012,7500.0,7500.0,24750.0,3300.0
4303202,Cacique Doble - RS,2013,8000.0,8000.0,23200.0,2900.0
4303202,Cacique Doble - RS,2014,8200.0,8200.0,28044.0,3420.0
4303202,Cacique Doble - RS,2015,8700.0,8700.0,29754.0,3420.0
4303202,Cacique Doble - RS,2016,9200.0,9200.0,34224.0,3720.0
4303202,Cacique Doble - RS,2017,9200.0,9200.0,34776.0,3780.0
4303202,Cacique Doble - RS,2018,9200.0,9200.0,34224.0,3720.0
4303202,Cacique Doble - RS,2019,9200.0,9200.0,35926.0,3905.0
4303202,Cacique Doble - RS,2020,9200.0,9200.0,20240.0,2200.0
4303202,Cacique Doble - RS,2021,9150.0,9150.0,28566.0,3122.0
4303202,Cacique Doble - RS,2022,9150.0,9150.0,13194.0,1442.0
4303202,Cacique Doble - RS,2023,9150.0,9150.0,32940.0,3600.0
4303202,Cacique Doble - RS,2024,9300.0,9295.0,36195.0,3894.0
4303202,Cacique Doble - RS,2025,9500.0,9500.0,30039.0,3162.0
4303301,Caibaté - RS,2000,18000.0,18000.0,17280.0,960.0
4303301,Caibaté - RS,2001,12200.0,12200.0,24156.0,1980.0
4303301,Caibaté - RS,2002,12800.0,12800.0,13824.0,1080.0
4303301,Caibaté - RS,2003,13100.0,13100.0,31440.0,2400.0
4303301,Caibaté - RS,2004,13500.0,13500.0,8100.0,600.0
4303301,Caibaté - RS,2005,13800.0,13800.0,3312.0,240.0
4303301,Caibaté - RS,2006,12000.0,12000.0,15120.0,1260.0
4303301,Caibaté - RS,2007,11500.0,11500.0,25300.0,2200.0
4303301,Caibaté - RS,2008,11000.0,11000.0,19140.0,1740.0
4303301,Caibaté - RS,2009,10500.0,10500.0,13230.0,1260.0
4303301,Caibaté - RS,2010,11000.0,11000.0,29700.0,2700.0
4303301,Caibaté - RS,2011,11500.0,11500.0,31750.0,2761.0
4303301,Caibaté - RS,2012,11500.0,11500.0,4830.0,420.0
4303301,Caibaté - RS,2013,12500.0,12500.0,32250.0,2580.0
4303301,Caibaté - RS,2014,13080.0,13080.0,33738.0,2579.0
4303301,Caibaté - RS,2015,13170.0,13170.0,36876.0,2800.0
4303301,Caibaté - RS,2016,13850.0,13850.0,44180.0,3190.0
4303301,Caibaté - RS,2017,15020.0,15020.0,47389.0,3155.0
4303301,Caibaté - RS,2018,15020.0,15020.0,47808.0,3183.0
4303301,Caibaté - RS,2019,15320.0,15320.0,49668.0,3242.0
4303301,Caibaté - RS,2020,15320.0,15320.0,18240.0,1191.0
4303301,Caibaté - RS,2021,16320.0,16320.0,51696.0,3168.0
4303301,Caibaté - RS,2022,15350.0,15350.0,5934.0,387.0
4303301,Caibaté - RS,2023,15350.0,15350.0,12510.0,815.0
4303301,Caibaté - RS,2024,15350.0,15350.0,51990.0,3387.0
4303301,Caibaté - RS,2025,16240.0,16240.0,32151.0,1980.0
4303400,Caiçara - RS,2000,2400.0,2400.0,4824.0,2010.0
4303400,Caiçara - RS,2001,2400.0,2400.0,5256.0,2190.0
4303400,Caiçara - RS,2002,2500.0,2500.0,1900.0,760.0
4303400,Caiçara - RS,2003,2600.0,2600.0,5304.0,2040.0
4303400,Caiçara - RS,2004,2600.0,2600.0,2122.0,816.0
4303400,Caiçara - RS,2005,2600.0,2600.0,1326.0,510.0
4303400,Caiçara - RS,2006,2500.0,2500.0,5100.0,2040.0
4303400,Caiçara - RS,2007,2500.0,2500.0,5100.0,2040.0
4303400,Caiçara - RS,2008,2500.0,2500.0,3015.0,1206.0
4303400,Caiçara - RS,2009,2500.0,2500.0,3150.0,1260.0
4303400,Caiçara - RS,2010,2000.0,2000.0,4600.0,2300.0
4303400,Caiçara - RS,2011,1800.0,1800.0,4860.0,2700.0
4303400,Caiçara - RS,2012,1800.0,1800.0,1728.0,960.0
4303400,Caiçara - RS,2013,2500.0,2500.0,6000.0,2400.0
4303400,Caiçara - RS,2014,2500.0,2500.0,6500.0,2600.0
4303400,Caiçara - RS,2015,2600.0,2600.0,6396.0,2460.0
4303400,Caiçara - RS,2016,3000.0,3000.0,7380.0,2460.0
4303400,Caiçara - RS,2017,3000.0,2900.0,7134.0,2460.0
4303400,Caiçara - RS,2018,3000.0,3000.0,8100.0,2700.0
4303400,Caiçara - RS,2019,3200.0,3200.0,9280.0,2900.0
4303400,Caiçara - RS,2020,3200.0,3200.0,9280.0,2900.0
4303400,Caiçara - RS,2021,3500.0,3500.0,10500.0,3000.0
4303400,Caiçara - RS,2022,4000.0,3500.0,3150.0,900.0
4303400,Caiçara - RS,2023,4000.0,4000.0,9600.0,2400.0
4303400,Caiçara - RS,2024,4200.0,4150.0,12450.0,3000.0
4303400,Caiçara - RS,2025,4200.0,4200.0,10080.0,2400.0
4303509,Camaquã - RS,2000,1500.0,1500.0,2430.0,1620.0
4303509,Camaquã - RS,2001,3700.0,3700.0,7400.0,2000.0
4303509,Camaquã - RS,2002,4826.0,4676.0,7645.0,1634.0
4303509,Camaquã - RS,2003,3400.0,3400.0,4692.0,1380.0
4303509,Camaquã - RS,2004,5900.0,5638.0,8457.0,1500.0
4303509,Camaquã - RS,2005,6336.0,4098.0,5754.0,1404.0
4303509,Camaquã - RS,2006,4500.0,4500.0,7560.0,1680.0
4303509,Camaquã - RS,2007,5000.0,5000.0,6600.0,1320.0
4303509,Camaquã - RS,2008,4200.0,4200.0,6678.0,1590.0
4303509,Camaquã - RS,2009,4200.0,4200.0,9576.0,2280.0
4303509,Camaquã - RS,2010,3000.0,3000.0,4500.0,1500.0
4303509,Camaquã - RS,2011,5040.0,5040.0,12519.0,2484.0
4303509,Camaquã - RS,2012,11970.0,11770.0,29237.0,2484.0
4303509,Camaquã - RS,2013,18000.0,18000.0,41040.0,2280.0
4303509,Camaquã - RS,2014,22300.0,22300.0,53520.0,2400.0
4303509,Camaquã - RS,2015,24000.0,24000.0,51840.0,2160.0
4303509,Camaquã - RS,2016,24000.0,24000.0,40320.0,1680.0
4303509,Camaquã - RS,2017,24000.0,24000.0,69600.0,2900.0
4303509,Camaquã - RS,2018,26000.0,26000.0,54600.0,2100.0
4303509,Camaquã - RS,2019,26000.0,26000.0,67600.0,2600.0
4303509,Camaquã - RS,2020,27000.0,27000.0,41807.0,1548.0
4303509,Camaquã - RS,2021,28000.0,28000.0,103600.0,3700.0
4303509,Camaquã - RS,2022,30000.0,30000.0,113400.0,3780.0
4303509,Camaquã - RS,2023,35000.0,35000.0,84000.0,2400.0
4303509,Camaquã - RS,2024,32000.0,25600.0,36864.0,1440.0
4303509,Camaquã - RS,2025,27500.0,27500.0,74250.0,2700.0
4303558,Camargo - RS,2000,3200.0,3200.0,7680.0,2400.0
4303558,Camargo - RS,2001,3200.0,3200.0,8064.0,2520.0
4303558,Camargo - RS,2002,3500.0,3500.0,8400.0,2400.0
4303558,Camargo - RS,2003,4000.0,4000.0,13200.0,3300.0
4303558,Camargo - RS,2004,4200.0,4200.0,9072.0,2160.0
4303558,Camargo - RS,2005,4400.0,3480.0,1977.0,568.0
4303558,Camargo - RS,2006,4000.0,4000.0,9600.0,2400.0
4303558,Camargo - RS,2007,4000.0,4000.0,13200.0,3300.0
4303558,Camargo - RS,2008,4200.0,4200.0,8820.0,2100.0
4303558,Camargo - RS,2009,4200.0,4200.0,11025.0,2625.0
4303558,Camargo - RS,2010,5600.0,5600.0,16800.0,3000.0
4303558,Camargo - RS,2011,5600.0,5600.0,16800.0,3000.0
4303558,Camargo - RS,2012,5100.0,5100.0,13566.0,2660.0
4303558,Camargo - RS,2013,5400.0,5400.0,19440.0,3600.0
4303558,Camargo - RS,2014,5900.0,5900.0,19470.0,3300.0
4303558,Camargo - RS,2015,6000.0,6000.0,21600.0,3600.0
4303558,Camargo - RS,2016,6350.0,6350.0,22860.0,3600.0
4303558,Camargo - RS,2017,6150.0,6150.0,23985.0,3900.0
4303558,Camargo - RS,2018,6150.0,6150.0,22140.0,3600.0
4303558,Camargo - RS,2019,6150.0,6150.0,21525.0,3500.0
4303558,Camargo - RS,2020,6250.0,6250.0,13125.0,2100.0
4303558,Camargo - RS,2021,6000.0,6000.0,19800.0,3300.0
4303558,Camargo - RS,2022,6750.0,6750.0,7290.0,1080.0
4303558,Camargo - RS,2023,6750.0,6750.0,20027.0,2967.0
4303558,Camargo - RS,2024,6750.0,6750.0,23085.0,3420.0
4303558,Camargo - RS,2025,7000.0,7000.0,12600.0,1800.0
4303608,Cambará do Sul - RS,2000,,,,
4303608,Cambará do Sul - RS,2001,,,,
4303608,Cambará do Sul - RS,2002,,,,
4303608,Cambará do Sul - RS,2003,,,,
4303608,Cambará do Sul - RS,2004,,,,
4303608,Cambará do Sul - RS,2005,,,,
4303608,Cambará do Sul - RS,2006,,,,
4303608,Cambará do Sul - RS,2007,,,,
4303608,Cambará do Sul - RS,2008,,,,
4303608,Cambará do Sul - RS,2009,,,,
4303608,Cambará do Sul - RS,2010,,,,
4303608,Cambará do Sul - RS,2011,,,,
4303608,Cambará do Sul - RS,2012,,,,
4303608,Cambará do Sul - RS,2013,,,,
4303608,Cambará do Sul - RS,2014,,,,
4303608,Cambará do Sul - RS,2015,,,,
4303608,Cambará do Sul - RS,2016,,,,
4303608,Cambará do Sul - RS,2017,200.0,200.0,720.0,3600.0
4303608,Cambará do Sul - RS,2018,450.0,450.0,1215.0,2700.0
4303608,Cambará do Sul - RS,2019,550.0,550.0,1650.0,3000.0
4303608,Cambará do Sul - RS,2020,550.0,550.0,1403.0,2551.0
4303608,Cambará do Sul - RS,2021,550.0,550.0,1733.0,3151.0
4303608,Cambará do Sul - RS,2022,550.0,550.0,1584.0,2880.0
4303608,Cambará do Sul - RS,2023,550.0,550.0,1980.0,3600.0
4303608,Cambará do Sul - RS,2024,550.0,550.0,1403.0,2551.0
4303608,Cambará do Sul - RS,2025,550.0,550.0,1650.0,3000.0
4303673,Campestre da Serra - RS,2000,800.0,800.0,1040.0,1300.0
4303673,Campestre da Serra - RS,2001,800.0,800.0,1840.0,2300.0
4303673,Campestre da Serra - RS,2002,3000.0,3000.0,8100.0,2700.0
4303673,Campestre da Serra - RS,2003,2300.0,2300.0,6210.0,2700.0
4303673,Campestre da Serra - RS,2004,2800.0,2800.0,4704.0,1680.0
4303673,Campestre da Serra - RS,2005,3000.0,3000.0,1716.0,572.0
4303673,Campestre da Serra - RS,2006,3000.0,3000.0,7200.0,2400.0
4303673,Campestre da Serra - RS,2007,3300.0,3300.0,7920.0,2400.0
4303673,Campestre da Serra - RS,2008,3000.0,3000.0,7200.0,2400.0
4303673,Campestre da Serra - RS,2009,3000.0,3000.0,5850.0,1950.0
4303673,Campestre da Serra - RS,2010,3700.0,3700.0,8880.0,2400.0
4303673,Campestre da Serra - RS,2011,3075.0,3075.0,8303.0,2700.0
4303673,Campestre da Serra - RS,2012,4000.0,4000.0,10800.0,2700.0
4303673,Campestre da Serra - RS,2013,4000.0,4000.0,11400.0,2850.0
4303673,Campestre da Serra - RS,2014,5000.0,5000.0,15000.0,3000.0
4303673,Campestre da Serra - RS,2015,5800.0,5800.0,19140.0,3300.0
4303673,Campestre da Serra - RS,2016,5800.0,5800.0,19140.0,3300.0
4303673,Campestre da Serra - RS,2017,5800.0,5800.0,22620.0,3900.0
4303673,Campestre da Serra - RS,2018,7500.0,7500.0,23850.0,3180.0
4303673,Campestre da Serra - RS,2019,6000.0,6000.0,21000.0,3500.0
4303673,Campestre da Serra - RS,2020,7000.0,7000.0,17850.0,2550.0
4303673,Campestre da Serra - RS,2021,8000.0,8000.0,30496.0,3812.0
4303673,Campestre da Serra - RS,2022,12000.0,12000.0,21600.0,1800.0
4303673,Campestre da Serra - RS,2023,9000.0,9000.0,31896.0,3544.0
4303673,Campestre da Serra - RS,2024,4150.0,4150.0,8910.0,2147.0
4303673,Campestre da Serra - RS,2025,3800.0,3800.0,13680.0,3600.0
4303707,Campina das Missões - RS,2000,8000.0,8000.0,7200.0,900.0
4303707,Campina das Missões - RS,2001,7000.0,7000.0,14700.0,2100.0
4303707,Campina das Missões - RS,2002,7500.0,7500.0,9450.0,1260.0
4303707,Campina das Missões - RS,2003,7500.0,7500.0,17100.0,2280.0
4303707,Campina das Missões - RS,2004,7800.0,7020.0,5307.0,755.0
4303707,Campina das Missões - RS,2005,8000.0,2400.0,720.0,300.0
4303707,Campina das Missões - RS,2006,7000.0,7000.0,9100.0,1300.0
4303707,Campina das Missões - RS,2007,7000.0,7000.0,14700.0,2100.0
4303707,Campina das Missões - RS,2008,7000.0,7000.0,4410.0,630.0
4303707,Campina das Missões - RS,2009,5500.0,5500.0,6352.0,1154.0
4303707,Campina das Missões - RS,2010,5000.0,5000.0,10500.0,2100.0
4303707,Campina das Missões - RS,2011,5500.0,5500.0,13200.0,2400.0
4303707,Campina das Missões - RS,2012,5500.0,5500.0,3960.0,720.0
4303707,Campina das Missões - RS,2013,5700.0,5700.0,9576.0,1680.0
4303707,Campina das Missões - RS,2014,5700.0,5700.0,8550.0,1500.0
4303707,Campina das Missões - RS,2015,5700.0,5700.0,13680.0,2400.0
4303707,Campina das Missões - RS,2016,6000.0,6000.0,16200.0,2700.0
4303707,Campina das Missões - RS,2017,6104.0,6104.0,18314.0,3000.0
4303707,Campina das Missões - RS,2018,6104.0,6104.0,16484.0,2701.0
4303707,Campina das Missões - RS,2019,5508.0,5508.0,18179.0,3300.0
4303707,Campina das Missões - RS,2020,5514.0,5514.0,14905.0,2703.0
4303707,Campina das Missões - RS,2021,6114.0,6114.0,16521.0,2702.0
4303707,Campina das Missões - RS,2022,6000.0,1200.0,216.0,180.0
4303707,Campina das Missões - RS,2023,6000.0,6000.0,4320.0,720.0
4303707,Campina das Missões - RS,2024,6000.0,6000.0,16200.0,2700.0
4303707,Campina das Missões - RS,2025,6000.0,6000.0,9000.0,1500.0
4303806,Campinas do Sul - RS,2000,18500.0,18500.0,40700.0,2200.0
4303806,Campinas do Sul - RS,2001,12600.0,12600.0,35280.0,2800.0
4303806,Campinas do Sul - RS,2002,13900.0,13900.0,25020.0,1800.0
4303806,Campinas do Sul - RS,2003,14000.0,14000.0,39480.0,2820.0
4303806,Campinas do Sul - RS,2004,15500.0,15500.0,32550.0,2100.0
4303806,Campinas do Sul - RS,2005,14000.0,14000.0,7896.0,564.0
4303806,Campinas do Sul - RS,2006,13500.0,13500.0,36450.0,2700.0
4303806,Campinas do Sul - RS,2007,14300.0,14300.0,42900.0,3000.0
4303806,Campinas do Sul - RS,2008,11000.0,11000.0,24420.0,2220.0
4303806,Campinas do Sul - RS,2009,14500.0,14500.0,31320.0,2160.0
4303806,Campinas do Sul - RS,2010,15250.0,15250.0,41175.0,2700.0
4303806,Campinas do Sul - RS,2011,16000.0,16000.0,43200.0,2700.0
4303806,Campinas do Sul - RS,2012,15500.0,15500.0,29295.0,1890.0
4303806,Campinas do Sul - RS,2013,15200.0,15200.0,46056.0,3030.0
4303806,Campinas do Sul - RS,2014,15000.0,15000.0,42300.0,2820.0
4303806,Campinas do Sul - RS,2015,15500.0,15500.0,46500.0,3000.0
4303806,Campinas do Sul - RS,2016,16200.0,16200.0,58320.0,3600.0
4303806,Campinas do Sul - RS,2017,16300.0,16300.0,58680.0,3600.0
4303806,Campinas do Sul - RS,2018,16300.0,16300.0,57050.0,3500.0
4303806,Campinas do Sul - RS,2019,16000.0,16000.0,56000.0,3500.0
4303806,Campinas do Sul - RS,2020,16000.0,16000.0,43200.0,2700.0
4303806,Campinas do Sul - RS,2021,15800.0,15800.0,60672.0,3840.0
4303806,Campinas do Sul - RS,2022,15440.0,15440.0,34740.0,2250.0
4303806,Campinas do Sul - RS,2023,15800.0,15800.0,34760.0,2200.0
4303806,Campinas do Sul - RS,2024,15800.0,15800.0,63200.0,4000.0
4303806,Campinas do Sul - RS,2025,16100.0,16100.0,28980.0,1800.0
4303905,Campo Bom - RS,2000,,,,
4303905,Campo Bom - RS,2001,,,,
4303905,Campo Bom - RS,2002,,,,
4303905,Campo Bom - RS,2003,,,,
4303905,Campo Bom - RS,2004,,,,
4303905,Campo Bom - RS,2005,,,,
4303905,Campo Bom - RS,2006,,,,
4303905,Campo Bom - RS,2007,,,,
4303905,Campo Bom - RS,2008,,,,
4303905,Campo Bom - RS,2009,,,,
4303905,Campo Bom - RS,2010,,,,
4303905,Campo Bom - RS,2011,,,,
4303905,Campo Bom - RS,2012,,,,
4303905,Campo Bom - RS,2013,,,,
4303905,Campo Bom - RS,2014,,,,
4303905,Campo Bom - RS,2015,,,,
4303905,Campo Bom - RS,2016,,,,
4303905,Campo Bom - RS,2017,,,,
4303905,Campo Bom - RS,2018,,,,
4303905,Campo Bom - RS,2019,,,,
4303905,Campo Bom - RS,2020,,,,
4303905,Campo Bom - RS,2021,,,,
4303905,Campo Bom - RS,2022,,,,
4303905,Campo Bom - RS,2023,,,,
4303905,Campo Bom - RS,2024,,,,
4303905,Campo Bom - RS,2025,,,,
4304002,Campo Novo - RS,2000,12500.0,12500.0,22500.0,1800.0
4304002,Campo Novo - RS,2001,12500.0,12500.0,30000.0,2400.0
4304002,Campo Novo - RS,2002,12500.0,12500.0,22500.0,1800.0
4304002,Campo Novo - RS,2003,12500.0,12500.0,26250.0,2100.0
4304002,Campo Novo - RS,2004,14000.0,14000.0,22400.0,1600.0
4304002,Campo Novo - RS,2005,14000.0,13500.0,6750.0,500.0
4304002,Campo Novo - RS,2006,13700.0,13700.0,28770.0,2100.0
4304002,Campo Novo - RS,2007,12800.0,12800.0,36096.0,2820.0
4304002,Campo Novo - RS,2008,13200.0,13200.0,25740.0,1950.0
4304002,Campo Novo - RS,2009,13200.0,13200.0,27720.0,2100.0
4304002,Campo Novo - RS,2010,13700.0,13700.0,36990.0,2700.0
4304002,Campo Novo - RS,2011,10500.0,10500.0,31500.0,3000.0
4304002,Campo Novo - RS,2012,10500.0,10500.0,12600.0,1200.0
4304002,Campo Novo - RS,2013,11500.0,11500.0,32430.0,2820.0
4304002,Campo Novo - RS,2014,11500.0,11500.0,32200.0,2800.0
4304002,Campo Novo - RS,2015,11500.0,11500.0,37950.0,3300.0
4304002,Campo Novo - RS,2016,11800.0,11800.0,38940.0,3300.0
4304002,Campo Novo - RS,2017,11500.0,11500.0,41400.0,3600.0
4304002,Campo Novo - RS,2018,12000.0,12000.0,43200.0,3600.0
4304002,Campo Novo - RS,2019,12000.0,12000.0,42000.0,3500.0
4304002,Campo Novo - RS,2020,11500.0,11500.0,29900.0,2600.0
4304002,Campo Novo - RS,2021,11500.0,11500.0,40250.0,3500.0
4304002,Campo Novo - RS,2022,11500.0,11500.0,11868.0,1032.0
4304002,Campo Novo - RS,2023,11100.0,11100.0,28980.0,2611.0
4304002,Campo Novo - RS,2024,10900.0,10900.0,37488.0,3439.0
4304002,Campo Novo - RS,2025,11100.0,11100.0,28420.0,2560.0
4304101,Campos Borges - RS,2000,6200.0,6200.0,9300.0,1500.0
4304101,Campos Borges - RS,2001,6200.0,6200.0,15624.0,2520.0
4304101,Campos Borges - RS,2002,6500.0,6500.0,13650.0,2100.0
4304101,Campos Borges - RS,2003,7000.0,7000.0,19740.0,2820.0
4304101,Campos Borges - RS,2004,8000.0,8000.0,11040.0,1380.0
4304101,Campos Borges - RS,2005,8200.0,7700.0,2772.0,360.0
4304101,Campos Borges - RS,2006,7850.0,7850.0,17270.0,2200.0
4304101,Campos Borges - RS,2007,7900.0,7900.0,14220.0,1800.0
4304101,Campos Borges - RS,2008,7900.0,7900.0,15800.0,2000.0
4304101,Campos Borges - RS,2009,7900.0,7900.0,18960.0,2400.0
4304101,Campos Borges - RS,2010,8000.0,8000.0,19200.0,2400.0
4304101,Campos Borges - RS,2011,8300.0,8300.0,24900.0,3000.0
4304101,Campos Borges - RS,2012,8500.0,7900.0,9500.0,1203.0
4304101,Campos Borges - RS,2013,8500.0,8500.0,25500.0,3000.0
4304101,Campos Borges - RS,2014,8532.0,8532.0,24595.0,2883.0
4304101,Campos Borges - RS,2015,8570.0,8570.0,28833.0,3364.0
4304101,Campos Borges - RS,2016,8652.0,8652.0,28598.0,3305.0
4304101,Campos Borges - RS,2017,8722.0,8722.0,31472.0,3608.0
4304101,Campos Borges - RS,2018,8775.0,8775.0,29080.0,3314.0
4304101,Campos Borges - RS,2019,8775.0,8775.0,27706.0,3157.0
4304101,Campos Borges - RS,2020,9075.0,9075.0,12378.0,1364.0
4304101,Campos Borges - RS,2021,9100.0,9100.0,35490.0,3900.0
4304101,Campos Borges - RS,2022,9234.0,7925.0,7334.0,925.0
4304101,Campos Borges - RS,2023,10000.0,10000.0,12235.0,1224.0
4304101,Campos Borges - RS,2024,10070.0,10070.0,24330.0,2416.0
4304101,Campos Borges - RS,2025,10335.0,10335.0,18927.0,1831.0
4304200,Candelária - RS,2000,10000.0,10000.0,21000.0,2100.0
4304200,Candelária - RS,2001,10000.0,9800.0,16464.0,1680.0
4304200,Candelária - RS,2002,11500.0,11500.0,20700.0,1800.0
4304200,Candelária - RS,2003,12000.0,12000.0,25200.0,2100.0
4304200,Candelária - RS,2004,13200.0,13200.0,20592.0,1560.0
4304200,Candelária - RS,2005,13200.0,12600.0,9072.0,720.0
4304200,Candelária - RS,2006,12000.0,12000.0,23760.0,1980.0
4304200,Candelária - RS,2007,11900.0,11900.0,29988.0,2520.0
4304200,Candelária - RS,2008,12000.0,12000.0,30240.0,2520.0
4304200,Candelária - RS,2009,12000.0,12000.0,32400.0,2700.0
4304200,Candelária - RS,2010,13000.0,11500.0,27600.0,2400.0
4304200,Candelária - RS,2011,13500.0,13500.0,39690.0,2940.0
4304200,Candelária - RS,2012,14175.0,14175.0,30618.0,2160.0
4304200,Candelária - RS,2013,15200.0,15200.0,47424.0,3120.0
4304200,Candelária - RS,2014,16800.0,16800.0,50400.0,3000.0
4304200,Candelária - RS,2015,17000.0,17000.0,53040.0,3120.0
4304200,Candelária - RS,2016,17000.0,16500.0,54450.0,3300.0
4304200,Candelária - RS,2017,18000.0,18000.0,63000.0,3500.0
4304200,Candelária - RS,2018,19000.0,19000.0,62700.0,3300.0
4304200,Candelária - RS,2019,19000.0,19000.0,67260.0,3540.0
4304200,Candelária - RS,2020,19500.0,19500.0,38025.0,1950.0
4304200,Candelária - RS,2021,19500.0,19500.0,70200.0,3600.0
4304200,Candelária - RS,2022,19500.0,19500.0,52650.0,2700.0
4304200,Candelária - RS,2023,20500.0,20500.0,50430.0,2460.0
4304200,Candelária - RS,2024,19800.0,19800.0,57024.0,2880.0
4304200,Candelária - RS,2025,19800.0,19800.0,55440.0,2800.0
4304358,Candiota - RS,2000,,,,
4304358,Candiota - RS,2001,,,,
4304358,Candiota - RS,2002,,,,
4304358,Candiota - RS,2003,,,,
4304358,Candiota - RS,2004,,,,
4304358,Candiota - RS,2005,2500.0,2500.0,1800.0,720.0
4304358,Candiota - RS,2006,800.0,800.0,760.0,950.0
4304358,Candiota - RS,2007,800.0,800.0,1200.0,1500.0
4304358,Candiota - RS,2008,800.0,800.0,1200.0,1500.0
4304358,Candiota - RS,2009,1000.0,1000.0,1500.0,1500.0
4304358,Candiota - RS,2010,1000.0,1000.0,1500.0,1500.0
4304358,Candiota - RS,2011,3000.0,3000.0,4500.0,1500.0
4304358,Candiota - RS,2012,3000.0,2250.0,4725.0,2100.0
4304358,Candiota - RS,2013,5700.0,5700.0,13680.0,2400.0
4304358,Candiota - RS,2014,8000.0,8000.0,17600.0,2200.0
4304358,Candiota - RS,2015,9400.0,9400.0,20304.0,2160.0
4304358,Candiota - RS,2016,15445.0,13901.0,23354.0,1680.0
4304358,Candiota - RS,2017,15500.0,15500.0,26350.0,1700.0
4304358,Candiota - RS,2018,15445.0,10811.0,27028.0,2500.0
4304358,Candiota - RS,2019,17500.0,14000.0,37800.0,2700.0
4304358,Candiota - RS,2020,18000.0,18000.0,1944.0,108.0
4304358,Candiota - RS,2021,19000.0,19000.0,57000.0,3000.0
4304358,Candiota - RS,2022,19000.0,19000.0,42750.0,2250.0
4304358,Candiota - RS,2023,19000.0,19000.0,9120.0,480.0
4304358,Candiota - RS,2024,20000.0,20000.0,27000.0,1350.0
4304358,Candiota - RS,2025,20000.0,20000.0,42400.0,2120.0
4304408,Canela - RS,2000,,,,
4304408,Canela - RS,2001,,,,
4304408,Canela - RS,2002,,,,
4304408,Canela - RS,2003,,,,
4304408,Canela - RS,2004,,,,
4304408,Canela - RS,2005,,,,
4304408,Canela - RS,2006,,,,
4304408,Canela - RS,2007,,,,
4304408,Canela - RS,2008,,,,
4304408,Canela - RS,2009,,,,
4304408,Canela - RS,2010,,,,
4304408,Canela - RS,2011,,,,
4304408,Canela - RS,2012,,,,
4304408,Canela - RS,2013,,,,
4304408,Canela - RS,2014,,,,
4304408,Canela - RS,2015,,,,
4304408,Canela - RS,2016,,,,
4304408,Canela - RS,2017,,,,
4304408,Canela - RS,2018,,,,
4304408,Canela - RS,2019,,,,
4304408,Canela - RS,2020,,,,
4304408,Canela - RS,2021,,,,
4304408,Canela - RS,2022,,,,
4304408,Canela - RS,2023,,,,
4304408,Canela - RS,2024,,,,
4304408,Canela - RS,2025,,,,
4304507,Canguçu - RS,2000,8000.0,8000.0,10800.0,1350.0
4304507,Canguçu - RS,2001,8000.0,8000.0,11520.0,1440.0
4304507,Canguçu - RS,2002,9000.0,9000.0,13770.0,1530.0
4304507,Canguçu - RS,2003,9000.0,9000.0,21600.0,2400.0
4304507,Canguçu - RS,2004,10000.0,10000.0,11700.0,1170.0
4304507,Canguçu - RS,2005,15000.0,11250.0,7088.0,630.0
4304507,Canguçu - RS,2006,7500.0,7500.0,7950.0,1060.0
4304507,Canguçu - RS,2007,15000.0,15000.0,27000.0,1800.0
4304507,Canguçu - RS,2008,10000.0,10000.0,18000.0,1800.0
4304507,Canguçu - RS,2009,10000.0,10000.0,21000.0,2100.0
4304507,Canguçu - RS,2010,15000.0,15000.0,31500.0,2100.0
4304507,Canguçu - RS,2011,15000.0,15000.0,31500.0,2100.0
4304507,Canguçu - RS,2012,15000.0,15000.0,23400.0,1560.0
4304507,Canguçu - RS,2013,20000.0,20000.0,48000.0,2400.0
4304507,Canguçu - RS,2014,32000.0,32000.0,89600.0,2800.0
4304507,Canguçu - RS,2015,34000.0,34000.0,79560.0,2340.0
4304507,Canguçu - RS,2016,36000.0,36000.0,34560.0,960.0
4304507,Canguçu - RS,2017,38000.0,37620.0,99317.0,2640.0
4304507,Canguçu - RS,2018,40000.0,40000.0,72000.0,1800.0
4304507,Canguçu - RS,2019,43000.0,43000.0,129000.0,3000.0
4304507,Canguçu - RS,2020,43000.0,43000.0,74820.0,1740.0
4304507,Canguçu - RS,2021,45000.0,45000.0,157500.0,3500.0
4304507,Canguçu - RS,2022,52000.0,52000.0,118560.0,2280.0
4304507,Canguçu - RS,2023,61000.0,61000.0,128100.0,2100.0
4304507,Canguçu - RS,2024,62000.0,59520.0,71424.0,1200.0
4304507,Canguçu - RS,2025,60000.0,60000.0,126000.0,2100.0
4304606,Canoas - RS,2000,,,,
4304606,Canoas - RS,2001,,,,
4304606,Canoas - RS,2002,,,,
4304606,Canoas - RS,2003,,,,
4304606,Canoas - RS,2004,,,,
4304606,Canoas - RS,2005,,,,
4304606,Canoas - RS,2006,,,,
4304606,Canoas - RS,2007,,,,
4304606,Canoas - RS,2008,,,,
4304606,Canoas - RS,2009,,,,
4304606,Canoas - RS,2010,,,,
4304606,Canoas - RS,2011,,,,
4304606,Canoas - RS,2012,,,,
4304606,Canoas - RS,2013,,,,
4304606,Canoas - RS,2014,,,,
4304606,Canoas - RS,2015,,,,
4304606,Canoas - RS,2016,,,,
4304606,Canoas - RS,2017,120.0,120.0,240.0,2000.0
4304606,Canoas - RS,2018,108.0,108.0,216.0,2000.0
4304606,Canoas - RS,2019,108.0,108.0,216.0,2000.0
4304606,Canoas - RS,2020,80.0,80.0,112.0,1400.0
4304606,Canoas - RS,2021,80.0,80.0,160.0,2000.0
4304606,Canoas - RS,2022,80.0,80.0,160.0,2000.0
4304606,Canoas - RS,2023,80.0,80.0,136.0,1700.0
4304606,Canoas - RS,2024,150.0,,,
4304606,Canoas - RS,2025,150.0,150.0,240.0,1600.0
4304614,Canudos do Vale - RS,2000,,,,
4304614,Canudos do Vale - RS,2001,15.0,0.0,0.0,
4304614,Canudos do Vale - RS,2002,,,,
4304614,Canudos do Vale - RS,2003,,,,
4304614,Canudos do Vale - RS,2004,,,,
4304614,Canudos do Vale - RS,2005,,,,
4304614,Canudos do Vale - RS,2006,,,,
4304614,Canudos do Vale - RS,2007,4.0,4.0,3.0,750.0
4304614,Canudos do Vale - RS,2008,2.0,2.0,1.0,500.0
4304614,Canudos do Vale - RS,2009,2.0,2.0,4.0,2000.0
4304614,Canudos do Vale - RS,2010,,,,
4304614,Canudos do Vale - RS,2011,,,,
4304614,Canudos do Vale - RS,2012,,,,
4304614,Canudos do Vale - RS,2013,,,,
4304614,Canudos do Vale - RS,2014,,,,
4304614,Canudos do Vale - RS,2015,,,,
4304614,Canudos do Vale - RS,2016,,,,
4304614,Canudos do Vale - RS,2017,,,,
4304614,Canudos do Vale - RS,2018,,,,
4304614,Canudos do Vale - RS,2019,,,,
4304614,Canudos do Vale - RS,2020,,,,
4304614,Canudos do Vale - RS,2021,,,,
4304614,Canudos do Vale - RS,2022,,,,
4304614,Canudos do Vale - RS,2023,,,,
4304614,Canudos do Vale - RS,2024,,,,
4304614,Canudos do Vale - RS,2025,10.0,10.0,15.0,1500.0
4304689,Capela de Santana - RS,2000,,,,
4304689,Capela de Santana - RS,2001,,,,
4304689,Capela de Santana - RS,2002,,,,
4304689,Capela de Santana - RS,2003,,,,
4304689,Capela de Santana - RS,2004,,,,
4304689,Capela de Santana - RS,2005,,,,
4304689,Capela de Santana - RS,2006,,,,
4304689,Capela de Santana - RS,2007,,,,
4304689,Capela de Santana - RS,2008,,,,
4304689,Capela de Santana - RS,2009,,,,
4304689,Capela de Santana - RS,2010,,,,
4304689,Capela de Santana - RS,2011,,,,
4304689,Capela de Santana - RS,2012,,,,
4304689,Capela de Santana - RS,2013,,,,
4304689,Capela de Santana - RS,2014,,,,
4304689,Capela de Santana - RS,2015,,,,
4304689,Capela de Santana - RS,2016,,,,
4304689,Capela de Santana - RS,2017,,,,
4304689,Capela de Santana - RS,2018,100.0,100.0,180.0,1800.0
4304689,Capela de Santana - RS,2019,,,,
4304689,Capela de Santana - RS,2020,200.0,200.0,336.0,1680.0
4304689,Capela de Santana - RS,2021,200.0,200.0,336.0,1680.0
4304689,Capela de Santana - RS,2022,520.0,520.0,1300.0,2500.0
4304689,Capela de Santana - RS,2023,600.0,600.0,1050.0,1750.0
4304689,Capela de Santana - RS,2024,800.0,690.0,966.0,1400.0
4304689,Capela de Santana - RS,2025,800.0,800.0,856.0,1070.0
4304697,Capitão - RS,2000,18.0,18.0,16.0,888.0
4304697,Capitão - RS,2001,18.0,18.0,16.0,888.0
4304697,Capitão - RS,2002,18.0,18.0,19.0,1055.0
4304697,Capitão - RS,2003,18.0,18.0,22.0,1222.0
4304697,Capitão - RS,2004,18.0,18.0,17.0,944.0
4304697,Capitão - RS,2005,18.0,18.0,12.0,666.0
4304697,Capitão - RS,2006,,,,
4304697,Capitão - RS,2007,,,,
4304697,Capitão - RS,2008,,,,
4304697,Capitão - RS,2009,,,,
4304697,Capitão - RS,2010,,,,
4304697,Capitão - RS,2011,,,,
4304697,Capitão - RS,2012,,,,
4304697,Capitão - RS,2013,,,,
4304697,Capitão - RS,2014,,,,
4304697,Capitão - RS,2015,,,,
4304697,Capitão - RS,2016,,,,
4304697,Capitão - RS,2017,,,,
4304697,Capitão - RS,2018,,,,
4304697,Capitão - RS,2019,,,,
4304697,Capitão - RS,2020,,,,
4304697,Capitão - RS,2021,,,,
4304697,Capitão - RS,2022,5.0,5.0,11.0,2200.0
4304697,Capitão - RS,2023,5.0,5.0,16.0,3200.0
4304697,Capitão - RS,2024,,,,
4304697,Capitão - RS,2025,,,,
4304671,Capivari do Sul - RS,2000,,,,
4304671,Capivari do Sul - RS,2001,,,,
4304671,Capivari do Sul - RS,2002,,,,
4304671,Capivari do Sul - RS,2003,,,,
4304671,Capivari do Sul - RS,2004,,,,
4304671,Capivari do Sul - RS,2005,250.0,250.0,600.0,2400.0
4304671,Capivari do Sul - RS,2006,180.0,180.0,540.0,3000.0
4304671,Capivari do Sul - RS,2007,150.0,150.0,420.0,2800.0
4304671,Capivari do Sul - RS,2008,150.0,150.0,330.0,2200.0
4304671,Capivari do Sul - RS,2009,150.0,150.0,330.0,2200.0
4304671,Capivari do Sul - RS,2010,150.0,150.0,330.0,2200.0
4304671,Capivari do Sul - RS,2011,150.0,150.0,353.0,2353.0
4304671,Capivari do Sul - RS,2012,340.0,340.0,782.0,2300.0
4304671,Capivari do Sul - RS,2013,1023.0,1023.0,2608.0,2549.0
4304671,Capivari do Sul - RS,2014,1800.0,1800.0,4588.0,2549.0
4304671,Capivari do Sul - RS,2015,1450.0,1450.0,4176.0,2880.0
4304671,Capivari do Sul - RS,2016,1450.0,1450.0,4205.0,2900.0
4304671,Capivari do Sul - RS,2017,2182.0,2182.0,6022.0,2760.0
4304671,Capivari do Sul - RS,2018,3500.0,3500.0,9660.0,2760.0
4304671,Capivari do Sul - RS,2019,4500.0,4500.0,13500.0,3000.0
4304671,Capivari do Sul - RS,2020,7000.0,7000.0,18900.0,2700.0
4304671,Capivari do Sul - RS,2021,7050.0,7050.0,22560.0,3200.0
4304671,Capivari do Sul - RS,2022,9300.0,9300.0,29760.0,3200.0
4304671,Capivari do Sul - RS,2023,10500.0,10500.0,32550.0,3100.0
4304671,Capivari do Sul - RS,2024,8900.0,4628.0,7197.0,1555.0
4304671,Capivari do Sul - RS,2025,8500.0,8500.0,25500.0,3000.0
4304622,Capão Bonito do Sul - RS,2000,,,,
4304622,Capão Bonito do Sul - RS,2001,7000.0,7000.0,18900.0,2700.0
4304622,Capão Bonito do Sul - RS,2002,9000.0,9000.0,18900.0,2100.0
4304622,Capão Bonito do Sul - RS,2003,9500.0,9500.0,25650.0,2700.0
4304622,Capão Bonito do Sul - RS,2004,18000.0,18000.0,25200.0,1400.0
4304622,Capão Bonito do Sul - RS,2005,17000.0,17000.0,17000.0,1000.0
4304622,Capão Bonito do Sul - RS,2006,15500.0,15500.0,37200.0,2400.0
4304622,Capão Bonito do Sul - RS,2007,15500.0,15500.0,41850.0,2700.0
4304622,Capão Bonito do Sul - RS,2008,15500.0,15500.0,35340.0,2280.0
4304622,Capão Bonito do Sul - RS,2009,18000.0,18000.0,35640.0,1980.0
4304622,Capão Bonito do Sul - RS,2010,20000.0,20000.0,66000.0,3300.0
4304622,Capão Bonito do Sul - RS,2011,19000.0,19000.0,62700.0,3300.0
4304622,Capão Bonito do Sul - RS,2012,18000.0,18000.0,43200.0,2400.0
4304622,Capão Bonito do Sul - RS,2013,19500.0,19500.0,58500.0,3000.0
4304622,Capão Bonito do Sul - RS,2014,19000.0,19000.0,60800.0,3200.0
4304622,Capão Bonito do Sul - RS,2015,19000.0,19000.0,68400.0,3600.0
4304622,Capão Bonito do Sul - RS,2016,20500.0,20500.0,73800.0,3600.0
4304622,Capão Bonito do Sul - RS,2017,27600.0,27600.0,105984.0,3840.0
4304622,Capão Bonito do Sul - RS,2018,27000.0,27000.0,97200.0,3600.0
4304622,Capão Bonito do Sul - RS,2019,26500.0,26500.0,108120.0,4080.0
4304622,Capão Bonito do Sul - RS,2020,26500.0,26500.0,66250.0,2500.0
4304622,Capão Bonito do Sul - RS,2021,26000.0,26000.0,93600.0,3600.0
4304622,Capão Bonito do Sul - RS,2022,25500.0,25500.0,53550.0,2100.0
4304622,Capão Bonito do Sul - RS,2023,26000.0,26000.0,70200.0,2700.0
4304622,Capão Bonito do Sul - RS,2024,26000.0,26000.0,99840.0,3840.0
4304622,Capão Bonito do Sul - RS,2025,26500.0,26500.0,89835.0,3390.0
4304630,Capão da Canoa - RS,2000,,,,
4304630,Capão da Canoa - RS,2001,,,,
4304630,Capão da Canoa - RS,2002,,,,
4304630,Capão da Canoa - RS,2003,,,,
4304630,Capão da Canoa - RS,2004,,,,
4304630,Capão da Canoa - RS,2005,,,,
4304630,Capão da Canoa - RS,2006,,,,
4304630,Capão da Canoa - RS,2007,,,,
4304630,Capão da Canoa - RS,2008,,,,
4304630,Capão da Canoa - RS,2009,,,,
4304630,Capão da Canoa - RS,2010,,,,
4304630,Capão da Canoa - RS,2011,,,,
4304630,Capão da Canoa - RS,2012,,,,
4304630,Capão da Canoa - RS,2013,,,,
4304630,Capão da Canoa - RS,2014,,,,
4304630,Capão da Canoa - RS,2015,,,,
4304630,Capão da Canoa - RS,2016,,,,
4304630,Capão da Canoa - RS,2017,,,,
4304630,Capão da Canoa - RS,2018,,,,
4304630,Capão da Canoa - RS,2019,,,,
4304630,Capão da Canoa - RS,2020,,,,
4304630,Capão da Canoa - RS,2021,,,,
4304630,Capão da Canoa - RS,2022,,,,
4304630,Capão da Canoa - RS,2023,,,,
4304630,Capão da Canoa - RS,2024,,,,
4304630,Capão da Canoa - RS,2025,,,,
4304655,Capão do Cipó - RS,2000,,,,
4304655,Capão do Cipó - RS,2001,26000.0,26000.0,54600.0,2100.0
4304655,Capão do Cipó - RS,2002,30000.0,30000.0,39600.0,1320.0
4304655,Capão do Cipó - RS,2003,35000.0,35000.0,92400.0,2640.0
4304655,Capão do Cipó - RS,2004,42000.0,42000.0,42840.0,1020.0
4304655,Capão do Cipó - RS,2005,50000.0,48000.0,28800.0,600.0
4304655,Capão do Cipó - RS,2006,50000.0,50000.0,85000.0,1700.0
4304655,Capão do Cipó - RS,2007,50000.0,50000.0,114000.0,2280.0
4304655,Capão do Cipó - RS,2008,55000.0,55000.0,102300.0,1860.0
4304655,Capão do Cipó - RS,2009,50000.0,50000.0,96000.0,1920.0
4304655,Capão do Cipó - RS,2010,50000.0,50000.0,126000.0,2520.0
4304655,Capão do Cipó - RS,2011,55000.0,55000.0,138600.0,2520.0
4304655,Capão do Cipó - RS,2012,60000.0,60000.0,44192.0,737.0
4304655,Capão do Cipó - RS,2013,60600.0,60600.0,146160.0,2412.0
4304655,Capão do Cipó - RS,2014,61900.0,61900.0,167940.0,2713.0
4304655,Capão do Cipó - RS,2015,62000.0,61500.0,155952.0,2536.0
4304655,Capão do Cipó - RS,2016,62750.0,62750.0,152040.0,2423.0
4304655,Capão do Cipó - RS,2017,62750.0,62750.0,188970.0,3011.0
4304655,Capão do Cipó - RS,2018,63250.0,63250.0,183184.0,2896.0
4304655,Capão do Cipó - RS,2019,63400.0,63400.0,179716.0,2835.0
4304655,Capão do Cipó - RS,2020,63700.0,63700.0,88635.0,1391.0
4304655,Capão do Cipó - RS,2021,63510.0,63510.0,206831.0,3257.0
4304655,Capão do Cipó - RS,2022,61450.0,61450.0,39045.0,635.0
4304655,Capão do Cipó - RS,2023,63900.0,63900.0,40950.0,641.0
4304655,Capão do Cipó - RS,2024,63900.0,63900.0,179239.0,2805.0
4304655,Capão do Cipó - RS,2025,63900.0,63900.0,113859.0,1782.0
4304663,Capão do Leão - RS,2000,5000.0,2600.0,2808.0,1080.0
4304663,Capão do Leão - RS,2001,4000.0,3200.0,5760.0,1800.0
4304663,Capão do Leão - RS,2002,4800.0,4800.0,8640.0,1800.0
4304663,Capão do Leão - RS,2003,4800.0,4800.0,7200.0,1500.0
4304663,Capão do Leão - RS,2004,4800.0,4800.0,4320.0,900.0
4304663,Capão do Leão - RS,2005,5200.0,3500.0,1680.0,480.0
4304663,Capão do Leão - RS,2006,5000.0,5000.0,9000.0,1800.0
4304663,Capão do Leão - RS,2007,5000.0,5000.0,9000.0,1800.0
4304663,Capão do Leão - RS,2008,5000.0,5000.0,10500.0,2100.0
4304663,Capão do Leão - RS,2009,5000.0,5000.0,10800.0,2160.0
4304663,Capão do Leão - RS,2010,5000.0,5000.0,12000.0,2400.0
4304663,Capão do Leão - RS,2011,5000.0,5000.0,10500.0,2100.0
4304663,Capão do Leão - RS,2012,5500.0,5500.0,13200.0,2400.0
4304663,Capão do Leão - RS,2013,6050.0,6050.0,14520.0,2400.0
4304663,Capão do Leão - RS,2014,7260.0,7260.0,17932.0,2470.0
4304663,Capão do Leão - RS,2015,7623.0,7623.0,21954.0,2880.0
4304663,Capão do Leão - RS,2016,8004.0,8004.0,11005.0,1375.0
4304663,Capão do Leão - RS,2017,8004.0,8004.0,28814.0,3600.0
4304663,Capão do Leão - RS,2018,8250.0,8250.0,21285.0,2580.0
4304663,Capão do Leão - RS,2019,9075.0,9075.0,22869.0,2520.0
4304663,Capão do Leão - RS,2020,9150.0,9150.0,15097.0,1650.0
4304663,Capão do Leão - RS,2021,9610.0,9610.0,34019.0,3540.0
4304663,Capão do Leão - RS,2022,10090.0,10090.0,33902.0,3360.0
4304663,Capão do Leão - RS,2023,10300.0,10300.0,25956.0,2520.0
4304663,Capão do Leão - RS,2024,11000.0,10000.0,19800.0,1980.0
4304663,Capão do Leão - RS,2025,11000.0,11000.0,33000.0,3000.0
4304705,Carazinho - RS,2000,48000.0,48000.0,100800.0,2100.0
4304705,Carazinho - RS,2001,33300.0,33300.0,89910.0,2700.0
4304705,Carazinho - RS,2002,34200.0,34200.0,71820.0,2100.0
4304705,Carazinho - RS,2003,35300.0,35300.0,105900.0,3000.0
4304705,Carazinho - RS,2004,36000.0,36000.0,64800.0,1800.0
4304705,Carazinho - RS,2005,34300.0,34300.0,24696.0,720.0
4304705,Carazinho - RS,2006,33300.0,33300.0,83916.0,2520.0
4304705,Carazinho - RS,2007,35300.0,35300.0,88956.0,2520.0
4304705,Carazinho - RS,2008,34300.0,34300.0,73471.0,2142.0
4304705,Carazinho - RS,2009,34300.0,34300.0,69114.0,2014.0
4304705,Carazinho - RS,2010,35000.0,35000.0,88200.0,2520.0
4304705,Carazinho - RS,2011,34700.0,34700.0,104100.0,3000.0
4304705,Carazinho - RS,2012,33500.0,33500.0,54270.0,1620.0
4304705,Carazinho - RS,2013,36000.0,36000.0,108000.0,3000.0
4304705,Carazinho - RS,2014,36500.0,36500.0,91980.0,2520.0
4304705,Carazinho - RS,2015,37000.0,37000.0,133200.0,3600.0
4304705,Carazinho - RS,2016,38500.0,38500.0,131670.0,3420.0
4304705,Carazinho - RS,2017,38500.0,38500.0,157080.0,4080.0
4304705,Carazinho - RS,2018,40400.0,40400.0,152712.0,3780.0
4304705,Carazinho - RS,2019,40420.0,40420.0,140748.0,3482.0
4304705,Carazinho - RS,2020,39720.0,39720.0,102636.0,2584.0
4304705,Carazinho - RS,2021,39820.0,39820.0,138732.0,3484.0
4304705,Carazinho - RS,2022,39300.0,39300.0,82770.0,2106.0
4304705,Carazinho - RS,2023,40100.0,40100.0,84780.0,2114.0
4304705,Carazinho - RS,2024,40320.0,40320.0,153636.0,3810.0
4304705,Carazinho - RS,2025,40000.0,40000.0,97200.0,2430.0
4304713,Caraá - RS,2000,,,,
4304713,Caraá - RS,2001,,,,
4304713,Caraá - RS,2002,,,,
4304713,Caraá - RS,2003,,,,
4304713,Caraá - RS,2004,,,,
4304713,Caraá - RS,2005,,,,
4304713,Caraá - RS,2006,,,,
4304713,Caraá - RS,2007,,,,
4304713,Caraá - RS,2008,,,,
4304713,Caraá - RS,2009,,,,
4304713,Caraá - RS,2010,,,,
4304713,Caraá - RS,2011,,,,
4304713,Caraá - RS,2012,,,,
4304713,Caraá - RS,2013,,,,
4304713,Caraá - RS,2014,,,,
4304713,Caraá - RS,2015,,,,
4304713,Caraá - RS,2016,13.0,13.0,39.0,3000.0
4304713,Caraá - RS,2017,40.0,40.0,120.0,3000.0
4304713,Caraá - RS,2018,40.0,40.0,39.0,975.0
4304713,Caraá - RS,2019,40.0,40.0,144.0,3600.0
4304713,Caraá - RS,2020,40.0,40.0,72.0,1800.0
4304713,Caraá - RS,2021,60.0,60.0,216.0,3600.0
4304713,Caraá - RS,2022,60.0,60.0,216.0,3600.0
4304713,Caraá - RS,2023,60.0,60.0,216.0,3600.0
4304713,Caraá - RS,2024,60.0,60.0,180.0,3000.0
4304713,Caraá - RS,2025,70.0,70.0,210.0,3000.0
4304804,Carlos Barbosa - RS,2000,,,,
4304804,Carlos Barbosa - RS,2001,,,,
4304804,Carlos Barbosa - RS,2002,,,,
4304804,Carlos Barbosa - RS,2003,,,,
4304804,Carlos Barbosa - RS,2004,,,,
4304804,Carlos Barbosa - RS,2005,,,,
4304804,Carlos Barbosa - RS,2006,,,,
4304804,Carlos Barbosa - RS,2007,,,,
4304804,Carlos Barbosa - RS,2008,,,,
4304804,Carlos Barbosa - RS,2009,,,,
4304804,Carlos Barbosa - RS,2010,,,,
4304804,Carlos Barbosa - RS,2011,,,,
4304804,Carlos Barbosa - RS,2012,,,,
4304804,Carlos Barbosa - RS,2013,,,,
4304804,Carlos Barbosa - RS,2014,,,,
4304804,Carlos Barbosa - RS,2015,,,,
4304804,Carlos Barbosa - RS,2016,,,,
4304804,Carlos Barbosa - RS,2017,,,,
4304804,Carlos Barbosa - RS,2018,,,,
4304804,Carlos Barbosa - RS,2019,,,,
4304804,Carlos Barbosa - RS,2020,,,,
4304804,Carlos Barbosa - RS,2021,,,,
4304804,Carlos Barbosa - RS,2022,,,,
4304804,Carlos Barbosa - RS,2023,,,,
4304804,Carlos Barbosa - RS,2024,,,,
4304804,Carlos Barbosa - RS,2025,,,,
4304853,Carlos Gomes - RS,2000,1800.0,1800.0,2203.0,1223.0
4304853,Carlos Gomes - RS,2001,1800.0,1800.0,3780.0,2100.0
4304853,Carlos Gomes - RS,2002,1800.0,1800.0,3591.0,1995.0
4304853,Carlos Gomes - RS,2003,1800.0,1800.0,3780.0,2100.0
4304853,Carlos Gomes - RS,2004,1800.0,1800.0,1890.0,1050.0
4304853,Carlos Gomes - RS,2005,1800.0,1300.0,702.0,540.0
4304853,Carlos Gomes - RS,2006,1800.0,1800.0,2835.0,1575.0
4304853,Carlos Gomes - RS,2007,1800.0,1800.0,3496.0,1942.0
4304853,Carlos Gomes - RS,2008,1800.0,1800.0,2700.0,1500.0
4304853,Carlos Gomes - RS,2009,1860.0,1860.0,4278.0,2300.0
4304853,Carlos Gomes - RS,2010,2460.0,2460.0,6642.0,2700.0
4304853,Carlos Gomes - RS,2011,2000.0,2000.0,6000.0,3000.0
4304853,Carlos Gomes - RS,2012,1600.0,1600.0,2600.0,1625.0
4304853,Carlos Gomes - RS,2013,2100.0,2100.0,5013.0,2387.0
4304853,Carlos Gomes - RS,2014,2500.0,2500.0,6000.0,2400.0
4304853,Carlos Gomes - RS,2015,2600.0,2600.0,7800.0,3000.0
4304853,Carlos Gomes - RS,2016,3000.0,3000.0,10500.0,3500.0
4304853,Carlos Gomes - RS,2017,3000.0,3000.0,10800.0,3600.0
4304853,Carlos Gomes - RS,2018,3120.0,3120.0,11232.0,3600.0
4304853,Carlos Gomes - RS,2019,3300.0,3300.0,11550.0,3500.0
4304853,Carlos Gomes - RS,2020,3400.0,3400.0,8160.0,2400.0
4304853,Carlos Gomes - RS,2021,3400.0,3400.0,12580.0,3700.0
4304853,Carlos Gomes - RS,2022,3600.0,3600.0,6480.0,1800.0
4304853,Carlos Gomes - RS,2023,3600.0,3600.0,12960.0,3600.0
4304853,Carlos Gomes - RS,2024,3600.0,3600.0,12960.0,3600.0
4304853,Carlos Gomes - RS,2025,3600.0,3600.0,6480.0,1800.0
4304903,Casca - RS,2000,1800.0,1800.0,4860.0,2700.0
4304903,Casca - RS,2001,1800.0,1800.0,4950.0,2750.0
4304903,Casca - RS,2002,2500.0,2500.0,7500.0,3000.0
4304903,Casca - RS,2003,3000.0,3000.0,10800.0,3600.0
4304903,Casca - RS,2004,6000.0,6000.0,12600.0,2100.0
4304903,Casca - RS,2005,6200.0,2480.0,1786.0,720.0
4304903,Casca - RS,2006,4800.0,4800.0,11520.0,2400.0
4304903,Casca - RS,2007,5000.0,5000.0,16500.0,3300.0
4304903,Casca - RS,2008,6000.0,6000.0,16200.0,2700.0
4304903,Casca - RS,2009,6000.0,6000.0,16200.0,2700.0
4304903,Casca - RS,2010,7000.0,7000.0,23100.0,3300.0
4304903,Casca - RS,2011,6500.0,6500.0,21450.0,3300.0
4304903,Casca - RS,2012,6500.0,6500.0,13650.0,2100.0
4304903,Casca - RS,2013,7000.0,7000.0,23100.0,3300.0
4304903,Casca - RS,2014,7000.0,7000.0,23100.0,3300.0
4304903,Casca - RS,2015,7200.0,7200.0,28080.0,3900.0
4304903,Casca - RS,2016,8200.0,8200.0,29520.0,3600.0
4304903,Casca - RS,2017,7200.0,7200.0,28080.0,3900.0
4304903,Casca - RS,2018,8200.0,8200.0,31980.0,3900.0
4304903,Casca - RS,2019,8400.0,8400.0,30240.0,3600.0
4304903,Casca - RS,2020,8700.0,8700.0,10440.0,1200.0
4304903,Casca - RS,2021,8700.0,8700.0,32190.0,3700.0
4304903,Casca - RS,2022,8700.0,8700.0,16095.0,1850.0
4304903,Casca - RS,2023,9000.0,9000.0,24300.0,2700.0
4304903,Casca - RS,2024,9000.0,9000.0,29700.0,3300.0
4304903,Casca - RS,2025,9000.0,9000.0,21600.0,2400.0
4304952,Caseiros - RS,2000,5000.0,5000.0,12000.0,2400.0
4304952,Caseiros - RS,2001,4500.0,4500.0,10800.0,2400.0
4304952,Caseiros - RS,2002,5000.0,5000.0,10800.0,2160.0
4304952,Caseiros - RS,2003,5300.0,5300.0,15900.0,3000.0
4304952,Caseiros - RS,2004,6000.0,6000.0,9360.0,1560.0
4304952,Caseiros - RS,2005,6800.0,4800.0,2880.0,600.0
4304952,Caseiros - RS,2006,6000.0,6000.0,14400.0,2400.0
4304952,Caseiros - RS,2007,6000.0,6000.0,15120.0,2520.0
4304952,Caseiros - RS,2008,6500.0,6500.0,13650.0,2100.0
4304952,Caseiros - RS,2009,6500.0,6500.0,12870.0,1980.0
4304952,Caseiros - RS,2010,8000.0,8000.0,19200.0,2400.0
4304952,Caseiros - RS,2011,7000.0,7000.0,20160.0,2880.0
4304952,Caseiros - RS,2012,6500.0,6500.0,14560.0,2240.0
4304952,Caseiros - RS,2013,6000.0,6000.0,18000.0,3000.0
4304952,Caseiros - RS,2014,6700.0,6700.0,20100.0,3000.0
4304952,Caseiros - RS,2015,6700.0,6700.0,24120.0,3600.0
4304952,Caseiros - RS,2016,7000.0,7000.0,25200.0,3600.0
4304952,Caseiros - RS,2017,10447.0,10447.0,37609.0,3600.0
4304952,Caseiros - RS,2018,8000.0,8000.0,28800.0,3600.0
4304952,Caseiros - RS,2019,8000.0,8000.0,28800.0,3600.0
4304952,Caseiros - RS,2020,8000.0,8000.0,23040.0,2880.0
4304952,Caseiros - RS,2021,8000.0,8000.0,26400.0,3300.0
4304952,Caseiros - RS,2022,8000.0,8000.0,12000.0,1500.0
4304952,Caseiros - RS,2023,8000.0,8000.0,19200.0,2400.0
4304952,Caseiros - RS,2024,8200.0,8200.0,29520.0,3600.0
4304952,Caseiros - RS,2025,8700.0,8700.0,21924.0,2520.0
4305009,Catuípe - RS,2000,34000.0,34000.0,47600.0,1400.0
4305009,Catuípe - RS,2001,33000.0,33000.0,75240.0,2280.0
4305009,Catuípe - RS,2002,34000.0,34000.0,61200.0,1800.0
4305009,Catuípe - RS,2003,34500.0,34500.0,86940.0,2520.0
4305009,Catuípe - RS,2004,36000.0,36000.0,64800.0,1800.0
4305009,Catuípe - RS,2005,36000.0,35500.0,17750.0,500.0
4305009,Catuípe - RS,2006,34000.0,34000.0,61200.0,1800.0
4305009,Catuípe - RS,2007,33000.0,33000.0,82500.0,2500.0
4305009,Catuípe - RS,2008,34000.0,34000.0,68000.0,2000.0
4305009,Catuípe - RS,2009,34000.0,34000.0,71400.0,2100.0
4305009,Catuípe - RS,2010,35000.0,35000.0,84000.0,2400.0
4305009,Catuípe - RS,2011,34000.0,34000.0,95880.0,2820.0
4305009,Catuípe - RS,2012,34500.0,29500.0,17700.0,600.0
4305009,Catuípe - RS,2013,35000.0,35000.0,83300.0,2380.0
4305009,Catuípe - RS,2014,34000.0,34000.0,64600.0,1900.0
4305009,Catuípe - RS,2015,35200.0,35200.0,98666.0,2803.0
4305009,Catuípe - RS,2016,34500.0,34500.0,114450.0,3317.0
4305009,Catuípe - RS,2017,34500.0,34500.0,117330.0,3401.0
4305009,Catuípe - RS,2018,35300.0,35300.0,117210.0,3320.0
4305009,Catuípe - RS,2019,34770.0,34770.0,125172.0,3600.0
4305009,Catuípe - RS,2020,34500.0,34500.0,56880.0,1649.0
4305009,Catuípe - RS,2021,34800.0,34800.0,132240.0,3800.0
4305009,Catuípe - RS,2022,35000.0,28000.0,21300.0,761.0
4305009,Catuípe - RS,2023,35500.0,35500.0,48400.0,1363.0
4305009,Catuípe - RS,2024,36000.0,36000.0,120110.0,3336.0
4305009,Catuípe - RS,2025,37700.0,37700.0,58314.0,1547.0
4305108,Caxias do Sul - RS,2000,,,,
4305108,Caxias do Sul - RS,2001,,,,
4305108,Caxias do Sul - RS,2002,,,,
4305108,Caxias do Sul - RS,2003,,,,
4305108,Caxias do Sul - RS,2004,,,,
4305108,Caxias do Sul - RS,2005,,,,
4305108,Caxias do Sul - RS,2006,,,,
4305108,Caxias do Sul - RS,2007,,,,
4305108,Caxias do Sul - RS,2008,,,,
4305108,Caxias do Sul - RS,2009,,,,
4305108,Caxias do Sul - RS,2010,,,,
4305108,Caxias do Sul - RS,2011,,,,
4305108,Caxias do Sul - RS,2012,,,,
4305108,Caxias do Sul - RS,2013,,,,
4305108,Caxias do Sul - RS,2014,,,,
4305108,Caxias do Sul - RS,2015,,,,
4305108,Caxias do Sul - RS,2016,,,,
4305108,Caxias do Sul - RS,2017,150.0,150.0,540.0,3600.0
4305108,Caxias do Sul - RS,2018,350.0,350.0,1050.0,3000.0
4305108,Caxias do Sul - RS,2019,350.0,350.0,1120.0,3200.0
4305108,Caxias do Sul - RS,2020,350.0,350.0,893.0,2551.0
4305108,Caxias do Sul - RS,2021,350.0,350.0,893.0,2551.0
4305108,Caxias do Sul - RS,2022,350.0,350.0,893.0,2551.0
4305108,Caxias do Sul - RS,2023,500.0,500.0,1500.0,3000.0
4305108,Caxias do Sul - RS,2024,500.0,500.0,750.0,1500.0
4305108,Caxias do Sul - RS,2025,500.0,500.0,1500.0,3000.0
4302808,Caçapava do Sul - RS,2000,800.0,800.0,960.0,1200.0
4302808,Caçapava do Sul - RS,2001,1500.0,1500.0,3150.0,2100.0
4302808,Caçapava do Sul - RS,2002,2000.0,2000.0,4200.0,2100.0
4302808,Caçapava do Sul - RS,2003,3500.0,3500.0,7350.0,2100.0
4302808,Caçapava do Sul - RS,2004,7000.0,7000.0,7560.0,1080.0
4302808,Caçapava do Sul - RS,2005,9000.0,9000.0,3780.0,420.0
4302808,Caçapava do Sul - RS,2006,7000.0,7000.0,4410.0,630.0
4302808,Caçapava do Sul - RS,2007,5500.0,5500.0,11990.0,2180.0
4302808,Caçapava do Sul - RS,2008,6500.0,6500.0,15600.0,2400.0
4302808,Caçapava do Sul - RS,2009,7000.0,7000.0,16800.0,2400.0
4302808,Caçapava do Sul - RS,2010,7000.0,7000.0,16800.0,2400.0
4302808,Caçapava do Sul - RS,2011,7000.0,7000.0,16415.0,2345.0
4302808,Caçapava do Sul - RS,2012,10000.0,5000.0,6000.0,1200.0
4302808,Caçapava do Sul - RS,2013,15000.0,15000.0,36000.0,2400.0
4302808,Caçapava do Sul - RS,2014,15000.0,15000.0,34095.0,2273.0
4302808,Caçapava do Sul - RS,2015,15000.0,15000.0,39000.0,2600.0
4302808,Caçapava do Sul - RS,2016,15000.0,15000.0,36000.0,2400.0
4302808,Caçapava do Sul - RS,2017,21000.0,21000.0,50400.0,2400.0
4302808,Caçapava do Sul - RS,2018,22000.0,13200.0,33000.0,2500.0
4302808,Caçapava do Sul - RS,2019,22000.0,21560.0,53900.0,2500.0
4302808,Caçapava do Sul - RS,2020,24000.0,24000.0,23664.0,986.0
4302808,Caçapava do Sul - RS,2021,24000.0,24000.0,72000.0,3000.0
4302808,Caçapava do Sul - RS,2022,28000.0,28000.0,34440.0,1230.0
4302808,Caçapava do Sul - RS,2023,40250.0,40250.0,62790.0,1560.0
4302808,Caçapava do Sul - RS,2024,40000.0,40000.0,68360.0,1709.0
4302808,Caçapava do Sul - RS,2025,40000.0,40000.0,50000.0,1250.0
4305116,Centenário - RS,2000,3600.0,3600.0,5400.0,1500.0
4305116,Centenário - RS,2001,3650.0,3650.0,8760.0,2400.0
4305116,Centenário - RS,2002,4100.0,4100.0,6888.0,1680.0
4305116,Centenário - RS,2003,4650.0,4650.0,12555.0,2700.0
4305116,Centenário - RS,2004,5200.0,5200.0,8705.0,1674.0
4305116,Centenário - RS,2005,5550.0,4720.0,2549.0,540.0
4305116,Centenário - RS,2006,5200.0,5200.0,12636.0,2430.0
4305116,Centenário - RS,2007,5700.0,5700.0,16416.0,2880.0
4305116,Centenário - RS,2008,5000.0,5000.0,9000.0,1800.0
4305116,Centenário - RS,2009,5300.0,5300.0,12720.0,2400.0
4305116,Centenário - RS,2010,5700.0,5700.0,16530.0,2900.0
4305116,Centenário - RS,2011,6000.0,6000.0,19800.0,3300.0
4305116,Centenário - RS,2012,5700.0,5700.0,14535.0,2550.0
4305116,Centenário - RS,2013,5700.0,5700.0,11719.0,2056.0
4305116,Centenário - RS,2014,6000.0,6000.0,13200.0,2200.0
4305116,Centenário - RS,2015,6100.0,6100.0,20130.0,3300.0
4305116,Centenário - RS,2016,6300.0,6300.0,22743.0,3610.0
4305116,Centenário - RS,2017,6300.0,6300.0,22680.0,3600.0
4305116,Centenário - RS,2018,6300.0,6300.0,20790.0,3300.0
4305116,Centenário - RS,2019,6300.0,6300.0,25200.0,4000.0
4305116,Centenário - RS,2020,6300.0,6300.0,13230.0,2100.0
4305116,Centenário - RS,2021,6500.0,6500.0,21450.0,3300.0
4305116,Centenário - RS,2022,6500.0,6500.0,13000.0,2000.0
4305116,Centenário - RS,2023,6500.0,6500.0,22100.0,3400.0
4305116,Centenário - RS,2024,6500.0,6500.0,23725.0,3650.0
4305116,Centenário - RS,2025,6600.0,6600.0,14256.0,2160.0
4305124,Cerrito - RS,2000,600.0,600.0,984.0,1640.0
4305124,Cerrito - RS,2001,600.0,600.0,1080.0,1800.0
4305124,Cerrito - RS,2002,600.0,600.0,1080.0,1800.0
4305124,Cerrito - RS,2003,900.0,900.0,1620.0,1800.0
4305124,Cerrito - RS,2004,2500.0,2500.0,3300.0,1320.0
4305124,Cerrito - RS,2005,3000.0,2400.0,2160.0,900.0
4305124,Cerrito - RS,2006,2000.0,2000.0,3200.0,1600.0
4305124,Cerrito - RS,2007,2000.0,2000.0,3600.0,1800.0
4305124,Cerrito - RS,2008,2500.0,2500.0,4500.0,1800.0
4305124,Cerrito - RS,2009,2500.0,2500.0,5000.0,2000.0
4305124,Cerrito - RS,2010,2500.0,2500.0,5000.0,2000.0
4305124,Cerrito - RS,2011,2500.0,2500.0,4800.0,1920.0
4305124,Cerrito - RS,2012,2700.0,2700.0,5940.0,2200.0
4305124,Cerrito - RS,2013,3500.0,3500.0,8400.0,2400.0
4305124,Cerrito - RS,2014,3500.0,3500.0,8400.0,2400.0
4305124,Cerrito - RS,2015,5100.0,5100.0,12240.0,2400.0
4305124,Cerrito - RS,2016,5500.0,5500.0,7920.0,1440.0
4305124,Cerrito - RS,2017,5500.0,5500.0,16500.0,3000.0
4305124,Cerrito - RS,2018,5500.0,5500.0,11500.0,2091.0
4305124,Cerrito - RS,2019,6500.0,6500.0,15600.0,2400.0
4305124,Cerrito - RS,2020,6800.0,6800.0,11016.0,1620.0
4305124,Cerrito - RS,2021,6800.0,6800.0,22440.0,3300.0
4305124,Cerrito - RS,2022,7140.0,7140.0,25704.0,3600.0
4305124,Cerrito - RS,2023,8000.0,8000.0,15360.0,1920.0
4305124,Cerrito - RS,2024,11000.0,9900.0,19543.0,1974.0
4305124,Cerrito - RS,2025,11000.0,11000.0,29700.0,2700.0
4305132,Cerro Branco - RS,2000,,,,
4305132,Cerro Branco - RS,2001,,,,
4305132,Cerro Branco - RS,2002,130.0,130.0,273.0,2100.0
4305132,Cerro Branco - RS,2003,130.0,130.0,312.0,2400.0
4305132,Cerro Branco - RS,2004,180.0,180.0,216.0,1200.0
4305132,Cerro Branco - RS,2005,200.0,180.0,216.0,1200.0
4305132,Cerro Branco - RS,2006,200.0,200.0,360.0,1800.0
4305132,Cerro Branco - RS,2007,200.0,200.0,360.0,1800.0
4305132,Cerro Branco - RS,2008,250.0,250.0,500.0,2000.0
4305132,Cerro Branco - RS,2009,250.0,250.0,500.0,2000.0
4305132,Cerro Branco - RS,2010,250.0,250.0,600.0,2400.0
4305132,Cerro Branco - RS,2011,300.0,300.0,864.0,2880.0
4305132,Cerro Branco - RS,2012,400.0,400.0,840.0,2100.0
4305132,Cerro Branco - RS,2013,500.0,500.0,1500.0,3000.0
4305132,Cerro Branco - RS,2014,705.0,705.0,2015.0,2858.0
4305132,Cerro Branco - RS,2015,750.0,750.0,2160.0,2880.0
4305132,Cerro Branco - RS,2016,750.0,750.0,2154.0,2872.0
4305132,Cerro Branco - RS,2017,1050.0,1050.0,3360.0,3200.0
4305132,Cerro Branco - RS,2018,1100.0,1100.0,3630.0,3300.0
4305132,Cerro Branco - RS,2019,1170.0,1170.0,3650.0,3120.0
4305132,Cerro Branco - RS,2020,1200.0,1200.0,2160.0,1800.0
4305132,Cerro Branco - RS,2021,1300.0,1300.0,4290.0,3300.0
4305132,Cerro Branco - RS,2022,1400.0,1400.0,3528.0,2520.0
4305132,Cerro Branco - RS,2023,1400.0,1400.0,2352.0,1680.0
4305132,Cerro Branco - RS,2024,1430.0,1430.0,4033.0,2820.0
4305132,Cerro Branco - RS,2025,1450.0,1450.0,4205.0,2900.0
4305157,Cerro Grande - RS,2000,3000.0,3000.0,3300.0,1100.0
4305157,Cerro Grande - RS,2001,2700.0,2700.0,4320.0,1600.0
4305157,Cerro Grande - RS,2002,3000.0,3000.0,1800.0,600.0
4305157,Cerro Grande - RS,2003,3000.0,3000.0,5400.0,1800.0
4305157,Cerro Grande - RS,2004,3100.0,3100.0,2790.0,900.0
4305157,Cerro Grande - RS,2005,3200.0,3200.0,1152.0,360.0
4305157,Cerro Grande - RS,2006,2400.0,2400.0,4320.0,1800.0
4305157,Cerro Grande - RS,2007,2000.0,2000.0,4320.0,2160.0
4305157,Cerro Grande - RS,2008,2400.0,2400.0,3024.0,1260.0
4305157,Cerro Grande - RS,2009,2400.0,2400.0,4320.0,1800.0
4305157,Cerro Grande - RS,2010,3000.0,3000.0,8100.0,2700.0
4305157,Cerro Grande - RS,2011,3000.0,3000.0,8100.0,2700.0
4305157,Cerro Grande - RS,2012,3000.0,3000.0,1500.0,500.0
4305157,Cerro Grande - RS,2013,3000.0,3000.0,8100.0,2700.0
4305157,Cerro Grande - RS,2014,3000.0,3000.0,8700.0,2900.0
4305157,Cerro Grande - RS,2015,3500.0,3500.0,10500.0,3000.0
4305157,Cerro Grande - RS,2016,3700.0,3700.0,11766.0,3180.0
4305157,Cerro Grande - RS,2017,3400.0,3400.0,10880.0,3200.0
4305157,Cerro Grande - RS,2018,3200.0,3200.0,10560.0,3300.0
4305157,Cerro Grande - RS,2019,3200.0,3200.0,10560.0,3300.0
4305157,Cerro Grande - RS,2020,3200.0,3200.0,7680.0,2400.0
4305157,Cerro Grande - RS,2021,3200.0,3200.0,11520.0,3600.0
4305157,Cerro Grande - RS,2022,3200.0,3200.0,8000.0,2500.0
4305157,Cerro Grande - RS,2023,2800.0,2800.0,6552.0,2340.0
4305157,Cerro Grande - RS,2024,3100.0,3100.0,10230.0,3300.0
4305157,Cerro Grande - RS,2025,3600.0,3600.0,6912.0,1920.0
4305173,Cerro Grande do Sul - RS,2000,,,,
4305173,Cerro Grande do Sul - RS,2001,,,,
4305173,Cerro Grande do Sul - RS,2002,,,,
4305173,Cerro Grande do Sul - RS,2003,49.0,49.0,98.0,2000.0
4305173,Cerro Grande do Sul - RS,2004,15.0,15.0,23.0,1533.0
4305173,Cerro Grande do Sul - RS,2005,10.0,10.0,15.0,1500.0
4305173,Cerro Grande do Sul - RS,2006,,,,
4305173,Cerro Grande do Sul - RS,2007,,,,
4305173,Cerro Grande do Sul - RS,2008,35.0,35.0,84.0,2400.0
4305173,Cerro Grande do Sul - RS,2009,,,,
4305173,Cerro Grande do Sul - RS,2010,,,,
4305173,Cerro Grande do Sul - RS,2011,3.0,3.0,5.0,1667.0
4305173,Cerro Grande do Sul - RS,2012,13.0,13.0,22.0,1692.0
4305173,Cerro Grande do Sul - RS,2013,25.0,25.0,60.0,2400.0
4305173,Cerro Grande do Sul - RS,2014,30.0,30.0,72.0,2400.0
4305173,Cerro Grande do Sul - RS,2015,35.0,35.0,84.0,2400.0
4305173,Cerro Grande do Sul - RS,2016,100.0,100.0,240.0,2400.0
4305173,Cerro Grande do Sul - RS,2017,100.0,100.0,252.0,2520.0
4305173,Cerro Grande do Sul - RS,2018,150.0,150.0,360.0,2400.0
4305173,Cerro Grande do Sul - RS,2019,160.0,160.0,432.0,2700.0
4305173,Cerro Grande do Sul - RS,2020,160.0,160.0,288.0,1800.0
4305173,Cerro Grande do Sul - RS,2021,170.0,170.0,459.0,2700.0
4305173,Cerro Grande do Sul - RS,2022,170.0,170.0,510.0,3000.0
4305173,Cerro Grande do Sul - RS,2023,400.0,400.0,840.0,2100.0
4305173,Cerro Grande do Sul - RS,2024,450.0,225.0,675.0,3000.0
4305173,Cerro Grande do Sul - RS,2025,550.0,550.0,825.0,1500.0
4305207,Cerro Largo - RS,2000,6500.0,6500.0,5850.0,900.0
4305207,Cerro Largo - RS,2001,5000.0,5000.0,9900.0,1980.0
4305207,Cerro Largo - RS,2002,5600.0,5600.0,8736.0,1560.0
4305207,Cerro Largo - RS,2003,5800.0,5800.0,13920.0,2400.0
4305207,Cerro Largo - RS,2004,6000.0,5400.0,3888.0,720.0
4305207,Cerro Largo - RS,2005,5500.0,4750.0,1710.0,360.0
4305207,Cerro Largo - RS,2006,4800.0,4800.0,5280.0,1100.0
4305207,Cerro Largo - RS,2007,4500.0,4500.0,9450.0,2100.0
4305207,Cerro Largo - RS,2008,4500.0,4500.0,6300.0,1400.0
4305207,Cerro Largo - RS,2009,4500.0,4500.0,7020.0,1560.0
4305207,Cerro Largo - RS,2010,4700.0,4700.0,9870.0,2100.0
4305207,Cerro Largo - RS,2011,4800.0,4800.0,12960.0,2700.0
4305207,Cerro Largo - RS,2012,4800.0,4800.0,3456.0,720.0
4305207,Cerro Largo - RS,2013,5000.0,5000.0,11400.0,2280.0
4305207,Cerro Largo - RS,2014,5200.0,5200.0,11856.0,2280.0
4305207,Cerro Largo - RS,2015,5400.0,5400.0,13500.0,2500.0
4305207,Cerro Largo - RS,2016,5400.0,5400.0,16200.0,3000.0
4305207,Cerro Largo - RS,2017,5400.0,5400.0,17820.0,3300.0
4305207,Cerro Largo - RS,2018,5500.0,5500.0,16500.0,3000.0
4305207,Cerro Largo - RS,2019,4500.0,4500.0,16200.0,3600.0
4305207,Cerro Largo - RS,2020,4700.0,4700.0,9300.0,1979.0
4305207,Cerro Largo - RS,2021,4700.0,4700.0,12690.0,2700.0
4305207,Cerro Largo - RS,2022,4700.0,2350.0,423.0,180.0
4305207,Cerro Largo - RS,2023,4700.0,4700.0,2820.0,600.0
4305207,Cerro Largo - RS,2024,4700.0,4700.0,14100.0,3000.0
4305207,Cerro Largo - RS,2025,4700.0,4700.0,6768.0,1440.0
4305306,Chapada - RS,2000,36000.0,36000.0,82800.0,2300.0
4305306,Chapada - RS,2001,34500.0,34500.0,93150.0,2700.0
4305306,Chapada - RS,2002,34000.0,34000.0,71400.0,2100.0
4305306,Chapada - RS,2003,35000.0,35000.0,105000.0,3000.0
4305306,Chapada - RS,2004,36000.0,36000.0,57600.0,1600.0
4305306,Chapada - RS,2005,38000.0,38000.0,30400.0,800.0
4305306,Chapada - RS,2006,36000.0,36000.0,72000.0,2000.0
4305306,Chapada - RS,2007,37500.0,37500.0,95063.0,2535.0
4305306,Chapada - RS,2008,37000.0,37000.0,88800.0,2400.0
4305306,Chapada - RS,2009,38000.0,38000.0,85500.0,2250.0
4305306,Chapada - RS,2010,40000.0,40000.0,112000.0,2800.0
4305306,Chapada - RS,2011,39000.0,39000.0,132600.0,3400.0
4305306,Chapada - RS,2012,36000.0,36000.0,43200.0,1200.0
4305306,Chapada - RS,2013,38000.0,38000.0,102600.0,2700.0
4305306,Chapada - RS,2014,39000.0,39000.0,105300.0,2700.0
4305306,Chapada - RS,2015,42000.0,42000.0,126000.0,3000.0
4305306,Chapada - RS,2016,40000.0,40000.0,120000.0,3000.0
4305306,Chapada - RS,2017,39000.0,39000.0,152250.0,3904.0
4305306,Chapada - RS,2018,42800.0,42800.0,136080.0,3179.0
4305306,Chapada - RS,2019,40000.0,40000.0,144600.0,3615.0
4305306,Chapada - RS,2020,40000.0,40000.0,105600.0,2640.0
4305306,Chapada - RS,2021,39000.0,39000.0,129600.0,3323.0
4305306,Chapada - RS,2022,42000.0,42000.0,76800.0,1829.0
4305306,Chapada - RS,2023,43000.0,43000.0,91800.0,2135.0
4305306,Chapada - RS,2024,45000.0,45000.0,162000.0,3600.0
4305306,Chapada - RS,2025,43500.0,43500.0,131400.0,3021.0
4305355,Charqueadas - RS,2000,200.0,200.0,534.0,2670.0
4305355,Charqueadas - RS,2001,200.0,200.0,534.0,2670.0
4305355,Charqueadas - RS,2002,150.0,150.0,401.0,2673.0
4305355,Charqueadas - RS,2003,250.0,250.0,765.0,3060.0
4305355,Charqueadas - RS,2004,250.0,250.0,290.0,1160.0
4305355,Charqueadas - RS,2005,250.0,,,
4305355,Charqueadas - RS,2006,250.0,250.0,375.0,1500.0
4305355,Charqueadas - RS,2007,250.0,250.0,675.0,2700.0
4305355,Charqueadas - RS,2008,30.0,30.0,60.0,2000.0
4305355,Charqueadas - RS,2009,90.0,90.0,270.0,3000.0
4305355,Charqueadas - RS,2010,110.0,110.0,363.0,3300.0
4305355,Charqueadas - RS,2011,105.0,105.0,347.0,3305.0
4305355,Charqueadas - RS,2012,600.0,600.0,1260.0,2100.0
4305355,Charqueadas - RS,2013,1045.0,1045.0,3135.0,3000.0
4305355,Charqueadas - RS,2014,1330.0,1330.0,3591.0,2700.0
4305355,Charqueadas - RS,2015,1500.0,1500.0,4050.0,2700.0
4305355,Charqueadas - RS,2016,1436.0,1436.0,4360.0,3036.0
4305355,Charqueadas - RS,2017,1400.0,1400.0,4032.0,2880.0
4305355,Charqueadas - RS,2018,2300.0,2300.0,5750.0,2500.0
4305355,Charqueadas - RS,2019,3230.0,3230.0,9690.0,3000.0
4305355,Charqueadas - RS,2020,4682.0,4682.0,5057.0,1080.0
4305355,Charqueadas - RS,2021,4750.0,4750.0,11875.0,2500.0
4305355,Charqueadas - RS,2022,2935.0,2935.0,4403.0,1500.0
4305355,Charqueadas - RS,2023,2758.0,2758.0,2448.0,888.0
4305355,Charqueadas - RS,2024,2875.0,2875.0,4313.0,1500.0
4305355,Charqueadas - RS,2025,2225.0,2225.0,2670.0,1200.0
4305371,Charrua - RS,2000,4500.0,4500.0,9450.0,2100.0
4305371,Charrua - RS,2001,4500.0,4500.0,12420.0,2760.0
4305371,Charrua - RS,2002,5500.0,5500.0,9900.0,1800.0
4305371,Charrua - RS,2003,6500.0,6500.0,21450.0,3300.0
4305371,Charrua - RS,2004,6900.0,6900.0,11178.0,1620.0
4305371,Charrua - RS,2005,7200.0,5760.0,3110.0,539.0
4305371,Charrua - RS,2006,6000.0,6000.0,18000.0,3000.0
4305371,Charrua - RS,2007,6500.0,6500.0,21450.0,3300.0
4305371,Charrua - RS,2008,7000.0,7000.0,17500.0,2500.0
4305371,Charrua - RS,2009,6700.0,6700.0,16080.0,2400.0
4305371,Charrua - RS,2010,8450.0,8450.0,27885.0,3300.0
4305371,Charrua - RS,2011,8750.0,8750.0,28875.0,3300.0
4305371,Charrua - RS,2012,8250.0,8250.0,19800.0,2400.0
4305371,Charrua - RS,2013,8750.0,8750.0,27738.0,3170.0
4305371,Charrua - RS,2014,9100.0,9100.0,30030.0,3300.0
4305371,Charrua - RS,2015,9300.0,9300.0,31806.0,3420.0
4305371,Charrua - RS,2016,9700.0,9700.0,32980.0,3400.0
4305371,Charrua - RS,2017,9350.0,9350.0,34782.0,3720.0
4305371,Charrua - RS,2018,10010.0,10010.0,36036.0,3600.0
4305371,Charrua - RS,2019,9510.0,9510.0,35948.0,3780.0
4305371,Charrua - RS,2020,9310.0,9310.0,20482.0,2200.0
4305371,Charrua - RS,2021,9470.0,9470.0,31251.0,3300.0
4305371,Charrua - RS,2022,9570.0,9540.0,22896.0,2400.0
4305371,Charrua - RS,2023,9800.0,9800.0,35280.0,3600.0
4305371,Charrua - RS,2024,10000.0,9900.0,30690.0,3100.0
4305371,Charrua - RS,2025,10100.0,10100.0,27270.0,2700.0
4305405,Chiapetta - RS,2000,24000.0,24000.0,40800.0,1700.0
4305405,Chiapetta - RS,2001,23000.0,23000.0,55200.0,2400.0
4305405,Chiapetta - RS,2002,25000.0,25000.0,40500.0,1620.0
4305405,Chiapetta - RS,2003,25000.0,25000.0,62500.0,2500.0
4305405,Chiapetta - RS,2004,25500.0,25500.0,41310.0,1620.0
4305405,Chiapetta - RS,2005,26000.0,24000.0,10080.0,420.0
4305405,Chiapetta - RS,2006,25000.0,25000.0,33000.0,1320.0
4305405,Chiapetta - RS,2007,25000.0,25000.0,60000.0,2400.0
4305405,Chiapetta - RS,2008,23500.0,23500.0,45120.0,1920.0
4305405,Chiapetta - RS,2009,24000.0,24000.0,50400.0,2100.0
4305405,Chiapetta - RS,2010,24000.0,24000.0,60480.0,2520.0
4305405,Chiapetta - RS,2011,24000.0,24000.0,75600.0,3150.0
4305405,Chiapetta - RS,2012,24000.0,24000.0,12000.0,500.0
4305405,Chiapetta - RS,2013,24500.0,24500.0,70560.0,2880.0
4305405,Chiapetta - RS,2014,25300.0,25300.0,71136.0,2812.0
4305405,Chiapetta - RS,2015,26730.0,26730.0,90673.0,3392.0
4305405,Chiapetta - RS,2016,24960.0,24960.0,87500.0,3506.0
4305405,Chiapetta - RS,2017,26900.0,26900.0,105210.0,3911.0
4305405,Chiapetta - RS,2018,25900.0,25900.0,95670.0,3694.0
4305405,Chiapetta - RS,2019,26700.0,26700.0,94943.0,3556.0
4305405,Chiapetta - RS,2020,25300.0,25300.0,72450.0,2864.0
4305405,Chiapetta - RS,2021,25500.0,25500.0,96654.0,3790.0
4305405,Chiapetta - RS,2022,29000.0,29000.0,32100.0,1107.0
4305405,Chiapetta - RS,2023,29000.0,29000.0,70017.0,2414.0
4305405,Chiapetta - RS,2024,29500.0,29500.0,110819.0,3757.0
4305405,Chiapetta - RS,2025,30400.0,30400.0,94611.0,3112.0
4305447,Chuvisca - RS,2000,2.0,2.0,2.0,1000.0
4305447,Chuvisca - RS,2001,2.0,2.0,4.0,2000.0
4305447,Chuvisca - RS,2002,,,,
4305447,Chuvisca - RS,2003,,,,
4305447,Chuvisca - RS,2004,,,,
4305447,Chuvisca - RS,2005,,,,
4305447,Chuvisca - RS,2006,,,,
4305447,Chuvisca - RS,2007,,,,
4305447,Chuvisca - RS,2008,,,,
4305447,Chuvisca - RS,2009,,,,
4305447,Chuvisca - RS,2010,,,,
4305447,Chuvisca - RS,2011,,,,
4305447,Chuvisca - RS,2012,,,,
4305447,Chuvisca - RS,2013,,,,
4305447,Chuvisca - RS,2014,,,,
4305447,Chuvisca - RS,2015,,,,
4305447,Chuvisca - RS,2016,,,,
4305447,Chuvisca - RS,2017,15.0,15.0,42.0,2800.0
4305447,Chuvisca - RS,2018,,,,
4305447,Chuvisca - RS,2019,,,,
4305447,Chuvisca - RS,2020,20.0,20.0,25.0,1250.0
4305447,Chuvisca - RS,2021,20.0,20.0,56.0,2800.0
4305447,Chuvisca - RS,2022,100.0,100.0,280.0,2800.0
4305447,Chuvisca - RS,2023,120.0,120.0,288.0,2400.0
4305447,Chuvisca - RS,2024,500.0,300.0,378.0,1260.0
4305447,Chuvisca - RS,2025,350.0,350.0,735.0,2100.0
4305439,Chuí - RS,2000,,,,
4305439,Chuí - RS,2001,,,,
4305439,Chuí - RS,2002,,,,
4305439,Chuí - RS,2003,,,,
4305439,Chuí - RS,2004,,,,
4305439,Chuí - RS,2005,,,,
4305439,Chuí - RS,2006,,,,
4305439,Chuí - RS,2007,,,,
4305439,Chuí - RS,2008,,,,
4305439,Chuí - RS,2009,,,,
4305439,Chuí - RS,2010,,,,
4305439,Chuí - RS,2011,,,,
4305439,Chuí - RS,2012,,,,
4305439,Chuí - RS,2013,975.0,975.0,1463.0,1501.0
4305439,Chuí - RS,2014,1242.0,1242.0,2236.0,1800.0
4305439,Chuí - RS,2015,1678.0,1678.0,4229.0,2520.0
4305439,Chuí - RS,2016,1570.0,1315.0,2614.0,1988.0
4305439,Chuí - RS,2017,1063.0,1063.0,2113.0,1988.0
4305439,Chuí - RS,2018,1001.0,1001.0,2763.0,2760.0
4305439,Chuí - RS,2019,1556.0,1556.0,5466.0,3513.0
4305439,Chuí - RS,2020,1300.0,1300.0,3588.0,2760.0
4305439,Chuí - RS,2021,2200.0,2200.0,5507.0,2503.0
4305439,Chuí - RS,2022,2805.0,2805.0,9593.0,3420.0
4305439,Chuí - RS,2023,4600.0,4600.0,15732.0,3420.0
4305439,Chuí - RS,2024,5116.0,5116.0,11255.0,2200.0
4305439,Chuí - RS,2025,4700.0,4700.0,10340.0,2200.0
4305454,Cidreira - RS,2000,,,,
4305454,Cidreira - RS,2001,,,,
4305454,Cidreira - RS,2002,,,,
4305454,Cidreira - RS,2003,,,,
4305454,Cidreira - RS,2004,,,,
4305454,Cidreira - RS,2005,,,,
4305454,Cidreira - RS,2006,,,,
4305454,Cidreira - RS,2007,,,,
4305454,Cidreira - RS,2008,,,,
4305454,Cidreira - RS,2009,,,,
4305454,Cidreira - RS,2010,,,,
4305454,Cidreira - RS,2011,,,,
4305454,Cidreira - RS,2012,40.0,40.0,92.0,2300.0
4305454,Cidreira - RS,2013,120.0,120.0,360.0,3000.0
4305454,Cidreira - RS,2014,200.0,200.0,600.0,3000.0
4305454,Cidreira - RS,2015,300.0,300.0,900.0,3000.0
4305454,Cidreira - RS,2016,253.0,253.0,820.0,3241.0
4305454,Cidreira - RS,2017,260.0,260.0,900.0,3462.0
4305454,Cidreira - RS,2018,260.0,260.0,780.0,3000.0
4305454,Cidreira - RS,2019,260.0,260.0,780.0,3000.0
4305454,Cidreira - RS,2020,130.0,130.0,208.0,1600.0
4305454,Cidreira - RS,2021,80.0,80.0,246.0,3075.0
4305454,Cidreira - RS,2022,65.0,65.0,163.0,2508.0
4305454,Cidreira - RS,2023,598.0,598.0,1650.0,2759.0
4305454,Cidreira - RS,2024,500.0,,,
4305454,Cidreira - RS,2025,65.0,65.0,189.0,2908.0
4305504,Ciríaco - RS,2000,6000.0,6000.0,11520.0,1920.0
4305504,Ciríaco - RS,2001,5600.0,5600.0,15120.0,2700.0
4305504,Ciríaco - RS,2002,6450.0,6450.0,15499.0,2402.0
4305504,Ciríaco - RS,2003,6500.0,6500.0,18850.0,2900.0
4305504,Ciríaco - RS,2004,7200.0,7200.0,13608.0,1890.0
4305504,Ciríaco - RS,2005,8500.0,7480.0,4488.0,600.0
4305504,Ciríaco - RS,2006,8000.0,8000.0,21600.0,2700.0
4305504,Ciríaco - RS,2007,8500.0,8500.0,25500.0,3000.0
4305504,Ciríaco - RS,2008,9000.0,9000.0,21870.0,2430.0
4305504,Ciríaco - RS,2009,9000.0,9000.0,13500.0,1500.0
4305504,Ciríaco - RS,2010,9000.0,9000.0,27000.0,3000.0
4305504,Ciríaco - RS,2011,9000.0,9000.0,31500.0,3500.0
4305504,Ciríaco - RS,2012,9000.0,9000.0,17280.0,1920.0
4305504,Ciríaco - RS,2013,9500.0,9500.0,28500.0,3000.0
4305504,Ciríaco - RS,2014,9500.0,9500.0,27075.0,2850.0
4305504,Ciríaco - RS,2015,10000.0,10000.0,32000.0,3200.0
4305504,Ciríaco - RS,2016,12500.0,12500.0,40000.0,3200.0
4305504,Ciríaco - RS,2017,13500.0,13500.0,43200.0,3200.0
4305504,Ciríaco - RS,2018,12500.0,12500.0,40625.0,3250.0
4305504,Ciríaco - RS,2019,12000.0,12000.0,42000.0,3500.0
4305504,Ciríaco - RS,2020,13000.0,13000.0,22789.0,1753.0
4305504,Ciríaco - RS,2021,13000.0,13000.0,45500.0,3500.0
4305504,Ciríaco - RS,2022,12000.0,12000.0,21600.0,1800.0
4305504,Ciríaco - RS,2023,12800.0,12800.0,29184.0,2280.0
4305504,Ciríaco - RS,2024,13000.0,13000.0,39000.0,3000.0
4305504,Ciríaco - RS,2025,13500.0,13500.0,40500.0,3000.0
4305587,Colinas - RS,2000,400.0,400.0,640.0,1600.0
4305587,Colinas - RS,2001,350.0,350.0,735.0,2100.0
4305587,Colinas - RS,2002,450.0,450.0,756.0,1680.0
4305587,Colinas - RS,2003,400.0,400.0,840.0,2100.0
4305587,Colinas - RS,2004,400.0,400.0,294.0,735.0
4305587,Colinas - RS,2005,500.0,500.0,180.0,360.0
4305587,Colinas - RS,2006,450.0,450.0,540.0,1200.0
4305587,Colinas - RS,2007,450.0,450.0,900.0,2000.0
4305587,Colinas - RS,2008,450.0,450.0,1080.0,2400.0
4305587,Colinas - RS,2009,500.0,500.0,1080.0,2160.0
4305587,Colinas - RS,2010,500.0,480.0,1296.0,2700.0
4305587,Colinas - RS,2011,500.0,500.0,1350.0,2700.0
4305587,Colinas - RS,2012,450.0,450.0,945.0,2100.0
4305587,Colinas - RS,2013,450.0,450.0,1485.0,3300.0
4305587,Colinas - RS,2014,450.0,450.0,1485.0,3300.0
4305587,Colinas - RS,2015,450.0,450.0,1620.0,3600.0
4305587,Colinas - RS,2016,450.0,450.0,1485.0,3300.0
4305587,Colinas - RS,2017,450.0,450.0,1620.0,3600.0
4305587,Colinas - RS,2018,500.0,500.0,1950.0,3900.0
4305587,Colinas - RS,2019,500.0,500.0,1650.0,3300.0
4305587,Colinas - RS,2020,500.0,500.0,941.0,1882.0
4305587,Colinas - RS,2021,500.0,500.0,1650.0,3300.0
4305587,Colinas - RS,2022,400.0,400.0,560.0,1400.0
4305587,Colinas - RS,2023,500.0,500.0,1250.0,2500.0
4305587,Colinas - RS,2024,500.0,130.0,455.0,3500.0
4305587,Colinas - RS,2025,400.0,400.0,1260.0,3150.0
4305603,Colorado - RS,2000,15100.0,15100.0,30200.0,2000.0
4305603,Colorado - RS,2001,15100.0,15100.0,45300.0,3000.0
4305603,Colorado - RS,2002,16000.0,16000.0,38400.0,2400.0
4305603,Colorado - RS,2003,15900.0,15900.0,52470.0,3300.0
4305603,Colorado - RS,2004,17000.0,17000.0,32130.0,1890.0
4305603,Colorado - RS,2005,17000.0,16970.0,15273.0,900.0
4305603,Colorado - RS,2006,17000.0,17000.0,43860.0,2580.0
4305603,Colorado - RS,2007,17200.0,17200.0,52632.0,3060.0
4305603,Colorado - RS,2008,17000.0,17000.0,45900.0,2700.0
4305603,Colorado - RS,2009,15000.0,15000.0,43200.0,2880.0
4305603,Colorado - RS,2010,15500.0,15500.0,51150.0,3300.0
4305603,Colorado - RS,2011,16000.0,16000.0,59200.0,3700.0
4305603,Colorado - RS,2012,15300.0,15300.0,24786.0,1620.0
4305603,Colorado - RS,2013,16900.0,16900.0,58812.0,3480.0
4305603,Colorado - RS,2014,16600.0,16600.0,51792.0,3120.0
4305603,Colorado - RS,2015,17350.0,17350.0,67665.0,3900.0
4305603,Colorado - RS,2016,17350.0,17350.0,70788.0,4080.0
4305603,Colorado - RS,2017,17350.0,17350.0,77034.0,4440.0
4305603,Colorado - RS,2018,18100.0,18100.0,80545.0,4450.0
4305603,Colorado - RS,2019,18100.0,18100.0,76020.0,4200.0
4305603,Colorado - RS,2020,17820.0,17820.0,39606.0,2223.0
4305603,Colorado - RS,2021,17600.0,17600.0,79200.0,4500.0
4305603,Colorado - RS,2022,17567.0,17567.0,36906.0,2101.0
4305603,Colorado - RS,2023,18017.0,18017.0,37861.0,2101.0
4305603,Colorado - RS,2024,18020.0,18020.0,75672.0,4199.0
4305603,Colorado - RS,2025,18420.0,18420.0,44232.0,2401.0
4305702,Condor - RS,2000,27500.0,27500.0,49500.0,1800.0
4305702,Condor - RS,2001,26100.0,26100.0,70470.0,2700.0
4305702,Condor - RS,2002,27100.0,27100.0,55284.0,2040.0
4305702,Condor - RS,2003,28000.0,28000.0,84840.0,3030.0
4305702,Condor - RS,2004,29740.0,29740.0,39257.0,1320.0
4305702,Condor - RS,2005,30000.0,28600.0,17160.0,600.0
4305702,Condor - RS,2006,28000.0,28000.0,58800.0,2100.0
4305702,Condor - RS,2007,28000.0,28000.0,75600.0,2700.0
4305702,Condor - RS,2008,28000.0,28000.0,58800.0,2100.0
4305702,Condor - RS,2009,28000.0,28000.0,67200.0,2400.0
4305702,Condor - RS,2010,29000.0,29000.0,75400.0,2600.0
4305702,Condor - RS,2011,29000.0,29000.0,87000.0,3000.0
4305702,Condor - RS,2012,29000.0,29000.0,29000.0,1000.0
4305702,Condor - RS,2013,29000.0,29000.0,78300.0,2700.0
4305702,Condor - RS,2014,29000.0,29000.0,78300.0,2700.0
4305702,Condor - RS,2015,29000.0,29000.0,111528.0,3846.0
4305702,Condor - RS,2016,29400.0,29400.0,109560.0,3727.0
4305702,Condor - RS,2017,29100.0,29100.0,120480.0,4140.0
4305702,Condor - RS,2018,29700.0,29700.0,117990.0,3973.0
4305702,Condor - RS,2019,29400.0,29400.0,110264.0,3750.0
4305702,Condor - RS,2020,29400.0,29400.0,69447.0,2362.0
4305702,Condor - RS,2021,29400.0,29400.0,106820.0,3633.0
4305702,Condor - RS,2022,29400.0,29400.0,54390.0,1850.0
4305702,Condor - RS,2023,30400.0,30400.0,61464.0,2022.0
4305702,Condor - RS,2024,30400.0,30400.0,118776.0,3907.0
4305702,Condor - RS,2025,30800.0,30800.0,72978.0,2369.0
4305801,Constantina - RS,2000,12900.0,12900.0,23220.0,1800.0
4305801,Constantina - RS,2001,7700.0,7700.0,16632.0,2160.0
4305801,Constantina - RS,2002,9700.0,9700.0,10476.0,1080.0
4305801,Constantina - RS,2003,10500.0,10500.0,28350.0,2700.0
4305801,Constantina - RS,2004,9800.0,9800.0,11760.0,1200.0
4305801,Constantina - RS,2005,10000.0,10000.0,2400.0,240.0
4305801,Constantina - RS,2006,9200.0,9200.0,22080.0,2400.0
4305801,Constantina - RS,2007,9950.0,9950.0,24875.0,2500.0
4305801,Constantina - RS,2008,8550.0,8550.0,17955.0,2100.0
4305801,Constantina - RS,2009,8600.0,8600.0,19608.0,2280.0
4305801,Constantina - RS,2010,10350.0,10350.0,27945.0,2700.0
4305801,Constantina - RS,2011,10120.0,10120.0,33396.0,3300.0
4305801,Constantina - RS,2012,11000.0,11000.0,9900.0,900.0
4305801,Constantina - RS,2013,12000.0,12000.0,29700.0,2475.0
4305801,Constantina - RS,2014,11000.0,11000.0,28600.0,2600.0
4305801,Constantina - RS,2015,9800.0,9800.0,32340.0,3300.0
4305801,Constantina - RS,2016,9900.0,9900.0,32670.0,3300.0
4305801,Constantina - RS,2017,9902.0,9902.0,34658.0,3500.0
4305801,Constantina - RS,2018,10230.0,10230.0,32736.0,3200.0
4305801,Constantina - RS,2019,10400.0,10400.0,37440.0,3600.0
4305801,Constantina - RS,2020,12000.0,12000.0,21600.0,1800.0
4305801,Constantina - RS,2021,12500.0,12500.0,41250.0,3300.0
4305801,Constantina - RS,2022,12500.0,12500.0,22500.0,1800.0
4305801,Constantina - RS,2023,12500.0,12500.0,27500.0,2200.0
4305801,Constantina - RS,2024,12500.0,12500.0,45000.0,3600.0
4305801,Constantina - RS,2025,12950.0,12950.0,31080.0,2400.0
4305835,Coqueiro Baixo - RS,2000,,,,
4305835,Coqueiro Baixo - RS,2001,1.0,1.0,2.0,2000.0
4305835,Coqueiro Baixo - RS,2002,2.0,2.0,4.0,2000.0
4305835,Coqueiro Baixo - RS,2003,2.0,2.0,5.0,2500.0
4305835,Coqueiro Baixo - RS,2004,16.0,16.0,28.0,1750.0
4305835,Coqueiro Baixo - RS,2005,65.0,34.0,12.0,352.0
4305835,Coqueiro Baixo - RS,2006,20.0,20.0,46.0,2300.0
4305835,Coqueiro Baixo - RS,2007,45.0,45.0,32.0,711.0
4305835,Coqueiro Baixo - RS,2008,45.0,45.0,81.0,1800.0
4305835,Coqueiro Baixo - RS,2009,40.0,40.0,72.0,1800.0
4305835,Coqueiro Baixo - RS,2010,40.0,40.0,84.0,2100.0
4305835,Coqueiro Baixo - RS,2011,40.0,40.0,96.0,2400.0
4305835,Coqueiro Baixo - RS,2012,40.0,40.0,59.0,1475.0
4305835,Coqueiro Baixo - RS,2013,30.0,30.0,90.0,3000.0
4305835,Coqueiro Baixo - RS,2014,30.0,30.0,90.0,3000.0
4305835,Coqueiro Baixo - RS,2015,30.0,30.0,90.0,3000.0
4305835,Coqueiro Baixo - RS,2016,30.0,30.0,90.0,3000.0
4305835,Coqueiro Baixo - RS,2017,20.0,20.0,60.0,3000.0
4305835,Coqueiro Baixo - RS,2018,28.0,28.0,84.0,3000.0
4305835,Coqueiro Baixo - RS,2019,20.0,20.0,60.0,3000.0
4305835,Coqueiro Baixo - RS,2020,28.0,28.0,24.0,857.0
4305835,Coqueiro Baixo - RS,2021,28.0,28.0,84.0,3000.0
4305835,Coqueiro Baixo - RS,2022,28.0,28.0,28.0,1000.0
4305835,Coqueiro Baixo - RS,2023,40.0,40.0,60.0,1500.0
4305835,Coqueiro Baixo - RS,2024,40.0,40.0,113.0,2825.0
4305835,Coqueiro Baixo - RS,2025,40.0,40.0,84.0,2100.0
4305850,Coqueiros do Sul - RS,2000,11000.0,11000.0,19800.0,1800.0
4305850,Coqueiros do Sul - RS,2001,11000.0,11000.0,23100.0,2100.0
4305850,Coqueiros do Sul - RS,2002,12000.0,12000.0,25200.0,2100.0
4305850,Coqueiros do Sul - RS,2003,12200.0,12200.0,32940.0,2700.0
4305850,Coqueiros do Sul - RS,2004,13000.0,13000.0,16900.0,1300.0
4305850,Coqueiros do Sul - RS,2005,13000.0,13000.0,5590.0,430.0
4305850,Coqueiros do Sul - RS,2006,11000.0,11000.0,22000.0,2000.0
4305850,Coqueiros do Sul - RS,2007,12200.0,12200.0,36600.0,3000.0
4305850,Coqueiros do Sul - RS,2008,10500.0,10500.0,25200.0,2400.0
4305850,Coqueiros do Sul - RS,2009,12000.0,12000.0,24000.0,2000.0
4305850,Coqueiros do Sul - RS,2010,12300.0,12300.0,36900.0,3000.0
4305850,Coqueiros do Sul - RS,2011,12000.0,12000.0,36000.0,3000.0
4305850,Coqueiros do Sul - RS,2012,11600.0,11600.0,20880.0,1800.0
4305850,Coqueiros do Sul - RS,2013,12000.0,12000.0,28800.0,2400.0
4305850,Coqueiros do Sul - RS,2014,12000.0,12000.0,34560.0,2880.0
4305850,Coqueiros do Sul - RS,2015,13500.0,13500.0,44550.0,3300.0
4305850,Coqueiros do Sul - RS,2016,13500.0,13500.0,43740.0,3240.0
4305850,Coqueiros do Sul - RS,2017,13500.0,13500.0,52650.0,3900.0
4305850,Coqueiros do Sul - RS,2018,14800.0,14800.0,53280.0,3600.0
4305850,Coqueiros do Sul - RS,2019,14800.0,14800.0,49728.0,3360.0
4305850,Coqueiros do Sul - RS,2020,14800.0,14800.0,44400.0,3000.0
4305850,Coqueiros do Sul - RS,2021,15000.0,15000.0,51300.0,3420.0
4305850,Coqueiros do Sul - RS,2022,15270.0,15000.0,27000.0,1800.0
4305850,Coqueiros do Sul - RS,2023,15270.0,15270.0,39702.0,2600.0
4305850,Coqueiros do Sul - RS,2024,15570.0,15570.0,51381.0,3300.0
4305850,Coqueiros do Sul - RS,2025,16000.0,16000.0,31680.0,1980.0
4305871,Coronel Barros - RS,2000,11000.0,11000.0,10560.0,960.0
4305871,Coronel Barros - RS,2001,10800.0,10800.0,25920.0,2400.0
4305871,Coronel Barros - RS,2002,11000.0,11000.0,22550.0,2050.0
4305871,Coronel Barros - RS,2003,11200.0,11200.0,30240.0,2700.0
4305871,Coronel Barros - RS,2004,11200.0,11200.0,16800.0,1500.0
4305871,Coronel Barros - RS,2005,11200.0,10080.0,4838.0,479.0
4305871,Coronel Barros - RS,2006,10700.0,10700.0,23112.0,2160.0
4305871,Coronel Barros - RS,2007,10800.0,10800.0,25920.0,2400.0
4305871,Coronel Barros - RS,2008,10500.0,10500.0,21000.0,2000.0
4305871,Coronel Barros - RS,2009,10500.0,10500.0,21000.0,2000.0
4305871,Coronel Barros - RS,2010,10500.0,10500.0,27090.0,2580.0
4305871,Coronel Barros - RS,2011,11000.0,11000.0,29700.0,2700.0
4305871,Coronel Barros - RS,2012,10800.0,10800.0,19440.0,1800.0
4305871,Coronel Barros - RS,2013,10800.0,10800.0,29160.0,2700.0
4305871,Coronel Barros - RS,2014,11000.0,11000.0,23100.0,2100.0
4305871,Coronel Barros - RS,2015,11000.0,11000.0,30360.0,2760.0
4305871,Coronel Barros - RS,2016,11000.0,11000.0,34320.0,3120.0
4305871,Coronel Barros - RS,2017,11000.0,11000.0,39600.0,3600.0
4305871,Coronel Barros - RS,2018,11000.0,11000.0,33000.0,3000.0
4305871,Coronel Barros - RS,2019,11000.0,11000.0,39600.0,3600.0
4305871,Coronel Barros - RS,2020,11000.0,11000.0,18260.0,1660.0
4305871,Coronel Barros - RS,2021,11000.0,11000.0,42900.0,3900.0
4305871,Coronel Barros - RS,2022,11650.0,10550.0,5352.0,507.0
4305871,Coronel Barros - RS,2023,11650.0,11650.0,7170.0,615.0
4305871,Coronel Barros - RS,2024,11890.0,11890.0,39009.0,3281.0
4305871,Coronel Barros - RS,2025,11815.0,11815.0,12098.0,1024.0
4305900,Coronel Bicaco - RS,2000,30000.0,30000.0,60750.0,2025.0
4305900,Coronel Bicaco - RS,2001,30000.0,30000.0,60750.0,2025.0
4305900,Coronel Bicaco - RS,2002,32000.0,32000.0,33472.0,1046.0
4305900,Coronel Bicaco - RS,2003,32000.0,32000.0,67200.0,2100.0
4305900,Coronel Bicaco - RS,2004,33000.0,33000.0,36300.0,1100.0
4305900,Coronel Bicaco - RS,2005,33000.0,33000.0,6600.0,200.0
4305900,Coronel Bicaco - RS,2006,33000.0,33000.0,66000.0,2000.0
4305900,Coronel Bicaco - RS,2007,33000.0,33000.0,75570.0,2290.0
4305900,Coronel Bicaco - RS,2008,32000.0,32000.0,34560.0,1080.0
4305900,Coronel Bicaco - RS,2009,32000.0,32000.0,57600.0,1800.0
4305900,Coronel Bicaco - RS,2010,33000.0,33000.0,85800.0,2600.0
4305900,Coronel Bicaco - RS,2011,33000.0,33000.0,89100.0,2700.0
4305900,Coronel Bicaco - RS,2012,33000.0,33000.0,66000.0,2000.0
4305900,Coronel Bicaco - RS,2013,34600.0,34600.0,90000.0,2601.0
4305900,Coronel Bicaco - RS,2014,34600.0,34600.0,103800.0,3000.0
4305900,Coronel Bicaco - RS,2015,34600.0,34600.0,108921.0,3148.0
4305900,Coronel Bicaco - RS,2016,35000.0,35000.0,126000.0,3600.0
4305900,Coronel Bicaco - RS,2017,35000.0,35000.0,126210.0,3606.0
4305900,Coronel Bicaco - RS,2018,35010.0,35010.0,105035.0,3000.0
4305900,Coronel Bicaco - RS,2019,34500.0,34500.0,124200.0,3600.0
4305900,Coronel Bicaco - RS,2020,34500.0,34500.0,83400.0,2417.0
4305900,Coronel Bicaco - RS,2021,36000.0,36000.0,130800.0,3633.0
4305900,Coronel Bicaco - RS,2022,34000.0,34000.0,44400.0,1306.0
4305900,Coronel Bicaco - RS,2023,34000.0,34000.0,103200.0,3035.0
4305900,Coronel Bicaco - RS,2024,34000.0,34000.0,122400.0,3600.0
4305900,Coronel Bicaco - RS,2025,34000.0,34000.0,90000.0,2647.0
4305934,Coronel Pilar - RS,2000,,,,
4305934,Coronel Pilar - RS,2001,,,,
4305934,Coronel Pilar - RS,2002,3.0,3.0,5.0,1666.0
4305934,Coronel Pilar - RS,2003,10.0,10.0,18.0,1800.0
4305934,Coronel Pilar - RS,2004,10.0,10.0,18.0,1800.0
4305934,Coronel Pilar - RS,2005,10.0,10.0,12.0,1200.0
4305934,Coronel Pilar - RS,2006,10.0,10.0,18.0,1800.0
4305934,Coronel Pilar - RS,2007,10.0,10.0,18.0,1800.0
4305934,Coronel Pilar - RS,2008,8.0,8.0,14.0,1750.0
4305934,Coronel Pilar - RS,2009,8.0,8.0,14.0,1750.0
4305934,Coronel Pilar - RS,2010,8.0,8.0,14.0,1750.0
4305934,Coronel Pilar - RS,2011,,,,
4305934,Coronel Pilar - RS,2012,,,,
4305934,Coronel Pilar - RS,2013,,,,
4305934,Coronel Pilar - RS,2014,,,,
4305934,Coronel Pilar - RS,2015,,,,
4305934,Coronel Pilar - RS,2016,,,,
4305934,Coronel Pilar - RS,2017,,,,
4305934,Coronel Pilar - RS,2018,,,,
4305934,Coronel Pilar - RS,2019,,,,
4305934,Coronel Pilar - RS,2020,,,,
4305934,Coronel Pilar - RS,2021,,,,
4305934,Coronel Pilar - RS,2022,,,,
4305934,Coronel Pilar - RS,2023,,,,
4305934,Coronel Pilar - RS,2024,,,,
4305934,Coronel Pilar - RS,2025,,,,
4305959,Cotiporã - RS,2000,10.0,10.0,7.0,700.0
4305959,Cotiporã - RS,2001,10.0,10.0,24.0,2400.0
4305959,Cotiporã - RS,2002,20.0,20.0,48.0,2400.0
4305959,Cotiporã - RS,2003,30.0,30.0,108.0,3600.0
4305959,Cotiporã - RS,2004,40.0,40.0,86.0,2150.0
4305959,Cotiporã - RS,2005,60.0,60.0,36.0,600.0
4305959,Cotiporã - RS,2006,60.0,60.0,162.0,2700.0
4305959,Cotiporã - RS,2007,60.0,60.0,162.0,2700.0
4305959,Cotiporã - RS,2008,60.0,60.0,162.0,2700.0
4305959,Cotiporã - RS,2009,60.0,60.0,180.0,3000.0
4305959,Cotiporã - RS,2010,60.0,60.0,180.0,3000.0
4305959,Cotiporã - RS,2011,40.0,40.0,120.0,3000.0
4305959,Cotiporã - RS,2012,75.0,75.0,190.0,2533.0
4305959,Cotiporã - RS,2013,75.0,75.0,270.0,3600.0
4305959,Cotiporã - RS,2014,80.0,80.0,288.0,3600.0
4305959,Cotiporã - RS,2015,160.0,160.0,576.0,3600.0
4305959,Cotiporã - RS,2016,150.0,150.0,540.0,3600.0
4305959,Cotiporã - RS,2017,210.0,210.0,819.0,3900.0
4305959,Cotiporã - RS,2018,210.0,210.0,706.0,3362.0
4305959,Cotiporã - RS,2019,270.0,270.0,979.0,3626.0
4305959,Cotiporã - RS,2020,270.0,270.0,540.0,2000.0
4305959,Cotiporã - RS,2021,240.0,240.0,792.0,3300.0
4305959,Cotiporã - RS,2022,340.0,340.0,408.0,1200.0
4305959,Cotiporã - RS,2023,270.0,270.0,810.0,3000.0
4305959,Cotiporã - RS,2024,420.0,420.0,1361.0,3240.0
4305959,Cotiporã - RS,2025,470.0,470.0,1692.0,3600.0
4305975,Coxilha - RS,2000,22000.0,22000.0,46200.0,2100.0
4305975,Coxilha - RS,2001,22000.0,22000.0,59400.0,2700.0
4305975,Coxilha - RS,2002,28000.0,28000.0,58800.0,2100.0
4305975,Coxilha - RS,2003,29000.0,29000.0,95700.0,3300.0
4305975,Coxilha - RS,2004,29000.0,29000.0,59160.0,2040.0
4305975,Coxilha - RS,2005,29000.0,27000.0,24300.0,900.0
4305975,Coxilha - RS,2006,28000.0,28000.0,75600.0,2700.0
4305975,Coxilha - RS,2007,30000.0,30000.0,81000.0,2700.0
4305975,Coxilha - RS,2008,2800.0,2800.0,7056.0,2520.0
4305975,Coxilha - RS,2009,28000.0,28000.0,70000.0,2500.0
4305975,Coxilha - RS,2010,29000.0,29000.0,95700.0,3300.0
4305975,Coxilha - RS,2011,31000.0,31000.0,110980.0,3580.0
4305975,Coxilha - RS,2012,30000.0,30000.0,81000.0,2700.0
4305975,Coxilha - RS,2013,30500.0,30500.0,95160.0,3120.0
4305975,Coxilha - RS,2014,30500.0,30500.0,91500.0,3000.0
4305975,Coxilha - RS,2015,31000.0,31000.0,117800.0,3800.0
4305975,Coxilha - RS,2016,32000.0,32000.0,121600.0,3800.0
4305975,Coxilha - RS,2017,31500.0,31500.0,126000.0,4000.0
4305975,Coxilha - RS,2018,32000.0,32000.0,118400.0,3700.0
4305975,Coxilha - RS,2019,32000.0,32000.0,124800.0,3900.0
4305975,Coxilha - RS,2020,32000.0,32000.0,71040.0,2220.0
4305975,Coxilha - RS,2021,32000.0,32000.0,124800.0,3900.0
4305975,Coxilha - RS,2022,32000.0,32000.0,65312.0,2041.0
4305975,Coxilha - RS,2023,32000.0,32000.0,84480.0,2640.0
4305975,Coxilha - RS,2024,32000.0,32000.0,137984.0,4312.0
4305975,Coxilha - RS,2025,32000.0,32000.0,73920.0,2310.0
4306007,Crissiumal - RS,2000,20500.0,20500.0,36900.0,1800.0
4306007,Crissiumal - RS,2001,13000.0,13000.0,21450.0,1650.0
4306007,Crissiumal - RS,2002,15000.0,15000.0,18525.0,1235.0
4306007,Crissiumal - RS,2003,14000.0,14000.0,29400.0,2100.0
4306007,Crissiumal - RS,2004,15500.0,15500.0,15624.0,1008.0
4306007,Crissiumal - RS,2005,9600.0,9600.0,2880.0,300.0
4306007,Crissiumal - RS,2006,10000.0,10000.0,10000.0,1000.0
4306007,Crissiumal - RS,2007,9000.0,9000.0,19980.0,2220.0
4306007,Crissiumal - RS,2008,9000.0,9000.0,7560.0,840.0
4306007,Crissiumal - RS,2009,9000.0,9000.0,14040.0,1560.0
4306007,Crissiumal - RS,2010,10000.0,10000.0,18000.0,1800.0
4306007,Crissiumal - RS,2011,9000.0,9000.0,22500.0,2500.0
4306007,Crissiumal - RS,2012,9000.0,9000.0,6480.0,720.0
4306007,Crissiumal - RS,2013,9000.0,9000.0,19980.0,2220.0
4306007,Crissiumal - RS,2014,9000.0,9000.0,17820.0,1980.0
4306007,Crissiumal - RS,2015,9600.0,9600.0,25920.0,2700.0
4306007,Crissiumal - RS,2016,10000.0,10000.0,27000.0,2700.0
4306007,Crissiumal - RS,2017,9800.0,9800.0,29400.0,3000.0
4306007,Crissiumal - RS,2018,10000.0,10000.0,25800.0,2580.0
4306007,Crissiumal - RS,2019,11000.0,11000.0,31350.0,2850.0
4306007,Crissiumal - RS,2020,11000.0,11000.0,23100.0,2100.0
4306007,Crissiumal - RS,2021,12000.0,12000.0,36000.0,3000.0
4306007,Crissiumal - RS,2022,12000.0,12000.0,10800.0,900.0
4306007,Crissiumal - RS,2023,12000.0,12000.0,21600.0,1800.0
4306007,Crissiumal - RS,2024,13500.0,13500.0,36450.0,2700.0
4306007,Crissiumal - RS,2025,14000.0,14000.0,27720.0,1980.0
4306056,Cristal - RS,2000,1250.0,1250.0,1394.0,1115.0
4306056,Cristal - RS,2001,1500.0,713.0,877.0,1230.0
4306056,Cristal - RS,2002,1500.0,1200.0,1800.0,1500.0
4306056,Cristal - RS,2003,1500.0,1500.0,2250.0,1500.0
4306056,Cristal - RS,2004,1800.0,1800.0,2700.0,1500.0
4306056,Cristal - RS,2005,2000.0,2000.0,2160.0,1080.0
4306056,Cristal - RS,2006,2000.0,2000.0,3600.0,1800.0
4306056,Cristal - RS,2007,2000.0,2000.0,2400.0,1200.0
4306056,Cristal - RS,2008,2000.0,2000.0,4800.0,2400.0
4306056,Cristal - RS,2009,2000.0,2000.0,4800.0,2400.0
4306056,Cristal - RS,2010,3350.0,3000.0,5400.0,1800.0
4306056,Cristal - RS,2011,3500.0,3500.0,9450.0,2700.0
4306056,Cristal - RS,2012,4500.0,4500.0,10800.0,2400.0
4306056,Cristal - RS,2013,6000.0,6000.0,14400.0,2400.0
4306056,Cristal - RS,2014,7000.0,7000.0,16800.0,2400.0
4306056,Cristal - RS,2015,7500.0,7500.0,18900.0,2520.0
4306056,Cristal - RS,2016,8000.0,8000.0,13104.0,1638.0
4306056,Cristal - RS,2017,8500.0,7500.0,22500.0,3000.0
4306056,Cristal - RS,2018,8500.0,8500.0,14025.0,1650.0
4306056,Cristal - RS,2019,9500.0,9500.0,24510.0,2580.0
4306056,Cristal - RS,2020,10000.0,10000.0,7800.0,780.0
4306056,Cristal - RS,2021,12000.0,12000.0,36000.0,3000.0
4306056,Cristal - RS,2022,14000.0,14000.0,52080.0,3720.0
4306056,Cristal - RS,2023,17000.0,17000.0,32640.0,1920.0
4306056,Cristal - RS,2024,17000.0,16000.0,35200.0,2200.0
4306056,Cristal - RS,2025,17000.0,17000.0,35700.0,2100.0
4306072,Cristal do Sul - RS,2000,4000.0,4000.0,9200.0,2300.0
4306072,Cristal do Sul - RS,2001,3800.0,3800.0,8664.0,2280.0
4306072,Cristal do Sul - RS,2002,3800.0,3800.0,5632.0,1482.0
4306072,Cristal do Sul - RS,2003,3800.0,3800.0,9120.0,2400.0
4306072,Cristal do Sul - RS,2004,3800.0,3800.0,2736.0,720.0
4306072,Cristal do Sul - RS,2005,3800.0,3800.0,2736.0,720.0
4306072,Cristal do Sul - RS,2006,3800.0,3800.0,9120.0,2400.0
4306072,Cristal do Sul - RS,2007,3800.0,3800.0,9120.0,2400.0
4306072,Cristal do Sul - RS,2008,3800.0,3800.0,7296.0,1920.0
4306072,Cristal do Sul - RS,2009,3200.0,3200.0,4992.0,1560.0
4306072,Cristal do Sul - RS,2010,3500.0,3500.0,8400.0,2400.0
4306072,Cristal do Sul - RS,2011,3000.0,3000.0,7500.0,2500.0
4306072,Cristal do Sul - RS,2012,3800.0,3800.0,6175.0,1625.0
4306072,Cristal do Sul - RS,2013,3800.0,3800.0,9500.0,2500.0
4306072,Cristal do Sul - RS,2014,3800.0,3800.0,9120.0,2400.0
4306072,Cristal do Sul - RS,2015,4200.0,4200.0,14364.0,3420.0
4306072,Cristal do Sul - RS,2016,4400.0,4400.0,13200.0,3000.0
4306072,Cristal do Sul - RS,2017,4000.0,3750.0,11250.0,3000.0
4306072,Cristal do Sul - RS,2018,4900.0,4900.0,14742.0,3009.0
4306072,Cristal do Sul - RS,2019,4900.0,4900.0,16260.0,3318.0
4306072,Cristal do Sul - RS,2020,4900.0,4900.0,8820.0,1800.0
4306072,Cristal do Sul - RS,2021,4900.0,4900.0,12644.0,2580.0
4306072,Cristal do Sul - RS,2022,5155.0,4900.0,7580.0,1547.0
4306072,Cristal do Sul - RS,2023,4962.0,4962.0,12039.0,2426.0
4306072,Cristal do Sul - RS,2024,4980.0,4980.0,16496.0,3312.0
4306072,Cristal do Sul - RS,2025,5350.0,5350.0,11550.0,2159.0
4306106,Cruz Alta - RS,2000,110000.0,110000.0,171600.0,1560.0
4306106,Cruz Alta - RS,2001,67000.0,67000.0,180900.0,2700.0
4306106,Cruz Alta - RS,2002,73000.0,73000.0,167900.0,2300.0
4306106,Cruz Alta - RS,2003,80000.0,80000.0,254400.0,3180.0
4306106,Cruz Alta - RS,2004,82000.0,82000.0,162360.0,1980.0
4306106,Cruz Alta - RS,2005,83000.0,79700.0,62166.0,780.0
4306106,Cruz Alta - RS,2006,78000.0,78000.0,177840.0,2280.0
4306106,Cruz Alta - RS,2007,80000.0,80000.0,200000.0,2500.0
4306106,Cruz Alta - RS,2008,80000.0,80000.0,168000.0,2100.0
4306106,Cruz Alta - RS,2009,80000.0,79830.0,177223.0,2220.0
4306106,Cruz Alta - RS,2010,82500.0,82500.0,198000.0,2400.0
4306106,Cruz Alta - RS,2011,86500.0,86500.0,259500.0,3000.0
4306106,Cruz Alta - RS,2012,86500.0,86500.0,83040.0,960.0
4306106,Cruz Alta - RS,2013,90000.0,90000.0,244800.0,2720.0
4306106,Cruz Alta - RS,2014,93000.0,93000.0,228450.0,2456.0
4306106,Cruz Alta - RS,2015,93500.0,93500.0,294450.0,3149.0
4306106,Cruz Alta - RS,2016,96500.0,96500.0,339060.0,3514.0
4306106,Cruz Alta - RS,2017,89500.0,89500.0,319260.0,3567.0
4306106,Cruz Alta - RS,2018,93000.0,93000.0,326160.0,3507.0
4306106,Cruz Alta - RS,2019,92000.0,92000.0,334800.0,3639.0
4306106,Cruz Alta - RS,2020,92000.0,92000.0,197040.0,2142.0
4306106,Cruz Alta - RS,2021,91500.0,91500.0,358650.0,3920.0
4306106,Cruz Alta - RS,2022,92200.0,92200.0,123240.0,1337.0
4306106,Cruz Alta - RS,2023,92400.0,92400.0,179520.0,1943.0
4306106,Cruz Alta - RS,2024,92400.0,92400.0,339240.0,3671.0
4306106,Cruz Alta - RS,2025,94400.0,94400.0,225540.0,2389.0
4306130,Cruzaltense - RS,2000,,,,
4306130,Cruzaltense - RS,2001,5400.0,5400.0,12960.0,2400.0
4306130,Cruzaltense - RS,2002,5580.0,5580.0,7254.0,1300.0
4306130,Cruzaltense - RS,2003,5700.0,5700.0,15390.0,2700.0
4306130,Cruzaltense - RS,2004,6000.0,6000.0,10800.0,1800.0
4306130,Cruzaltense - RS,2005,6300.0,6300.0,2722.0,432.0
4306130,Cruzaltense - RS,2006,5880.0,5880.0,13653.0,2321.0
4306130,Cruzaltense - RS,2007,6000.0,6000.0,18720.0,3120.0
4306130,Cruzaltense - RS,2008,6050.0,6050.0,14883.0,2460.0
4306130,Cruzaltense - RS,2009,6250.0,6250.0,13125.0,2100.0
4306130,Cruzaltense - RS,2010,7050.0,7050.0,21150.0,3000.0
4306130,Cruzaltense - RS,2011,7050.0,7050.0,21150.0,3000.0
4306130,Cruzaltense - RS,2012,6800.0,6800.0,14280.0,2100.0
4306130,Cruzaltense - RS,2013,7250.0,7250.0,22301.0,3076.0
4306130,Cruzaltense - RS,2014,7050.0,7050.0,15771.0,2237.0
4306130,Cruzaltense - RS,2015,7050.0,7050.0,21150.0,3000.0
4306130,Cruzaltense - RS,2016,7350.0,7350.0,24255.0,3300.0
4306130,Cruzaltense - RS,2017,7350.0,7350.0,26460.0,3600.0
4306130,Cruzaltense - RS,2018,7340.0,7340.0,26424.0,3600.0
4306130,Cruzaltense - RS,2019,7340.0,7340.0,26424.0,3600.0
4306130,Cruzaltense - RS,2020,7350.0,7350.0,17640.0,2400.0
4306130,Cruzaltense - RS,2021,7350.0,7350.0,25725.0,3500.0
4306130,Cruzaltense - RS,2022,7350.0,7350.0,9923.0,1350.0
4306130,Cruzaltense - RS,2023,7500.0,7500.0,15750.0,2100.0
4306130,Cruzaltense - RS,2024,7750.0,7750.0,27900.0,3600.0
4306130,Cruzaltense - RS,2025,7750.0,7750.0,13950.0,1800.0
4306205,Cruzeiro do Sul - RS,2000,2200.0,2200.0,5280.0,2400.0
4306205,Cruzeiro do Sul - RS,2001,2200.0,2200.0,3960.0,1800.0
4306205,Cruzeiro do Sul - RS,2002,2200.0,2200.0,4620.0,2100.0
4306205,Cruzeiro do Sul - RS,2003,2800.0,2800.0,7560.0,2700.0
4306205,Cruzeiro do Sul - RS,2004,2800.0,2800.0,3780.0,1350.0
4306205,Cruzeiro do Sul - RS,2005,2800.0,2800.0,840.0,300.0
4306205,Cruzeiro do Sul - RS,2006,2800.0,2800.0,4900.0,1750.0
4306205,Cruzeiro do Sul - RS,2007,2800.0,2800.0,7840.0,2800.0
4306205,Cruzeiro do Sul - RS,2008,2800.0,2800.0,7840.0,2800.0
4306205,Cruzeiro do Sul - RS,2009,2800.0,2800.0,8400.0,3000.0
4306205,Cruzeiro do Sul - RS,2010,2800.0,2600.0,7800.0,3000.0
4306205,Cruzeiro do Sul - RS,2011,2800.0,2800.0,7560.0,2700.0
4306205,Cruzeiro do Sul - RS,2012,2940.0,2940.0,6174.0,2100.0
4306205,Cruzeiro do Sul - RS,2013,3100.0,3100.0,9300.0,3000.0
4306205,Cruzeiro do Sul - RS,2014,3100.0,3100.0,9300.0,3000.0
4306205,Cruzeiro do Sul - RS,2015,3100.0,3100.0,10230.0,3300.0
4306205,Cruzeiro do Sul - RS,2016,4000.0,4000.0,12000.0,3000.0
4306205,Cruzeiro do Sul - RS,2017,3800.0,3800.0,13680.0,3600.0
4306205,Cruzeiro do Sul - RS,2018,3900.0,3900.0,12090.0,3100.0
4306205,Cruzeiro do Sul - RS,2019,3000.0,3000.0,10200.0,3400.0
4306205,Cruzeiro do Sul - RS,2020,3000.0,3000.0,5400.0,1800.0
4306205,Cruzeiro do Sul - RS,2021,3200.0,3200.0,11520.0,3600.0
4306205,Cruzeiro do Sul - RS,2022,3200.0,3200.0,5760.0,1800.0
4306205,Cruzeiro do Sul - RS,2023,3700.0,3700.0,6660.0,1800.0
4306205,Cruzeiro do Sul - RS,2024,3650.0,3111.0,11200.0,3600.0
4306205,Cruzeiro do Sul - RS,2025,3900.0,3900.0,9360.0,2400.0
4304309,Cândido Godói - RS,2000,12000.0,12000.0,16380.0,1365.0
4304309,Cândido Godói - RS,2001,11500.0,11500.0,27600.0,2400.0
4304309,Cândido Godói - RS,2002,12000.0,12000.0,19440.0,1620.0
4304309,Cândido Godói - RS,2003,12500.0,12500.0,31500.0,2520.0
4304309,Cândido Godói - RS,2004,12650.0,12000.0,8820.0,735.0
4304309,Cândido Godói - RS,2005,12000.0,4800.0,2016.0,420.0
4304309,Cândido Godói - RS,2006,11000.0,11000.0,16170.0,1470.0
4304309,Cândido Godói - RS,2007,10500.0,10500.0,23940.0,2280.0
4304309,Cândido Godói - RS,2008,10000.0,9000.0,8640.0,960.0
4304309,Cândido Godói - RS,2009,9600.0,9600.0,14746.0,1536.0
4304309,Cândido Godói - RS,2010,9000.0,9000.0,24300.0,2700.0
4304309,Cândido Godói - RS,2011,9000.0,9000.0,27000.0,3000.0
4304309,Cândido Godói - RS,2012,9000.0,9000.0,6426.0,714.0
4304309,Cândido Godói - RS,2013,9500.0,9500.0,17100.0,1800.0
4304309,Cândido Godói - RS,2014,9500.0,9500.0,25650.0,2700.0
4304309,Cândido Godói - RS,2015,9830.0,9830.0,20652.0,2101.0
4304309,Cândido Godói - RS,2016,10200.0,10200.0,31824.0,3120.0
4304309,Cândido Godói - RS,2017,9600.0,9600.0,32832.0,3420.0
4304309,Cândido Godói - RS,2018,10250.0,10250.0,30750.0,3000.0
4304309,Cândido Godói - RS,2019,8800.0,8800.0,26400.0,3000.0
4304309,Cândido Godói - RS,2020,8800.0,8800.0,23228.0,2640.0
4304309,Cândido Godói - RS,2021,8800.0,8800.0,26400.0,3000.0
4304309,Cândido Godói - RS,2022,9200.0,7820.0,3480.0,445.0
4304309,Cândido Godói - RS,2023,9000.0,9000.0,9720.0,1080.0
4304309,Cândido Godói - RS,2024,9500.0,9500.0,27930.0,2940.0
4304309,Cândido Godói - RS,2025,10000.0,10000.0,16259.0,1626.0
4306304,David Canabarro - RS,2000,1000.0,1000.0,2400.0,2400.0
4306304,David Canabarro - RS,2001,1000.0,1000.0,2600.0,2600.0
4306304,David Canabarro - RS,2002,1200.0,1200.0,3120.0,2600.0
4306304,David Canabarro - RS,2003,1700.0,1700.0,4420.0,2600.0
4306304,David Canabarro - RS,2004,2700.0,2700.0,6480.0,2400.0
4306304,David Canabarro - RS,2005,4200.0,1680.0,1613.0,960.0
4306304,David Canabarro - RS,2006,4000.0,4000.0,10800.0,2700.0
4306304,David Canabarro - RS,2007,4200.0,4200.0,12600.0,3000.0
4306304,David Canabarro - RS,2008,4200.0,4200.0,10206.0,2430.0
4306304,David Canabarro - RS,2009,4500.0,4500.0,8505.0,1890.0
4306304,David Canabarro - RS,2010,5000.0,5000.0,15000.0,3000.0
4306304,David Canabarro - RS,2011,5000.0,5000.0,15000.0,3000.0
4306304,David Canabarro - RS,2012,4800.0,4800.0,10080.0,2100.0
4306304,David Canabarro - RS,2013,5800.0,5800.0,14790.0,2550.0
4306304,David Canabarro - RS,2014,6400.0,6400.0,18720.0,2925.0
4306304,David Canabarro - RS,2015,6500.0,6500.0,23400.0,3600.0
4306304,David Canabarro - RS,2016,7000.0,7000.0,22400.0,3200.0
4306304,David Canabarro - RS,2017,7000.0,7000.0,20475.0,2925.0
4306304,David Canabarro - RS,2018,7000.0,7000.0,28000.0,4000.0
4306304,David Canabarro - RS,2019,7000.0,7000.0,22694.0,3242.0
4306304,David Canabarro - RS,2020,7000.0,7000.0,14882.0,2126.0
4306304,David Canabarro - RS,2021,7000.0,7000.0,25200.0,3600.0
4306304,David Canabarro - RS,2022,7000.0,7000.0,16961.0,2423.0
4306304,David Canabarro - RS,2023,5500.0,5500.0,13327.0,2423.0
4306304,David Canabarro - RS,2024,5500.0,5500.0,17600.0,3200.0
4306304,David Canabarro - RS,2025,6400.0,6400.0,13440.0,2100.0
4306320,Derrubadas - RS,2000,9000.0,9000.0,17010.0,1890.0
4306320,Derrubadas - RS,2001,8900.0,8900.0,21520.0,2417.0
4306320,Derrubadas - RS,2002,9000.0,9000.0,14148.0,1572.0
4306320,Derrubadas - RS,2003,9100.0,9100.0,22750.0,2500.0
4306320,Derrubadas - RS,2004,9300.0,9300.0,15624.0,1680.0
4306320,Derrubadas - RS,2005,9900.0,9900.0,6534.0,660.0
4306320,Derrubadas - RS,2006,9000.0,9000.0,10800.0,1200.0
4306320,Derrubadas - RS,2007,8800.0,8800.0,25080.0,2850.0
4306320,Derrubadas - RS,2008,8000.0,8000.0,13440.0,1680.0
4306320,Derrubadas - RS,2009,8000.0,8000.0,13440.0,1680.0
4306320,Derrubadas - RS,2010,8000.0,8000.0,19200.0,2400.0
4306320,Derrubadas - RS,2011,7900.0,7900.0,21330.0,2700.0
4306320,Derrubadas - RS,2012,7900.0,7900.0,9480.0,1200.0
4306320,Derrubadas - RS,2013,7700.0,7700.0,20790.0,2700.0
4306320,Derrubadas - RS,2014,7700.0,7700.0,23100.0,3000.0
4306320,Derrubadas - RS,2015,7700.0,7700.0,23100.0,3000.0
4306320,Derrubadas - RS,2016,9500.0,9500.0,24700.0,2600.0
4306320,Derrubadas - RS,2017,9500.0,9500.0,28500.0,3000.0
4306320,Derrubadas - RS,2018,9500.0,9500.0,28500.0,3000.0
4306320,Derrubadas - RS,2019,9500.0,9500.0,27246.0,2868.0
4306320,Derrubadas - RS,2020,10000.0,10000.0,27500.0,2750.0
4306320,Derrubadas - RS,2021,10000.0,10000.0,31000.0,3100.0
4306320,Derrubadas - RS,2022,10000.0,10000.0,10800.0,1080.0
4306320,Derrubadas - RS,2023,10000.0,10000.0,24000.0,2400.0
4306320,Derrubadas - RS,2024,10000.0,10000.0,33000.0,3300.0
4306320,Derrubadas - RS,2025,10000.0,10000.0,27000.0,2700.0
4306353,Dezesseis de Novembro - RS,2000,1780.0,1780.0,640.0,359.0
4306353,Dezesseis de Novembro - RS,2001,900.0,900.0,1080.0,1200.0
4306353,Dezesseis de Novembro - RS,2002,900.0,900.0,864.0,960.0
4306353,Dezesseis de Novembro - RS,2003,900.0,900.0,1728.0,1920.0
4306353,Dezesseis de Novembro - RS,2004,1000.0,1000.0,492.0,492.0
4306353,Dezesseis de Novembro - RS,2005,1000.0,900.0,351.0,390.0
4306353,Dezesseis de Novembro - RS,2006,800.0,800.0,792.0,990.0
4306353,Dezesseis de Novembro - RS,2007,800.0,800.0,1200.0,1500.0
4306353,Dezesseis de Novembro - RS,2008,800.0,800.0,1344.0,1680.0
4306353,Dezesseis de Novembro - RS,2009,1000.0,1000.0,1020.0,1020.0
4306353,Dezesseis de Novembro - RS,2010,1000.0,1000.0,2580.0,2580.0
4306353,Dezesseis de Novembro - RS,2011,800.0,800.0,2160.0,2700.0
4306353,Dezesseis de Novembro - RS,2012,850.0,850.0,527.0,620.0
4306353,Dezesseis de Novembro - RS,2013,850.0,850.0,2217.0,2608.0
4306353,Dezesseis de Novembro - RS,2014,980.0,980.0,2413.0,2462.0
4306353,Dezesseis de Novembro - RS,2015,985.0,985.0,2769.0,2811.0
4306353,Dezesseis de Novembro - RS,2016,1020.0,1020.0,3210.0,3147.0
4306353,Dezesseis de Novembro - RS,2017,1020.0,1020.0,3264.0,3200.0
4306353,Dezesseis de Novembro - RS,2018,1070.0,1070.0,3558.0,3325.0
4306353,Dezesseis de Novembro - RS,2019,1180.0,1180.0,3846.0,3259.0
4306353,Dezesseis de Novembro - RS,2020,1150.0,1150.0,2743.0,2385.0
4306353,Dezesseis de Novembro - RS,2021,1270.0,1270.0,4338.0,3416.0
4306353,Dezesseis de Novembro - RS,2022,1220.0,1220.0,1086.0,890.0
4306353,Dezesseis de Novembro - RS,2023,1550.0,1550.0,1236.0,797.0
4306353,Dezesseis de Novembro - RS,2024,1690.0,1690.0,5001.0,2959.0
4306353,Dezesseis de Novembro - RS,2025,1640.0,1640.0,2351.0,1434.0
4306379,Dilermando de Aguiar - RS,2000,1000.0,1000.0,1500.0,1500.0
4306379,Dilermando de Aguiar - RS,2001,1400.0,1400.0,2520.0,1800.0
4306379,Dilermando de Aguiar - RS,2002,2000.0,2000.0,3360.0,1680.0
4306379,Dilermando de Aguiar - RS,2003,2500.0,2500.0,4500.0,1800.0
4306379,Dilermando de Aguiar - RS,2004,9200.0,9200.0,13800.0,1500.0
4306379,Dilermando de Aguiar - RS,2005,11160.0,11160.0,8035.0,719.0
4306379,Dilermando de Aguiar - RS,2006,9500.0,9500.0,15960.0,1680.0
4306379,Dilermando de Aguiar - RS,2007,8075.0,8075.0,21803.0,2700.0
4306379,Dilermando de Aguiar - RS,2008,8740.0,8740.0,18354.0,2100.0
4306379,Dilermando de Aguiar - RS,2009,9000.0,9000.0,24300.0,2700.0
4306379,Dilermando de Aguiar - RS,2010,9300.0,9300.0,19641.0,2111.0
4306379,Dilermando de Aguiar - RS,2011,10500.0,10500.0,28980.0,2760.0
4306379,Dilermando de Aguiar - RS,2012,9700.0,9000.0,15120.0,1680.0
4306379,Dilermando de Aguiar - RS,2013,13200.0,13200.0,39600.0,3000.0
4306379,Dilermando de Aguiar - RS,2014,15000.0,15000.0,40500.0,2700.0
4306379,Dilermando de Aguiar - RS,2015,18000.0,18000.0,54000.0,3000.0
4306379,Dilermando de Aguiar - RS,2016,20000.0,19900.0,59700.0,3000.0
4306379,Dilermando de Aguiar - RS,2017,20000.0,20000.0,60000.0,3000.0
4306379,Dilermando de Aguiar - RS,2018,22000.0,22000.0,66000.0,3000.0
4306379,Dilermando de Aguiar - RS,2019,23300.0,23300.0,69900.0,3000.0
4306379,Dilermando de Aguiar - RS,2020,25000.0,25000.0,45000.0,1800.0
4306379,Dilermando de Aguiar - RS,2021,25000.0,25000.0,81250.0,3250.0
4306379,Dilermando de Aguiar - RS,2022,26500.0,26000.0,34320.0,1320.0
4306379,Dilermando de Aguiar - RS,2023,28000.0,28000.0,58800.0,2100.0
4306379,Dilermando de Aguiar - RS,2024,29000.0,29000.0,83520.0,2880.0
4306379,Dilermando de Aguiar - RS,2025,29000.0,27800.0,41978.0,1510.0
4306403,Dois Irmãos - RS,2000,,,,
4306403,Dois Irmãos - RS,2001,,,,
4306403,Dois Irmãos - RS,2002,,,,
4306403,Dois Irmãos - RS,2003,,,,
4306403,Dois Irmãos - RS,2004,,,,
4306403,Dois Irmãos - RS,2005,,,,
4306403,Dois Irmãos - RS,2006,,,,
4306403,Dois Irmãos - RS,2007,,,,
4306403,Dois Irmãos - RS,2008,,,,
4306403,Dois Irmãos - RS,2009,,,,
4306403,Dois Irmãos - RS,2010,,,,
4306403,Dois Irmãos - RS,2011,,,,
4306403,Dois Irmãos - RS,2012,,,,
4306403,Dois Irmãos - RS,2013,,,,
4306403,Dois Irmãos - RS,2014,,,,
4306403,Dois Irmãos - RS,2015,,,,
4306403,Dois Irmãos - RS,2016,,,,
4306403,Dois Irmãos - RS,2017,,,,
4306403,Dois Irmãos - RS,2018,,,,
4306403,Dois Irmãos - RS,2019,,,,
4306403,Dois Irmãos - RS,2020,,,,
4306403,Dois Irmãos - RS,2021,,,,
4306403,Dois Irmãos - RS,2022,,,,
4306403,Dois Irmãos - RS,2023,,,,
4306403,Dois Irmãos - RS,2024,,,,
4306403,Dois Irmãos - RS,2025,,,,
4306429,Dois Irmãos das Missões - RS,2000,14700.0,14700.0,23520.0,1600.0
4306429,Dois Irmãos das Missões - RS,2001,14200.0,14200.0,28400.0,2000.0
4306429,Dois Irmãos das Missões - RS,2002,15000.0,15000.0,18900.0,1260.0
4306429,Dois Irmãos das Missões - RS,2003,15000.0,15000.0,31500.0,2100.0
4306429,Dois Irmãos das Missões - RS,2004,16000.0,16000.0,17280.0,1080.0
4306429,Dois Irmãos das Missões - RS,2005,16000.0,16000.0,8640.0,540.0
4306429,Dois Irmãos das Missões - RS,2006,15000.0,15000.0,31500.0,2100.0
4306429,Dois Irmãos das Missões - RS,2007,16000.0,16000.0,46080.0,2880.0
4306429,Dois Irmãos das Missões - RS,2008,15500.0,15500.0,20925.0,1350.0
4306429,Dois Irmãos das Missões - RS,2009,15500.0,15500.0,33480.0,2160.0
4306429,Dois Irmãos das Missões - RS,2010,16000.0,16000.0,43200.0,2700.0
4306429,Dois Irmãos das Missões - RS,2011,16000.0,16000.0,52800.0,3300.0
4306429,Dois Irmãos das Missões - RS,2012,15000.0,15000.0,13500.0,900.0
4306429,Dois Irmãos das Missões - RS,2013,15000.0,15000.0,36000.0,2400.0
4306429,Dois Irmãos das Missões - RS,2014,15000.0,15000.0,40500.0,2700.0
4306429,Dois Irmãos das Missões - RS,2015,15500.0,15500.0,53940.0,3480.0
4306429,Dois Irmãos das Missões - RS,2016,15500.0,15500.0,51150.0,3300.0
4306429,Dois Irmãos das Missões - RS,2017,15100.0,15100.0,64020.0,4240.0
4306429,Dois Irmãos das Missões - RS,2018,15500.0,15500.0,52950.0,3416.0
4306429,Dois Irmãos das Missões - RS,2019,15500.0,15500.0,57000.0,3677.0
4306429,Dois Irmãos das Missões - RS,2020,15500.0,15500.0,40800.0,2632.0
4306429,Dois Irmãos das Missões - RS,2021,15500.0,15500.0,57000.0,3677.0
4306429,Dois Irmãos das Missões - RS,2022,15500.0,15500.0,20580.0,1328.0
4306429,Dois Irmãos das Missões - RS,2023,15500.0,15500.0,35550.0,2294.0
4306429,Dois Irmãos das Missões - RS,2024,15500.0,15500.0,56400.0,3639.0
4306429,Dois Irmãos das Missões - RS,2025,16500.0,16500.0,48000.0,2909.0
4306452,Dois Lajeados - RS,2000,110.0,110.0,198.0,1800.0
4306452,Dois Lajeados - RS,2001,110.0,110.0,198.0,1800.0
4306452,Dois Lajeados - RS,2002,,,,
4306452,Dois Lajeados - RS,2003,30.0,30.0,60.0,2000.0
4306452,Dois Lajeados - RS,2004,100.0,100.0,150.0,1500.0
4306452,Dois Lajeados - RS,2005,150.0,150.0,90.0,600.0
4306452,Dois Lajeados - RS,2006,100.0,100.0,200.0,2000.0
4306452,Dois Lajeados - RS,2007,200.0,200.0,480.0,2400.0
4306452,Dois Lajeados - RS,2008,200.0,200.0,420.0,2100.0
4306452,Dois Lajeados - RS,2009,200.0,200.0,480.0,2400.0
4306452,Dois Lajeados - RS,2010,200.0,200.0,540.0,2700.0
4306452,Dois Lajeados - RS,2011,200.0,200.0,720.0,3600.0
4306452,Dois Lajeados - RS,2012,200.0,200.0,360.0,1800.0
4306452,Dois Lajeados - RS,2013,330.0,330.0,1155.0,3500.0
4306452,Dois Lajeados - RS,2014,500.0,500.0,1500.0,3000.0
4306452,Dois Lajeados - RS,2015,600.0,600.0,2160.0,3600.0
4306452,Dois Lajeados - RS,2016,950.0,950.0,3420.0,3600.0
4306452,Dois Lajeados - RS,2017,800.0,800.0,3200.0,4000.0
4306452,Dois Lajeados - RS,2018,950.0,950.0,3420.0,3600.0
4306452,Dois Lajeados - RS,2019,1200.0,1200.0,4560.0,3800.0
4306452,Dois Lajeados - RS,2020,1200.0,1200.0,2736.0,2280.0
4306452,Dois Lajeados - RS,2021,1200.0,1200.0,4560.0,3800.0
4306452,Dois Lajeados - RS,2022,1200.0,1200.0,3163.0,2636.0
4306452,Dois Lajeados - RS,2023,1200.0,1200.0,2736.0,2280.0
4306452,Dois Lajeados - RS,2024,1200.0,1200.0,3840.0,3200.0
4306452,Dois Lajeados - RS,2025,1500.0,1500.0,5400.0,3600.0
4306502,Dom Feliciano - RS,2000,2.0,2.0,3.0,1500.0
4306502,Dom Feliciano - RS,2001,2.0,2.0,3.0,1500.0
4306502,Dom Feliciano - RS,2002,2.0,2.0,3.0,1500.0
4306502,Dom Feliciano - RS,2003,,,,
4306502,Dom Feliciano - RS,2004,,,,
4306502,Dom Feliciano - RS,2005,,,,
4306502,Dom Feliciano - RS,2006,,,,
4306502,Dom Feliciano - RS,2007,1.0,1.0,1.0,1000.0
4306502,Dom Feliciano - RS,2008,1.0,1.0,2.0,2000.0
4306502,Dom Feliciano - RS,2009,1.0,1.0,2.0,2000.0
4306502,Dom Feliciano - RS,2010,50.0,50.0,90.0,1800.0
4306502,Dom Feliciano - RS,2011,50.0,50.0,120.0,2400.0
4306502,Dom Feliciano - RS,2012,60.0,60.0,72.0,1200.0
4306502,Dom Feliciano - RS,2013,60.0,60.0,126.0,2100.0
4306502,Dom Feliciano - RS,2014,60.0,60.0,126.0,2100.0
4306502,Dom Feliciano - RS,2015,800.0,800.0,1680.0,2100.0
4306502,Dom Feliciano - RS,2016,800.0,800.0,1920.0,2400.0
4306502,Dom Feliciano - RS,2017,600.0,600.0,1620.0,2700.0
4306502,Dom Feliciano - RS,2018,650.0,650.0,1316.0,2025.0
4306502,Dom Feliciano - RS,2019,1600.0,1600.0,4800.0,3000.0
4306502,Dom Feliciano - RS,2020,1440.0,1440.0,1728.0,1200.0
4306502,Dom Feliciano - RS,2021,1440.0,1440.0,4320.0,3000.0
4306502,Dom Feliciano - RS,2022,3100.0,3100.0,7440.0,2400.0
4306502,Dom Feliciano - RS,2023,5000.0,5000.0,9900.0,1980.0
4306502,Dom Feliciano - RS,2024,5000.0,4000.0,4800.0,1200.0
4306502,Dom Feliciano - RS,2025,4500.0,4500.0,8775.0,1950.0
4306601,Dom Pedrito - RS,2000,2000.0,2000.0,3360.0,1680.0
4306601,Dom Pedrito - RS,2001,8000.0,8000.0,14400.0,1800.0
4306601,Dom Pedrito - RS,2002,12000.0,12000.0,19440.0,1620.0
4306601,Dom Pedrito - RS,2003,20000.0,20000.0,32400.0,1620.0
4306601,Dom Pedrito - RS,2004,28250.0,28000.0,42000.0,1500.0
4306601,Dom Pedrito - RS,2005,25000.0,22000.0,14520.0,660.0
4306601,Dom Pedrito - RS,2006,12000.0,12000.0,10800.0,900.0
4306601,Dom Pedrito - RS,2007,28000.0,28000.0,67200.0,2400.0
4306601,Dom Pedrito - RS,2008,20000.0,20000.0,39600.0,1980.0
4306601,Dom Pedrito - RS,2009,21492.0,21492.0,49002.0,2280.0
4306601,Dom Pedrito - RS,2010,26000.0,26000.0,46800.0,1800.0
4306601,Dom Pedrito - RS,2011,20000.0,20000.0,32520.0,1626.0
4306601,Dom Pedrito - RS,2012,47500.0,47500.0,116850.0,2460.0
4306601,Dom Pedrito - RS,2013,67000.0,67000.0,180900.0,2700.0
4306601,Dom Pedrito - RS,2014,76000.0,76000.0,145920.0,1920.0
4306601,Dom Pedrito - RS,2015,76000.0,76000.0,168720.0,2220.0
4306601,Dom Pedrito - RS,2016,75000.0,75000.0,117000.0,1560.0
4306601,Dom Pedrito - RS,2017,80383.0,80383.0,231503.0,2880.0
4306601,Dom Pedrito - RS,2018,100000.0,100000.0,192000.0,1920.0
4306601,Dom Pedrito - RS,2019,120000.0,120000.0,194400.0,1620.0
4306601,Dom Pedrito - RS,2020,120000.0,120000.0,134400.0,1120.0
4306601,Dom Pedrito - RS,2021,130000.0,130000.0,351000.0,2700.0
4306601,Dom Pedrito - RS,2022,151500.0,150500.0,255850.0,1700.0
4306601,Dom Pedrito - RS,2023,160000.0,160000.0,367500.0,2297.0
4306601,Dom Pedrito - RS,2024,120000.0,120000.0,180360.0,1503.0
4306601,Dom Pedrito - RS,2025,165000.0,165000.0,318300.0,1929.0
4306551,Dom Pedro de Alcântara - RS,2000,,,,
4306551,Dom Pedro de Alcântara - RS,2001,,,,
4306551,Dom Pedro de Alcântara - RS,2002,,,,
4306551,Dom Pedro de Alcântara - RS,2003,,,,
4306551,Dom Pedro de Alcântara - RS,2004,,,,
4306551,Dom Pedro de Alcântara - RS,2005,,,,
4306551,Dom Pedro de Alcântara - RS,2006,,,,
4306551,Dom Pedro de Alcântara - RS,2007,,,,
4306551,Dom Pedro de Alcântara - RS,2008,,,,
4306551,Dom Pedro de Alcântara - RS,2009,,,,
4306551,Dom Pedro de Alcântara - RS,2010,,,,
4306551,Dom Pedro de Alcântara - RS,2011,,,,
4306551,Dom Pedro de Alcântara - RS,2012,,,,
4306551,Dom Pedro de Alcântara - RS,2013,,,,
4306551,Dom Pedro de Alcântara - RS,2014,,,,
4306551,Dom Pedro de Alcântara - RS,2015,,,,
4306551,Dom Pedro de Alcântara - RS,2016,,,,
4306551,Dom Pedro de Alcântara - RS,2017,,,,
4306551,Dom Pedro de Alcântara - RS,2018,,,,
4306551,Dom Pedro de Alcântara - RS,2019,,,,
4306551,Dom Pedro de Alcântara - RS,2020,,,,
4306551,Dom Pedro de Alcântara - RS,2021,,,,
4306551,Dom Pedro de Alcântara - RS,2022,,,,
4306551,Dom Pedro de Alcântara - RS,2023,,,,
4306551,Dom Pedro de Alcântara - RS,2024,,,,
4306551,Dom Pedro de Alcântara - RS,2025,,,,
4306700,Dona Francisca - RS,2000,30.0,30.0,58.0,1933.0
4306700,Dona Francisca - RS,2001,30.0,30.0,66.0,2200.0
4306700,Dona Francisca - RS,2002,60.0,60.0,115.0,1916.0
4306700,Dona Francisca - RS,2003,80.0,80.0,216.0,2700.0
4306700,Dona Francisca - RS,2004,90.0,90.0,146.0,1622.0
4306700,Dona Francisca - RS,2005,110.0,110.0,79.0,718.0
4306700,Dona Francisca - RS,2006,90.0,90.0,184.0,2044.0
4306700,Dona Francisca - RS,2007,90.0,90.0,232.0,2577.0
4306700,Dona Francisca - RS,2008,130.0,130.0,296.0,2276.0
4306700,Dona Francisca - RS,2009,130.0,130.0,273.0,2100.0
4306700,Dona Francisca - RS,2010,140.0,140.0,294.0,2100.0
4306700,Dona Francisca - RS,2011,150.0,150.0,378.0,2520.0
4306700,Dona Francisca - RS,2012,140.0,140.0,168.0,1200.0
4306700,Dona Francisca - RS,2013,220.0,220.0,673.0,3059.0
4306700,Dona Francisca - RS,2014,260.0,260.0,733.0,2819.0
4306700,Dona Francisca - RS,2015,260.0,260.0,749.0,2881.0
4306700,Dona Francisca - RS,2016,440.0,440.0,1267.0,2880.0
4306700,Dona Francisca - RS,2017,440.0,440.0,1531.0,3480.0
4306700,Dona Francisca - RS,2018,480.0,480.0,1536.0,3200.0
4306700,Dona Francisca - RS,2019,520.0,520.0,1685.0,3240.0
4306700,Dona Francisca - RS,2020,520.0,520.0,763.0,1467.0
4306700,Dona Francisca - RS,2021,520.0,520.0,1820.0,3500.0
4306700,Dona Francisca - RS,2022,580.0,580.0,1169.0,2016.0
4306700,Dona Francisca - RS,2023,700.0,700.0,924.0,1320.0
4306700,Dona Francisca - RS,2024,720.0,620.0,1768.0,2852.0
4306700,Dona Francisca - RS,2025,750.0,750.0,2423.0,3231.0
4306734,Doutor Maurício Cardoso - RS,2000,12600.0,12600.0,18900.0,1500.0
4306734,Doutor Maurício Cardoso - RS,2001,12300.0,12300.0,23124.0,1880.0
4306734,Doutor Maurício Cardoso - RS,2002,12700.0,12700.0,21336.0,1680.0
4306734,Doutor Maurício Cardoso - RS,2003,14700.0,14700.0,35280.0,2400.0
4306734,Doutor Maurício Cardoso - RS,2004,14000.0,14000.0,25200.0,1800.0
4306734,Doutor Maurício Cardoso - RS,2005,14000.0,7000.0,5040.0,720.0
4306734,Doutor Maurício Cardoso - RS,2006,12200.0,12200.0,21960.0,1800.0
4306734,Doutor Maurício Cardoso - RS,2007,12000.0,12000.0,33840.0,2820.0
4306734,Doutor Maurício Cardoso - RS,2008,13000.0,13000.0,21060.0,1620.0
4306734,Doutor Maurício Cardoso - RS,2009,13000.0,13000.0,23400.0,1800.0
4306734,Doutor Maurício Cardoso - RS,2010,13000.0,13000.0,28860.0,2220.0
4306734,Doutor Maurício Cardoso - RS,2011,13000.0,13000.0,35100.0,2700.0
4306734,Doutor Maurício Cardoso - RS,2012,12500.0,12500.0,18750.0,1500.0
4306734,Doutor Maurício Cardoso - RS,2013,12500.0,12500.0,30000.0,2400.0
4306734,Doutor Maurício Cardoso - RS,2014,12000.0,12000.0,32400.0,2700.0
4306734,Doutor Maurício Cardoso - RS,2015,12750.0,12750.0,38250.0,3000.0
4306734,Doutor Maurício Cardoso - RS,2016,13750.0,13750.0,41250.0,3000.0
4306734,Doutor Maurício Cardoso - RS,2017,13750.0,13750.0,41253.0,3000.0
4306734,Doutor Maurício Cardoso - RS,2018,13780.0,13780.0,45483.0,3301.0
4306734,Doutor Maurício Cardoso - RS,2019,13330.0,13330.0,40035.0,3003.0
4306734,Doutor Maurício Cardoso - RS,2020,13750.0,13750.0,41250.0,3000.0
4306734,Doutor Maurício Cardoso - RS,2021,13750.0,13750.0,41250.0,3000.0
4306734,Doutor Maurício Cardoso - RS,2022,13780.0,13780.0,20715.0,1503.0
4306734,Doutor Maurício Cardoso - RS,2023,13780.0,13780.0,33108.0,2403.0
4306734,Doutor Maurício Cardoso - RS,2024,13780.0,13780.0,45483.0,3301.0
4306734,Doutor Maurício Cardoso - RS,2025,13780.0,13780.0,24858.0,1804.0
4306759,Doutor Ricardo - RS,2000,61.0,61.0,128.0,2098.0
4306759,Doutor Ricardo - RS,2001,52.0,52.0,109.0,2096.0
4306759,Doutor Ricardo - RS,2002,40.0,40.0,84.0,2100.0
4306759,Doutor Ricardo - RS,2003,40.0,40.0,84.0,2100.0
4306759,Doutor Ricardo - RS,2004,40.0,40.0,50.0,1250.0
4306759,Doutor Ricardo - RS,2005,40.0,15.0,18.0,1200.0
4306759,Doutor Ricardo - RS,2006,40.0,40.0,43.0,1075.0
4306759,Doutor Ricardo - RS,2007,35.0,35.0,63.0,1800.0
4306759,Doutor Ricardo - RS,2008,10.0,10.0,18.0,1800.0
4306759,Doutor Ricardo - RS,2009,15.0,15.0,32.0,2133.0
4306759,Doutor Ricardo - RS,2010,90.0,90.0,225.0,2500.0
4306759,Doutor Ricardo - RS,2011,80.0,80.0,240.0,3000.0
4306759,Doutor Ricardo - RS,2012,50.0,50.0,120.0,2400.0
4306759,Doutor Ricardo - RS,2013,50.0,50.0,135.0,2700.0
4306759,Doutor Ricardo - RS,2014,40.0,40.0,96.0,2400.0
4306759,Doutor Ricardo - RS,2015,40.0,40.0,96.0,2400.0
4306759,Doutor Ricardo - RS,2016,20.0,20.0,48.0,2400.0
4306759,Doutor Ricardo - RS,2017,30.0,30.0,90.0,3000.0
4306759,Doutor Ricardo - RS,2018,50.0,50.0,165.0,3300.0
4306759,Doutor Ricardo - RS,2019,200.0,200.0,780.0,3900.0
4306759,Doutor Ricardo - RS,2020,200.0,200.0,300.0,1500.0
4306759,Doutor Ricardo - RS,2021,200.0,200.0,840.0,4200.0
4306759,Doutor Ricardo - RS,2022,200.0,200.0,300.0,1500.0
4306759,Doutor Ricardo - RS,2023,200.0,200.0,576.0,2880.0
4306759,Doutor Ricardo - RS,2024,200.0,200.0,640.0,3200.0
4306759,Doutor Ricardo - RS,2025,600.0,600.0,2223.0,3705.0
4306767,Eldorado do Sul - RS,2000,100.0,100.0,120.0,1200.0
4306767,Eldorado do Sul - RS,2001,100.0,100.0,120.0,1200.0
4306767,Eldorado do Sul - RS,2002,450.0,450.0,540.0,1200.0
4306767,Eldorado do Sul - RS,2003,450.0,450.0,540.0,1200.0
4306767,Eldorado do Sul - RS,2004,200.0,200.0,240.0,1200.0
4306767,Eldorado do Sul - RS,2005,200.0,200.0,100.0,500.0
4306767,Eldorado do Sul - RS,2006,200.0,200.0,300.0,1500.0
4306767,Eldorado do Sul - RS,2007,,,,
4306767,Eldorado do Sul - RS,2008,,,,
4306767,Eldorado do Sul - RS,2009,,,,
4306767,Eldorado do Sul - RS,2010,382.0,382.0,802.0,2099.0
4306767,Eldorado do Sul - RS,2011,190.0,190.0,456.0,2400.0
4306767,Eldorado do Sul - RS,2012,430.0,430.0,1118.0,2600.0
4306767,Eldorado do Sul - RS,2013,920.0,920.0,2484.0,2700.0
4306767,Eldorado do Sul - RS,2014,1100.0,1100.0,3036.0,2760.0
4306767,Eldorado do Sul - RS,2015,1189.0,1189.0,2711.0,2280.0
4306767,Eldorado do Sul - RS,2016,1959.0,1959.0,5877.0,3000.0
4306767,Eldorado do Sul - RS,2017,2000.0,2000.0,6000.0,3000.0
4306767,Eldorado do Sul - RS,2018,1959.0,1959.0,5377.0,2745.0
4306767,Eldorado do Sul - RS,2019,1959.0,1959.0,5290.0,2700.0
4306767,Eldorado do Sul - RS,2020,2000.0,2000.0,5580.0,2790.0
4306767,Eldorado do Sul - RS,2021,2000.0,2000.0,6000.0,3000.0
4306767,Eldorado do Sul - RS,2022,2500.0,2500.0,6000.0,2400.0
4306767,Eldorado do Sul - RS,2023,2500.0,2500.0,6863.0,2745.0
4306767,Eldorado do Sul - RS,2024,3500.0,2800.0,4480.0,1600.0
4306767,Eldorado do Sul - RS,2025,3500.0,3500.0,6300.0,1800.0
4306809,Encantado - RS,2000,360.0,360.0,410.0,1138.0
4306809,Encantado - RS,2001,360.0,360.0,648.0,1800.0
4306809,Encantado - RS,2002,300.0,300.0,540.0,1800.0
4306809,Encantado - RS,2003,300.0,300.0,486.0,1620.0
4306809,Encantado - RS,2004,360.0,360.0,302.0,838.0
4306809,Encantado - RS,2005,360.0,360.0,130.0,361.0
4306809,Encantado - RS,2006,360.0,360.0,324.0,900.0
4306809,Encantado - RS,2007,360.0,360.0,648.0,1800.0
4306809,Encantado - RS,2008,360.0,360.0,648.0,1800.0
4306809,Encantado - RS,2009,360.0,360.0,648.0,1800.0
4306809,Encantado - RS,2010,360.0,360.0,648.0,1800.0
4306809,Encantado - RS,2011,360.0,360.0,864.0,2400.0
4306809,Encantado - RS,2012,360.0,360.0,432.0,1200.0
4306809,Encantado - RS,2013,360.0,360.0,972.0,2700.0
4306809,Encantado - RS,2014,400.0,400.0,1080.0,2700.0
4306809,Encantado - RS,2015,400.0,400.0,1080.0,2700.0
4306809,Encantado - RS,2016,400.0,400.0,1080.0,2700.0
4306809,Encantado - RS,2017,400.0,400.0,1248.0,3120.0
4306809,Encantado - RS,2018,360.0,360.0,1022.0,2839.0
4306809,Encantado - RS,2019,340.0,340.0,1142.0,3359.0
4306809,Encantado - RS,2020,360.0,360.0,579.0,1608.0
4306809,Encantado - RS,2021,360.0,360.0,1188.0,3300.0
4306809,Encantado - RS,2022,400.0,400.0,720.0,1800.0
4306809,Encantado - RS,2023,420.0,420.0,1134.0,2700.0
4306809,Encantado - RS,2024,400.0,300.0,840.0,2800.0
4306809,Encantado - RS,2025,360.0,360.0,720.0,2000.0
4306908,Encruzilhada do Sul - RS,2000,550.0,550.0,990.0,1800.0
4306908,Encruzilhada do Sul - RS,2001,550.0,550.0,1155.0,2100.0
4306908,Encruzilhada do Sul - RS,2002,1100.0,1100.0,2310.0,2100.0
4306908,Encruzilhada do Sul - RS,2003,4000.0,4000.0,6400.0,1600.0
4306908,Encruzilhada do Sul - RS,2004,6000.0,6000.0,5400.0,900.0
4306908,Encruzilhada do Sul - RS,2005,4000.0,3200.0,2880.0,900.0
4306908,Encruzilhada do Sul - RS,2006,3500.0,3500.0,2520.0,720.0
4306908,Encruzilhada do Sul - RS,2007,3000.0,3000.0,6300.0,2100.0
4306908,Encruzilhada do Sul - RS,2008,1600.0,1600.0,3840.0,2400.0
4306908,Encruzilhada do Sul - RS,2009,3600.0,3600.0,8640.0,2400.0
4306908,Encruzilhada do Sul - RS,2010,3600.0,3600.0,9360.0,2600.0
4306908,Encruzilhada do Sul - RS,2011,3600.0,3600.0,9720.0,2700.0
4306908,Encruzilhada do Sul - RS,2012,5000.0,5000.0,9450.0,1890.0
4306908,Encruzilhada do Sul - RS,2013,12000.0,12000.0,32400.0,2700.0
4306908,Encruzilhada do Sul - RS,2014,20000.0,20000.0,60000.0,3000.0
4306908,Encruzilhada do Sul - RS,2015,25000.0,25000.0,90000.0,3600.0
4306908,Encruzilhada do Sul - RS,2016,30000.0,30000.0,78000.0,2600.0
4306908,Encruzilhada do Sul - RS,2017,33000.0,33000.0,118800.0,3600.0
4306908,Encruzilhada do Sul - RS,2018,36000.0,36000.0,60480.0,1680.0
4306908,Encruzilhada do Sul - RS,2019,37000.0,37000.0,91020.0,2460.0
4306908,Encruzilhada do Sul - RS,2020,42000.0,41500.0,24900.0,600.0
4306908,Encruzilhada do Sul - RS,2021,44100.0,44100.0,145680.0,3303.0
4306908,Encruzilhada do Sul - RS,2022,51750.0,49250.0,80130.0,1627.0
4306908,Encruzilhada do Sul - RS,2023,53300.0,53300.0,128280.0,2407.0
4306908,Encruzilhada do Sul - RS,2024,53000.0,48750.0,93600.0,1920.0
4306908,Encruzilhada do Sul - RS,2025,53000.0,53000.0,89040.0,1680.0
4306924,Engenho Velho - RS,2000,3500.0,3500.0,6300.0,1800.0
4306924,Engenho Velho - RS,2001,3500.0,3500.0,8400.0,2400.0
4306924,Engenho Velho - RS,2002,4000.0,4000.0,6000.0,1500.0
4306924,Engenho Velho - RS,2003,3500.0,3500.0,8400.0,2400.0
4306924,Engenho Velho - RS,2004,3500.0,3500.0,3360.0,960.0
4306924,Engenho Velho - RS,2005,4000.0,4000.0,960.0,240.0
4306924,Engenho Velho - RS,2006,3500.0,3500.0,8400.0,2400.0
4306924,Engenho Velho - RS,2007,3500.0,3500.0,8400.0,2400.0
4306924,Engenho Velho - RS,2008,3325.0,3325.0,5985.0,1800.0
4306924,Engenho Velho - RS,2009,3500.0,3500.0,7392.0,2112.0
4306924,Engenho Velho - RS,2010,3600.0,3600.0,10800.0,3000.0
4306924,Engenho Velho - RS,2011,3650.0,3650.0,10950.0,3000.0
4306924,Engenho Velho - RS,2012,3500.0,3500.0,4200.0,1200.0
4306924,Engenho Velho - RS,2013,5000.0,5000.0,14330.0,2866.0
4306924,Engenho Velho - RS,2014,5500.0,5500.0,14850.0,2700.0
4306924,Engenho Velho - RS,2015,5500.0,5500.0,21450.0,3900.0
4306924,Engenho Velho - RS,2016,5500.0,5500.0,18150.0,3300.0
4306924,Engenho Velho - RS,2017,5500.0,5500.0,19800.0,3600.0
4306924,Engenho Velho - RS,2018,5500.0,5500.0,17600.0,3200.0
4306924,Engenho Velho - RS,2019,5500.0,5500.0,23100.0,4200.0
4306924,Engenho Velho - RS,2020,5500.0,5500.0,16500.0,3000.0
4306924,Engenho Velho - RS,2021,5500.0,5500.0,16500.0,3000.0
4306924,Engenho Velho - RS,2022,4000.0,4000.0,4800.0,1200.0
4306924,Engenho Velho - RS,2023,3500.0,3500.0,6650.0,1900.0
4306924,Engenho Velho - RS,2024,3500.0,3500.0,11550.0,3300.0
4306924,Engenho Velho - RS,2025,3500.0,3500.0,5250.0,1500.0
4306957,Entre Rios do Sul - RS,2000,4900.0,4900.0,7056.0,1440.0
4306957,Entre Rios do Sul - RS,2001,4711.0,4711.0,12856.0,2728.0
4306957,Entre Rios do Sul - RS,2002,5185.0,5185.0,4900.0,945.0
4306957,Entre Rios do Sul - RS,2003,4985.0,4985.0,13888.0,2785.0
4306957,Entre Rios do Sul - RS,2004,5225.0,5225.0,6913.0,1323.0
4306957,Entre Rios do Sul - RS,2005,5185.0,4985.0,3230.0,647.0
4306957,Entre Rios do Sul - RS,2006,5185.0,5185.0,13751.0,2652.0
4306957,Entre Rios do Sul - RS,2007,5085.0,5085.0,15408.0,3030.0
4306957,Entre Rios do Sul - RS,2008,5385.0,5385.0,14507.0,2693.0
4306957,Entre Rios do Sul - RS,2009,5585.0,5585.0,11980.0,2145.0
4306957,Entre Rios do Sul - RS,2010,5985.0,5985.0,18601.0,3107.0
4306957,Entre Rios do Sul - RS,2011,6295.0,6295.0,20226.0,3213.0
4306957,Entre Rios do Sul - RS,2012,6295.0,6295.0,6609.0,1050.0
4306957,Entre Rios do Sul - RS,2013,6295.0,6295.0,16480.0,2618.0
4306957,Entre Rios do Sul - RS,2014,6635.0,6635.0,17915.0,2700.0
4306957,Entre Rios do Sul - RS,2015,7000.0,7000.0,19950.0,2850.0
4306957,Entre Rios do Sul - RS,2016,7400.0,7400.0,24420.0,3300.0
4306957,Entre Rios do Sul - RS,2017,7400.0,7400.0,26640.0,3600.0
4306957,Entre Rios do Sul - RS,2018,7500.0,7500.0,22500.0,3000.0
4306957,Entre Rios do Sul - RS,2019,5400.0,5400.0,19440.0,3600.0
4306957,Entre Rios do Sul - RS,2020,5400.0,5400.0,12960.0,2400.0
4306957,Entre Rios do Sul - RS,2021,5400.0,5400.0,17820.0,3300.0
4306957,Entre Rios do Sul - RS,2022,5500.0,5500.0,8250.0,1500.0
4306957,Entre Rios do Sul - RS,2023,5500.0,5500.0,14850.0,2700.0
4306957,Entre Rios do Sul - RS,2024,5500.0,5450.0,19620.0,3600.0
4306957,Entre Rios do Sul - RS,2025,5500.0,5500.0,13200.0,2400.0
4306932,Entre-Ijuís - RS,2000,30000.0,30000.0,27000.0,900.0
4306932,Entre-Ijuís - RS,2001,29000.0,29000.0,57420.0,1980.0
4306932,Entre-Ijuís - RS,2002,30000.0,30000.0,27000.0,900.0
4306932,Entre-Ijuís - RS,2003,30000.0,30000.0,72000.0,2400.0
4306932,Entre-Ijuís - RS,2004,31000.0,31000.0,33480.0,1080.0
4306932,Entre-Ijuís - RS,2005,31000.0,15000.0,4500.0,300.0
4306932,Entre-Ijuís - RS,2006,30000.0,30000.0,37800.0,1260.0
4306932,Entre-Ijuís - RS,2007,30000.0,30000.0,66000.0,2200.0
4306932,Entre-Ijuís - RS,2008,30000.0,30000.0,54000.0,1800.0
4306932,Entre-Ijuís - RS,2009,30000.0,30000.0,50400.0,1680.0
4306932,Entre-Ijuís - RS,2010,32000.0,32000.0,76800.0,2400.0
4306932,Entre-Ijuís - RS,2011,32000.0,32000.0,84500.0,2641.0
4306932,Entre-Ijuís - RS,2012,32000.0,5000.0,3600.0,720.0
4306932,Entre-Ijuís - RS,2013,32730.0,32730.0,83487.0,2551.0
4306932,Entre-Ijuís - RS,2014,32730.0,32730.0,83487.0,2551.0
4306932,Entre-Ijuís - RS,2015,32730.0,32730.0,88809.0,2713.0
4306932,Entre-Ijuís - RS,2016,33000.0,33000.0,104800.0,3176.0
4306932,Entre-Ijuís - RS,2017,32700.0,32700.0,103420.0,3163.0
4306932,Entre-Ijuís - RS,2018,32700.0,32700.0,106261.0,3250.0
4306932,Entre-Ijuís - RS,2019,32800.0,32800.0,109860.0,3349.0
4306932,Entre-Ijuís - RS,2020,32800.0,32800.0,33360.0,1017.0
4306932,Entre-Ijuís - RS,2021,32800.0,32800.0,112424.0,3428.0
4306932,Entre-Ijuís - RS,2022,33223.0,33223.0,13949.0,420.0
4306932,Entre-Ijuís - RS,2023,34925.0,34925.0,31681.0,907.0
4306932,Entre-Ijuís - RS,2024,35098.0,35098.0,116161.0,3310.0
4306932,Entre-Ijuís - RS,2025,35000.0,35000.0,54762.0,1565.0
4306973,Erebango - RS,2000,6500.0,6500.0,13000.0,2000.0
4306973,Erebango - RS,2001,5500.0,5500.0,14850.0,2700.0
4306973,Erebango - RS,2002,6500.0,6500.0,12480.0,1920.0
4306973,Erebango - RS,2003,6600.0,6600.0,19800.0,3000.0
4306973,Erebango - RS,2004,7000.0,7000.0,13020.0,1860.0
4306973,Erebango - RS,2005,7000.0,7000.0,5460.0,780.0
4306973,Erebango - RS,2006,6800.0,6800.0,19584.0,2880.0
4306973,Erebango - RS,2007,7200.0,7200.0,21600.0,3000.0
4306973,Erebango - RS,2008,7200.0,7200.0,17280.0,2400.0
4306973,Erebango - RS,2009,6950.0,6950.0,13031.0,1874.0
4306973,Erebango - RS,2010,7200.0,7200.0,23760.0,3300.0
4306973,Erebango - RS,2011,7200.0,7200.0,24192.0,3360.0
4306973,Erebango - RS,2012,7200.0,7200.0,14515.0,2016.0
4306973,Erebango - RS,2013,7700.0,7700.0,23100.0,3000.0
4306973,Erebango - RS,2014,8000.0,8000.0,25600.0,3200.0
4306973,Erebango - RS,2015,8100.0,8100.0,29160.0,3600.0
4306973,Erebango - RS,2016,9600.0,9600.0,34560.0,3600.0
4306973,Erebango - RS,2017,9400.0,9400.0,33840.0,3600.0
4306973,Erebango - RS,2018,10000.0,10000.0,33000.0,3300.0
4306973,Erebango - RS,2019,10000.0,10000.0,39000.0,3900.0
4306973,Erebango - RS,2020,10200.0,10200.0,25112.0,2462.0
4306973,Erebango - RS,2021,10500.0,10500.0,38850.0,3700.0
4306973,Erebango - RS,2022,10500.0,10500.0,34230.0,3260.0
4306973,Erebango - RS,2023,10800.0,10800.0,29160.0,2700.0
4306973,Erebango - RS,2024,11000.0,11000.0,44000.0,4000.0
4306973,Erebango - RS,2025,11100.0,11100.0,23310.0,2100.0
4307005,Erechim - RS,2000,19500.0,19500.0,37440.0,1920.0
4307005,Erechim - RS,2001,4500.0,4500.0,12960.0,2880.0
4307005,Erechim - RS,2002,4700.0,4700.0,9024.0,1920.0
4307005,Erechim - RS,2003,5300.0,5300.0,15264.0,2880.0
4307005,Erechim - RS,2004,6200.0,6200.0,10478.0,1690.0
4307005,Erechim - RS,2005,7000.0,7000.0,5670.0,810.0
4307005,Erechim - RS,2006,6700.0,6700.0,18090.0,2700.0
4307005,Erechim - RS,2007,7200.0,7200.0,21600.0,3000.0
4307005,Erechim - RS,2008,7200.0,7200.0,17280.0,2400.0
4307005,Erechim - RS,2009,7200.0,7200.0,15120.0,2100.0
4307005,Erechim - RS,2010,8200.0,8200.0,24600.0,3000.0
4307005,Erechim - RS,2011,8500.0,8500.0,22950.0,2700.0
4307005,Erechim - RS,2012,8200.0,8200.0,17220.0,2100.0
4307005,Erechim - RS,2013,9000.0,9000.0,23400.0,2600.0
4307005,Erechim - RS,2014,9100.0,9100.0,27300.0,3000.0
4307005,Erechim - RS,2015,9200.0,9200.0,30360.0,3300.0
4307005,Erechim - RS,2016,9500.0,9500.0,31350.0,3300.0
4307005,Erechim - RS,2017,9500.0,9500.0,34200.0,3600.0
4307005,Erechim - RS,2018,9700.0,9700.0,33950.0,3500.0
4307005,Erechim - RS,2019,9700.0,9700.0,34920.0,3600.0
4307005,Erechim - RS,2020,10000.0,10000.0,25200.0,2520.0
4307005,Erechim - RS,2021,10050.0,10050.0,36180.0,3600.0
4307005,Erechim - RS,2022,10050.0,10050.0,22110.0,2200.0
4307005,Erechim - RS,2023,10100.0,10100.0,30300.0,3000.0
4307005,Erechim - RS,2024,10100.0,10100.0,34340.0,3400.0
4307005,Erechim - RS,2025,10100.0,10100.0,23634.0,2340.0
4307054,Ernestina - RS,2000,17000.0,17000.0,32640.0,1920.0
4307054,Ernestina - RS,2001,14256.0,14256.0,38491.0,2699.0
4307054,Ernestina - RS,2002,15500.0,15500.0,29760.0,1920.0
4307054,Ernestina - RS,2003,16500.0,16500.0,49500.0,3000.0
4307054,Ernestina - RS,2004,17500.0,17500.0,37800.0,2160.0
4307054,Ernestina - RS,2005,17500.0,12250.0,6615.0,540.0
4307054,Ernestina - RS,2006,16500.0,16500.0,44550.0,2700.0
4307054,Ernestina - RS,2007,17000.0,17000.0,51000.0,3000.0
4307054,Ernestina - RS,2008,17000.0,17000.0,32640.0,1920.0
4307054,Ernestina - RS,2009,16500.0,16500.0,34650.0,2100.0
4307054,Ernestina - RS,2010,17500.0,17500.0,52500.0,3000.0
4307054,Ernestina - RS,2011,17500.0,17500.0,52500.0,3000.0
4307054,Ernestina - RS,2012,17000.0,17000.0,35700.0,2100.0
4307054,Ernestina - RS,2013,17100.0,17100.0,51300.0,3000.0
4307054,Ernestina - RS,2014,17100.0,17100.0,51300.0,3000.0
4307054,Ernestina - RS,2015,17100.0,17100.0,59850.0,3500.0
4307054,Ernestina - RS,2016,17100.0,17100.0,51300.0,3000.0
4307054,Ernestina - RS,2017,17200.0,17200.0,60200.0,3500.0
4307054,Ernestina - RS,2018,17100.0,17100.0,50445.0,2950.0
4307054,Ernestina - RS,2019,17100.0,17100.0,51300.0,3000.0
4307054,Ernestina - RS,2020,17100.0,17100.0,38475.0,2250.0
4307054,Ernestina - RS,2021,17100.0,17100.0,62586.0,3660.0
4307054,Ernestina - RS,2022,17100.0,17100.0,29070.0,1700.0
4307054,Ernestina - RS,2023,17100.0,17100.0,30780.0,1800.0
4307054,Ernestina - RS,2024,17250.0,17250.0,59850.0,3470.0
4307054,Ernestina - RS,2025,17100.0,17100.0,61560.0,3600.0
4307203,Erval Grande - RS,2000,2000.0,2000.0,3000.0,1500.0
4307203,Erval Grande - RS,2001,2000.0,2000.0,4800.0,2400.0
4307203,Erval Grande - RS,2002,2000.0,2000.0,1200.0,600.0
4307203,Erval Grande - RS,2003,2200.0,2200.0,5280.0,2400.0
4307203,Erval Grande - RS,2004,2200.0,2200.0,3432.0,1560.0
4307203,Erval Grande - RS,2005,2550.0,2550.0,1530.0,600.0
4307203,Erval Grande - RS,2006,2550.0,2550.0,6120.0,2400.0
4307203,Erval Grande - RS,2007,2550.0,2550.0,6120.0,2400.0
4307203,Erval Grande - RS,2008,2550.0,2550.0,5814.0,2280.0
4307203,Erval Grande - RS,2009,3350.0,3350.0,4422.0,1320.0
4307203,Erval Grande - RS,2010,3000.0,3000.0,7200.0,2400.0
4307203,Erval Grande - RS,2011,3000.0,3000.0,9000.0,3000.0
4307203,Erval Grande - RS,2012,2000.0,2000.0,1320.0,660.0
4307203,Erval Grande - RS,2013,2030.0,2030.0,6090.0,3000.0
4307203,Erval Grande - RS,2014,2130.0,2130.0,5751.0,2700.0
4307203,Erval Grande - RS,2015,2330.0,2330.0,6291.0,2700.0
4307203,Erval Grande - RS,2016,2430.0,2430.0,7290.0,3000.0
4307203,Erval Grande - RS,2017,2430.0,2430.0,8748.0,3600.0
4307203,Erval Grande - RS,2018,2500.0,2500.0,9000.0,3600.0
4307203,Erval Grande - RS,2019,2500.0,2500.0,9000.0,3600.0
4307203,Erval Grande - RS,2020,2600.0,2600.0,5928.0,2280.0
4307203,Erval Grande - RS,2021,3000.0,3000.0,9000.0,3000.0
4307203,Erval Grande - RS,2022,3700.0,3700.0,6660.0,1800.0
4307203,Erval Grande - RS,2023,3700.0,3700.0,11100.0,3000.0
4307203,Erval Grande - RS,2024,4000.0,3600.0,12960.0,3600.0
4307203,Erval Grande - RS,2025,4000.0,4000.0,7200.0,1800.0
4307302,Erval Seco - RS,2000,15000.0,15000.0,25500.0,1700.0
4307302,Erval Seco - RS,2001,14500.0,14500.0,29348.0,2024.0
4307302,Erval Seco - RS,2002,14500.0,14500.0,17400.0,1200.0
4307302,Erval Seco - RS,2003,14500.0,14500.0,34800.0,2400.0
4307302,Erval Seco - RS,2004,15000.0,15000.0,15000.0,1000.0
4307302,Erval Seco - RS,2005,15000.0,15000.0,9000.0,600.0
4307302,Erval Seco - RS,2006,13000.0,13000.0,19500.0,1500.0
4307302,Erval Seco - RS,2007,12500.0,12500.0,33750.0,2700.0
4307302,Erval Seco - RS,2008,12000.0,12000.0,15000.0,1250.0
4307302,Erval Seco - RS,2009,11800.0,11800.0,15222.0,1290.0
4307302,Erval Seco - RS,2010,12000.0,12000.0,29412.0,2451.0
4307302,Erval Seco - RS,2011,12000.0,12000.0,34560.0,2880.0
4307302,Erval Seco - RS,2012,12000.0,12000.0,12240.0,1020.0
4307302,Erval Seco - RS,2013,12800.0,12800.0,35840.0,2800.0
4307302,Erval Seco - RS,2014,12800.0,12800.0,32000.0,2500.0
4307302,Erval Seco - RS,2015,13000.0,13000.0,39000.0,3000.0
4307302,Erval Seco - RS,2016,13800.0,13800.0,49680.0,3600.0
4307302,Erval Seco - RS,2017,13600.0,13600.0,51408.0,3780.0
4307302,Erval Seco - RS,2018,14730.0,14730.0,47205.0,3205.0
4307302,Erval Seco - RS,2019,14730.0,14730.0,54616.0,3708.0
4307302,Erval Seco - RS,2020,14000.0,14000.0,38025.0,2716.0
4307302,Erval Seco - RS,2021,14000.0,14000.0,50490.0,3606.0
4307302,Erval Seco - RS,2022,15000.0,15000.0,16785.0,1119.0
4307302,Erval Seco - RS,2023,15000.0,15000.0,45135.0,3009.0
4307302,Erval Seco - RS,2024,15800.0,15800.0,53720.0,3400.0
4307302,Erval Seco - RS,2025,16500.0,16500.0,40000.0,2424.0
4307401,Esmeralda - RS,2000,8000.0,8000.0,19200.0,2400.0
4307401,Esmeralda - RS,2001,6000.0,6000.0,16200.0,2700.0
4307401,Esmeralda - RS,2002,6000.0,6000.0,12000.0,2000.0
4307401,Esmeralda - RS,2003,12000.0,12000.0,32400.0,2700.0
4307401,Esmeralda - RS,2004,15500.0,15500.0,24800.0,1600.0
4307401,Esmeralda - RS,2005,17500.0,15750.0,14175.0,900.0
4307401,Esmeralda - RS,2006,16000.0,16000.0,38400.0,2400.0
4307401,Esmeralda - RS,2007,16000.0,16000.0,48000.0,3000.0
4307401,Esmeralda - RS,2008,13000.0,13000.0,27300.0,2100.0
4307401,Esmeralda - RS,2009,15000.0,15000.0,27000.0,1800.0
4307401,Esmeralda - RS,2010,17500.0,17500.0,47250.0,2700.0
4307401,Esmeralda - RS,2011,18000.0,18000.0,54000.0,3000.0
4307401,Esmeralda - RS,2012,17500.0,17500.0,36750.0,2100.0
4307401,Esmeralda - RS,2013,19700.0,19700.0,47280.0,2400.0
4307401,Esmeralda - RS,2014,22000.0,22000.0,71280.0,3240.0
4307401,Esmeralda - RS,2015,26000.0,26000.0,90480.0,3480.0
4307401,Esmeralda - RS,2016,27950.0,27950.0,100620.0,3600.0
4307401,Esmeralda - RS,2017,27441.0,27441.0,98788.0,3600.0
4307401,Esmeralda - RS,2018,28500.0,28500.0,94050.0,3300.0
4307401,Esmeralda - RS,2019,28500.0,28500.0,102600.0,3600.0
4307401,Esmeralda - RS,2020,28500.0,28500.0,68400.0,2400.0
4307401,Esmeralda - RS,2021,29000.0,29000.0,95700.0,3300.0
4307401,Esmeralda - RS,2022,30000.0,30000.0,54840.0,1828.0
4307401,Esmeralda - RS,2023,30000.0,30000.0,108000.0,3600.0
4307401,Esmeralda - RS,2024,32000.0,32000.0,115200.0,3600.0
4307401,Esmeralda - RS,2025,32000.0,32000.0,102336.0,3198.0
4307450,Esperança do Sul - RS,2000,7000.0,7000.0,11200.0,1600.0
4307450,Esperança do Sul - RS,2001,6500.0,6500.0,11310.0,1740.0
4307450,Esperança do Sul - RS,2002,7000.0,7000.0,8400.0,1200.0
4307450,Esperança do Sul - RS,2003,7100.0,7100.0,14910.0,2100.0
4307450,Esperança do Sul - RS,2004,7100.0,7100.0,8094.0,1140.0
4307450,Esperança do Sul - RS,2005,11900.0,7000.0,2100.0,300.0
4307450,Esperança do Sul - RS,2006,7000.0,7000.0,7700.0,1100.0
4307450,Esperança do Sul - RS,2007,6800.0,6800.0,17136.0,2520.0
4307450,Esperança do Sul - RS,2008,6000.0,6000.0,7200.0,1200.0
4307450,Esperança do Sul - RS,2009,5500.0,5500.0,7425.0,1350.0
4307450,Esperança do Sul - RS,2010,5000.0,5000.0,10500.0,2100.0
4307450,Esperança do Sul - RS,2011,5000.0,5000.0,13500.0,2700.0
4307450,Esperança do Sul - RS,2012,5000.0,5000.0,6000.0,1200.0
4307450,Esperança do Sul - RS,2013,5000.0,5000.0,12000.0,2400.0
4307450,Esperança do Sul - RS,2014,4000.0,4000.0,8400.0,2100.0
4307450,Esperança do Sul - RS,2015,4000.0,4000.0,10320.0,2580.0
4307450,Esperança do Sul - RS,2016,4500.0,4500.0,12150.0,2700.0
4307450,Esperança do Sul - RS,2017,4750.0,4750.0,14250.0,3000.0
4307450,Esperança do Sul - RS,2018,4700.0,4700.0,15510.0,3300.0
4307450,Esperança do Sul - RS,2019,4700.0,4700.0,15510.0,3300.0
4307450,Esperança do Sul - RS,2020,4700.0,4700.0,11280.0,2400.0
4307450,Esperança do Sul - RS,2021,4700.0,4700.0,14100.0,3000.0
4307450,Esperança do Sul - RS,2022,5000.0,5000.0,4650.0,930.0
4307450,Esperança do Sul - RS,2023,5000.0,5000.0,6200.0,1240.0
4307450,Esperança do Sul - RS,2024,5000.0,5000.0,13200.0,2640.0
4307450,Esperança do Sul - RS,2025,5000.0,5000.0,11350.0,2270.0
4307500,Espumoso - RS,2000,36500.0,35000.0,52500.0,1500.0
4307500,Espumoso - RS,2001,31000.0,31000.0,79980.0,2580.0
4307500,Espumoso - RS,2002,35000.0,35000.0,73500.0,2100.0
4307500,Espumoso - RS,2003,37500.0,37500.0,112500.0,3000.0
4307500,Espumoso - RS,2004,40000.0,40000.0,72000.0,1800.0
4307500,Espumoso - RS,2005,40000.0,39800.0,28656.0,720.0
4307500,Espumoso - RS,2006,38500.0,38500.0,87780.0,2280.0
4307500,Espumoso - RS,2007,40000.0,40000.0,96000.0,2400.0
4307500,Espumoso - RS,2008,40000.0,40000.0,76800.0,1920.0
4307500,Espumoso - RS,2009,41000.0,41000.0,113160.0,2760.0
4307500,Espumoso - RS,2010,41500.0,41500.0,112050.0,2700.0
4307500,Espumoso - RS,2011,45000.0,45000.0,143100.0,3180.0
4307500,Espumoso - RS,2012,46400.0,46400.0,97440.0,2100.0
4307500,Espumoso - RS,2013,48000.0,48000.0,158400.0,3300.0
4307500,Espumoso - RS,2014,48570.0,48570.0,154533.0,3182.0
4307500,Espumoso - RS,2015,49000.0,49000.0,176400.0,3600.0
4307500,Espumoso - RS,2016,50160.0,50160.0,171768.0,3424.0
4307500,Espumoso - RS,2017,50130.0,50130.0,204663.0,4083.0
4307500,Espumoso - RS,2018,51400.0,51400.0,191640.0,3728.0
4307500,Espumoso - RS,2019,51450.0,51450.0,176166.0,3424.0
4307500,Espumoso - RS,2020,51830.0,51830.0,47934.0,925.0
4307500,Espumoso - RS,2021,51830.0,51830.0,202434.0,3906.0
4307500,Espumoso - RS,2022,51150.0,51150.0,61650.0,1205.0
4307500,Espumoso - RS,2023,52150.0,52150.0,106120.0,2035.0
4307500,Espumoso - RS,2024,52000.0,52000.0,157000.0,3019.0
4307500,Espumoso - RS,2025,52500.0,52500.0,89860.0,1712.0
4307559,Estação - RS,2000,4400.0,4400.0,8976.0,2040.0
4307559,Estação - RS,2001,3800.0,3800.0,10260.0,2700.0
4307559,Estação - RS,2002,4400.0,4400.0,7128.0,1620.0
4307559,Estação - RS,2003,4700.0,4700.0,15510.0,3300.0
4307559,Estação - RS,2004,4950.0,4950.0,10395.0,2100.0
4307559,Estação - RS,2005,5120.0,5120.0,3072.0,600.0
4307559,Estação - RS,2006,4940.0,4940.0,14820.0,3000.0
4307559,Estação - RS,2007,5390.0,5390.0,16817.0,3120.0
4307559,Estação - RS,2008,5340.0,5340.0,12763.0,2390.0
4307559,Estação - RS,2009,5340.0,5340.0,12816.0,2400.0
4307559,Estação - RS,2010,5440.0,5440.0,19040.0,3500.0
4307559,Estação - RS,2011,5500.0,5500.0,18150.0,3300.0
4307559,Estação - RS,2012,5500.0,5500.0,11220.0,2040.0
4307559,Estação - RS,2013,5500.0,5500.0,18150.0,3300.0
4307559,Estação - RS,2014,5500.0,5500.0,18728.0,3405.0
4307559,Estação - RS,2015,5800.0,5800.0,21576.0,3720.0
4307559,Estação - RS,2016,5800.0,5800.0,20880.0,3600.0
4307559,Estação - RS,2017,5800.0,5800.0,22620.0,3900.0
4307559,Estação - RS,2018,5800.0,5800.0,22620.0,3900.0
4307559,Estação - RS,2019,5850.0,5850.0,23400.0,4000.0
4307559,Estação - RS,2020,5750.0,5750.0,14375.0,2500.0
4307559,Estação - RS,2021,5750.0,5750.0,20125.0,3500.0
4307559,Estação - RS,2022,5900.0,5900.0,14957.0,2535.0
4307559,Estação - RS,2023,5900.0,5900.0,14160.0,2400.0
4307559,Estação - RS,2024,5900.0,5900.0,23276.0,3945.0
4307559,Estação - RS,2025,5900.0,5900.0,11682.0,1980.0
4307708,Esteio - RS,2000,,,,
4307708,Esteio - RS,2001,,,,
4307708,Esteio - RS,2002,,,,
4307708,Esteio - RS,2003,,,,
4307708,Esteio - RS,2004,,,,
4307708,Esteio - RS,2005,,,,
4307708,Esteio - RS,2006,,,,
4307708,Esteio - RS,2007,,,,
4307708,Esteio - RS,2008,,,,
4307708,Esteio - RS,2009,,,,
4307708,Esteio - RS,2010,,,,
4307708,Esteio - RS,2011,,,,
4307708,Esteio - RS,2012,,,,
4307708,Esteio - RS,2013,,,,
4307708,Esteio - RS,2014,,,,
4307708,Esteio - RS,2015,,,,
4307708,Esteio - RS,2016,,,,
4307708,Esteio - RS,2017,,,,
4307708,Esteio - RS,2018,,,,
4307708,Esteio - RS,2019,,,,
4307708,Esteio - RS,2020,,,,
4307708,Esteio - RS,2021,,,,
4307708,Esteio - RS,2022,,,,
4307708,Esteio - RS,2023,,,,
4307708,Esteio - RS,2024,,,,
4307708,Esteio - RS,2025,,,,
4307807,Estrela - RS,2000,300.0,300.0,720.0,2400.0
4307807,Estrela - RS,2001,400.0,400.0,912.0,2280.0
4307807,Estrela - RS,2002,400.0,400.0,800.0,2000.0
4307807,Estrela - RS,2003,800.0,800.0,1920.0,2400.0
4307807,Estrela - RS,2004,1000.0,1000.0,900.0,900.0
4307807,Estrela - RS,2005,900.0,90.0,24.0,266.0
4307807,Estrela - RS,2006,650.0,455.0,410.0,901.0
4307807,Estrela - RS,2007,650.0,530.0,1113.0,2100.0
4307807,Estrela - RS,2008,650.0,650.0,1365.0,2100.0
4307807,Estrela - RS,2009,800.0,800.0,2400.0,3000.0
4307807,Estrela - RS,2010,720.0,620.0,1860.0,3000.0
4307807,Estrela - RS,2011,735.0,735.0,2205.0,3000.0
4307807,Estrela - RS,2012,800.0,800.0,960.0,1200.0
4307807,Estrela - RS,2013,900.0,900.0,2700.0,3000.0
4307807,Estrela - RS,2014,1100.0,1100.0,2970.0,2700.0
4307807,Estrela - RS,2015,1150.0,1150.0,3795.0,3300.0
4307807,Estrela - RS,2016,1625.0,1625.0,4875.0,3000.0
4307807,Estrela - RS,2017,1450.0,1450.0,5220.0,3600.0
4307807,Estrela - RS,2018,1500.0,1500.0,4950.0,3300.0
4307807,Estrela - RS,2019,1625.0,1625.0,4875.0,3000.0
4307807,Estrela - RS,2020,1700.0,1700.0,3123.0,1837.0
4307807,Estrela - RS,2021,1800.0,1800.0,6012.0,3340.0
4307807,Estrela - RS,2022,1920.0,1920.0,3456.0,1800.0
4307807,Estrela - RS,2023,1920.0,1920.0,3168.0,1650.0
4307807,Estrela - RS,2024,2500.0,1900.0,3762.0,1980.0
4307807,Estrela - RS,2025,2125.0,2125.0,4208.0,1980.0
4307815,Estrela Velha - RS,2000,10200.0,10200.0,18360.0,1800.0
4307815,Estrela Velha - RS,2001,10200.0,10200.0,25500.0,2500.0
4307815,Estrela Velha - RS,2002,10600.0,10600.0,19080.0,1800.0
4307815,Estrela Velha - RS,2003,10600.0,10600.0,30528.0,2880.0
4307815,Estrela Velha - RS,2004,11000.0,11000.0,15620.0,1420.0
4307815,Estrela Velha - RS,2005,11400.0,11060.0,6835.0,617.0
4307815,Estrela Velha - RS,2006,11200.0,11200.0,26880.0,2400.0
4307815,Estrela Velha - RS,2007,11200.0,11200.0,33622.0,3001.0
4307815,Estrela Velha - RS,2008,11200.0,11200.0,25536.0,2280.0
4307815,Estrela Velha - RS,2009,11200.0,11200.0,30240.0,2700.0
4307815,Estrela Velha - RS,2010,11200.0,11200.0,28224.0,2520.0
4307815,Estrela Velha - RS,2011,11200.0,11200.0,32256.0,2880.0
4307815,Estrela Velha - RS,2012,11500.0,11500.0,20700.0,1800.0
4307815,Estrela Velha - RS,2013,11500.0,11500.0,34500.0,3000.0
4307815,Estrela Velha - RS,2014,11820.0,11820.0,39204.0,3317.0
4307815,Estrela Velha - RS,2015,12150.0,12150.0,40845.0,3362.0
4307815,Estrela Velha - RS,2016,12150.0,12150.0,39405.0,3243.0
4307815,Estrela Velha - RS,2017,12250.0,12250.0,47775.0,3900.0
4307815,Estrela Velha - RS,2018,12500.0,12500.0,41550.0,3324.0
4307815,Estrela Velha - RS,2019,12600.0,12600.0,45360.0,3600.0
4307815,Estrela Velha - RS,2020,12750.0,12750.0,15675.0,1229.0
4307815,Estrela Velha - RS,2021,12750.0,12750.0,43167.0,3386.0
4307815,Estrela Velha - RS,2022,13000.0,11750.0,8880.0,756.0
4307815,Estrela Velha - RS,2023,13150.0,13150.0,15780.0,1200.0
4307815,Estrela Velha - RS,2024,13150.0,13150.0,33138.0,2520.0
4307815,Estrela Velha - RS,2025,13150.0,13150.0,23670.0,1800.0
4307609,Estância Velha - RS,2000,,,,
4307609,Estância Velha - RS,2001,,,,
4307609,Estância Velha - RS,2002,,,,
4307609,Estância Velha - RS,2003,,,,
4307609,Estância Velha - RS,2004,,,,
4307609,Estância Velha - RS,2005,,,,
4307609,Estância Velha - RS,2006,,,,
4307609,Estância Velha - RS,2007,,,,
4307609,Estância Velha - RS,2008,,,,
4307609,Estância Velha - RS,2009,,,,
4307609,Estância Velha - RS,2010,,,,
4307609,Estância Velha - RS,2011,,,,
4307609,Estância Velha - RS,2012,,,,
4307609,Estância Velha - RS,2013,,,,
4307609,Estância Velha - RS,2014,,,,
4307609,Estância Velha - RS,2015,,,,
4307609,Estância Velha - RS,2016,,,,
4307609,Estância Velha - RS,2017,,,,
4307609,Estância Velha - RS,2018,,,,
4307609,Estância Velha - RS,2019,,,,
4307609,Estância Velha - RS,2020,,,,
4307609,Estância Velha - RS,2021,,,,
4307609,Estância Velha - RS,2022,,,,
4307609,Estância Velha - RS,2023,,,,
4307609,Estância Velha - RS,2024,,,,
4307609,Estância Velha - RS,2025,,,,
4307831,Eugênio de Castro - RS,2000,21000.0,21000.0,18900.0,900.0
4307831,Eugênio de Castro - RS,2001,21000.0,21000.0,42840.0,2040.0
4307831,Eugênio de Castro - RS,2002,22000.0,22000.0,26400.0,1200.0
4307831,Eugênio de Castro - RS,2003,22000.0,22000.0,52800.0,2400.0
4307831,Eugênio de Castro - RS,2004,23000.0,23000.0,23460.0,1020.0
4307831,Eugênio de Castro - RS,2005,23000.0,18000.0,4320.0,240.0
4307831,Eugênio de Castro - RS,2006,21500.0,21500.0,33540.0,1560.0
4307831,Eugênio de Castro - RS,2007,21000.0,21000.0,50400.0,2400.0
4307831,Eugênio de Castro - RS,2008,25000.0,25000.0,52500.0,2100.0
4307831,Eugênio de Castro - RS,2009,25000.0,25000.0,57500.0,2300.0
4307831,Eugênio de Castro - RS,2010,25000.0,25000.0,64500.0,2580.0
4307831,Eugênio de Castro - RS,2011,25000.0,25000.0,75000.0,3000.0
4307831,Eugênio de Castro - RS,2012,26300.0,6300.0,2430.0,386.0
4307831,Eugênio de Castro - RS,2013,27000.0,27000.0,65160.0,2413.0
4307831,Eugênio de Castro - RS,2014,26945.0,26945.0,57262.0,2125.0
4307831,Eugênio de Castro - RS,2015,27150.0,27150.0,72720.0,2678.0
4307831,Eugênio de Castro - RS,2016,28200.0,28200.0,84480.0,2996.0
4307831,Eugênio de Castro - RS,2017,29300.0,29300.0,95828.0,3271.0
4307831,Eugênio de Castro - RS,2018,28870.0,28870.0,95107.0,3294.0
4307831,Eugênio de Castro - RS,2019,27415.0,27415.0,93505.0,3411.0
4307831,Eugênio de Castro - RS,2020,27620.0,27620.0,43332.0,1569.0
4307831,Eugênio de Castro - RS,2021,28100.0,28100.0,99650.0,3546.0
4307831,Eugênio de Castro - RS,2022,26380.0,20380.0,19369.0,950.0
4307831,Eugênio de Castro - RS,2023,29500.0,29500.0,39012.0,1322.0
4307831,Eugênio de Castro - RS,2024,29500.0,29500.0,105743.0,3585.0
4307831,Eugênio de Castro - RS,2025,30000.0,30000.0,41432.0,1381.0
4307864,Fagundes Varela - RS,2000,20.0,20.0,32.0,1600.0
4307864,Fagundes Varela - RS,2001,40.0,40.0,64.0,1600.0
4307864,Fagundes Varela - RS,2002,30.0,30.0,76.0,2533.0
4307864,Fagundes Varela - RS,2003,50.0,50.0,140.0,2800.0
4307864,Fagundes Varela - RS,2004,80.0,80.0,115.0,1437.0
4307864,Fagundes Varela - RS,2005,100.0,100.0,48.0,480.0
4307864,Fagundes Varela - RS,2006,100.0,100.0,180.0,1800.0
4307864,Fagundes Varela - RS,2007,100.0,100.0,270.0,2700.0
4307864,Fagundes Varela - RS,2008,250.0,250.0,480.0,1920.0
4307864,Fagundes Varela - RS,2009,250.0,250.0,600.0,2400.0
4307864,Fagundes Varela - RS,2010,300.0,300.0,900.0,3000.0
4307864,Fagundes Varela - RS,2011,350.0,350.0,819.0,2340.0
4307864,Fagundes Varela - RS,2012,350.0,350.0,630.0,1800.0
4307864,Fagundes Varela - RS,2013,400.0,400.0,1200.0,3000.0
4307864,Fagundes Varela - RS,2014,400.0,400.0,1200.0,3000.0
4307864,Fagundes Varela - RS,2015,400.0,400.0,1400.0,3500.0
4307864,Fagundes Varela - RS,2016,600.0,600.0,1860.0,3100.0
4307864,Fagundes Varela - RS,2017,700.0,700.0,2520.0,3600.0
4307864,Fagundes Varela - RS,2018,800.0,800.0,2579.0,3224.0
4307864,Fagundes Varela - RS,2019,1000.0,1000.0,3325.0,3325.0
4307864,Fagundes Varela - RS,2020,1000.0,1000.0,2353.0,2353.0
4307864,Fagundes Varela - RS,2021,1100.0,1100.0,3520.0,3200.0
4307864,Fagundes Varela - RS,2022,1300.0,1300.0,3153.0,2425.0
4307864,Fagundes Varela - RS,2023,1300.0,1300.0,4225.0,3250.0
4307864,Fagundes Varela - RS,2024,1300.0,1300.0,3432.0,2640.0
4307864,Fagundes Varela - RS,2025,1400.0,1400.0,4480.0,3200.0
4307906,Farroupilha - RS,2000,,,,
4307906,Farroupilha - RS,2001,,,,
4307906,Farroupilha - RS,2002,,,,
4307906,Farroupilha - RS,2003,,,,
4307906,Farroupilha - RS,2004,,,,
4307906,Farroupilha - RS,2005,,,,
4307906,Farroupilha - RS,2006,,,,
4307906,Farroupilha - RS,2007,,,,
4307906,Farroupilha - RS,2008,,,,
4307906,Farroupilha - RS,2009,,,,
4307906,Farroupilha - RS,2010,,,,
4307906,Farroupilha - RS,2011,,,,
4307906,Farroupilha - RS,2012,,,,
4307906,Farroupilha - RS,2013,,,,
4307906,Farroupilha - RS,2014,,,,
4307906,Farroupilha - RS,2015,,,,
4307906,Farroupilha - RS,2016,,,,
4307906,Farroupilha - RS,2017,,,,
4307906,Farroupilha - RS,2018,,,,
4307906,Farroupilha - RS,2019,,,,
4307906,Farroupilha - RS,2020,,,,
4307906,Farroupilha - RS,2021,,,,
4307906,Farroupilha - RS,2022,,,,
4307906,Farroupilha - RS,2023,,,,
4307906,Farroupilha - RS,2024,,,,
4307906,Farroupilha - RS,2025,,,,
4308003,Faxinal do Soturno - RS,2000,500.0,500.0,900.0,1800.0
4308003,Faxinal do Soturno - RS,2001,500.0,500.0,900.0,1800.0
4308003,Faxinal do Soturno - RS,2002,700.0,700.0,1120.0,1600.0
4308003,Faxinal do Soturno - RS,2003,800.0,800.0,1440.0,1800.0
4308003,Faxinal do Soturno - RS,2004,800.0,800.0,1224.0,1530.0
4308003,Faxinal do Soturno - RS,2005,800.0,800.0,288.0,360.0
4308003,Faxinal do Soturno - RS,2006,850.0,850.0,1020.0,1200.0
4308003,Faxinal do Soturno - RS,2007,700.0,700.0,1190.0,1700.0
4308003,Faxinal do Soturno - RS,2008,700.0,700.0,1610.0,2300.0
4308003,Faxinal do Soturno - RS,2009,700.0,700.0,1680.0,2400.0
4308003,Faxinal do Soturno - RS,2010,700.0,700.0,1470.0,2100.0
4308003,Faxinal do Soturno - RS,2011,850.0,850.0,2040.0,2400.0
4308003,Faxinal do Soturno - RS,2012,850.0,750.0,900.0,1200.0
4308003,Faxinal do Soturno - RS,2013,1000.0,1000.0,2400.0,2400.0
4308003,Faxinal do Soturno - RS,2014,1000.0,1000.0,2400.0,2400.0
4308003,Faxinal do Soturno - RS,2015,1000.0,1000.0,2900.0,2900.0
4308003,Faxinal do Soturno - RS,2016,1300.0,1300.0,3510.0,2700.0
4308003,Faxinal do Soturno - RS,2017,1300.0,1300.0,4290.0,3300.0
4308003,Faxinal do Soturno - RS,2018,1300.0,1300.0,3900.0,3000.0
4308003,Faxinal do Soturno - RS,2019,1800.0,1800.0,4968.0,2760.0
4308003,Faxinal do Soturno - RS,2020,1800.0,1800.0,2430.0,1350.0
4308003,Faxinal do Soturno - RS,2021,1800.0,1800.0,6264.0,3480.0
4308003,Faxinal do Soturno - RS,2022,1850.0,1850.0,3108.0,1680.0
4308003,Faxinal do Soturno - RS,2023,1900.0,1900.0,3990.0,2100.0
4308003,Faxinal do Soturno - RS,2024,1900.0,1750.0,5444.0,3111.0
4308003,Faxinal do Soturno - RS,2025,1900.0,1900.0,5700.0,3000.0
4308052,Faxinalzinho - RS,2000,4500.0,4500.0,10800.0,2400.0
4308052,Faxinalzinho - RS,2001,4000.0,4000.0,10800.0,2700.0
4308052,Faxinalzinho - RS,2002,4800.0,4800.0,4032.0,840.0
4308052,Faxinalzinho - RS,2003,4800.0,4800.0,12960.0,2700.0
4308052,Faxinalzinho - RS,2004,5000.0,5000.0,7350.0,1470.0
4308052,Faxinalzinho - RS,2005,5500.0,5500.0,2640.0,480.0
4308052,Faxinalzinho - RS,2006,5100.0,5100.0,13082.0,2565.0
4308052,Faxinalzinho - RS,2007,5100.0,5100.0,14280.0,2800.0
4308052,Faxinalzinho - RS,2008,5100.0,5100.0,12240.0,2400.0
4308052,Faxinalzinho - RS,2009,5100.0,5000.0,9000.0,1800.0
4308052,Faxinalzinho - RS,2010,5100.0,5100.0,13770.0,2700.0
4308052,Faxinalzinho - RS,2011,5300.0,5300.0,15900.0,3000.0
4308052,Faxinalzinho - RS,2012,5000.0,5000.0,6750.0,1350.0
4308052,Faxinalzinho - RS,2013,5100.0,5100.0,13770.0,2700.0
4308052,Faxinalzinho - RS,2014,5000.0,5000.0,13500.0,2700.0
4308052,Faxinalzinho - RS,2015,5200.0,5200.0,15600.0,3000.0
4308052,Faxinalzinho - RS,2016,5500.0,5500.0,19800.0,3600.0
4308052,Faxinalzinho - RS,2017,5200.0,5200.0,18720.0,3600.0
4308052,Faxinalzinho - RS,2018,5500.0,5500.0,19250.0,3500.0
4308052,Faxinalzinho - RS,2019,5000.0,5000.0,17000.0,3400.0
4308052,Faxinalzinho - RS,2020,5500.0,5500.0,16500.0,3000.0
4308052,Faxinalzinho - RS,2021,5500.0,5500.0,21450.0,3900.0
4308052,Faxinalzinho - RS,2022,5500.0,5500.0,8250.0,1500.0
4308052,Faxinalzinho - RS,2023,6000.0,6000.0,21000.0,3500.0
4308052,Faxinalzinho - RS,2024,6500.0,6500.0,27300.0,4200.0
4308052,Faxinalzinho - RS,2025,6500.0,6500.0,11700.0,1800.0
4308078,Fazenda Vilanova - RS,2000,300.0,300.0,540.0,1800.0
4308078,Fazenda Vilanova - RS,2001,150.0,150.0,270.0,1800.0
4308078,Fazenda Vilanova - RS,2002,300.0,300.0,630.0,2100.0
4308078,Fazenda Vilanova - RS,2003,500.0,500.0,1500.0,3000.0
4308078,Fazenda Vilanova - RS,2004,400.0,400.0,600.0,1500.0
4308078,Fazenda Vilanova - RS,2005,400.0,50.0,15.0,300.0
4308078,Fazenda Vilanova - RS,2006,400.0,400.0,720.0,1800.0
4308078,Fazenda Vilanova - RS,2007,400.0,400.0,840.0,2100.0
4308078,Fazenda Vilanova - RS,2008,400.0,400.0,960.0,2400.0
4308078,Fazenda Vilanova - RS,2009,500.0,500.0,1500.0,3000.0
4308078,Fazenda Vilanova - RS,2010,500.0,500.0,1250.0,2500.0
4308078,Fazenda Vilanova - RS,2011,400.0,400.0,1200.0,3000.0
4308078,Fazenda Vilanova - RS,2012,250.0,250.0,450.0,1800.0
4308078,Fazenda Vilanova - RS,2013,350.0,350.0,1050.0,3000.0
4308078,Fazenda Vilanova - RS,2014,500.0,500.0,1000.0,2000.0
4308078,Fazenda Vilanova - RS,2015,500.0,500.0,1800.0,3600.0
4308078,Fazenda Vilanova - RS,2016,500.0,500.0,1500.0,3000.0
4308078,Fazenda Vilanova - RS,2017,500.0,500.0,1517.0,3034.0
4308078,Fazenda Vilanova - RS,2018,600.0,600.0,1820.0,3033.0
4308078,Fazenda Vilanova - RS,2019,600.0,600.0,1872.0,3120.0
4308078,Fazenda Vilanova - RS,2020,600.0,600.0,1200.0,2000.0
4308078,Fazenda Vilanova - RS,2021,600.0,600.0,2100.0,3500.0
4308078,Fazenda Vilanova - RS,2022,600.0,600.0,1061.0,1768.0
4308078,Fazenda Vilanova - RS,2023,600.0,600.0,1920.0,3200.0
4308078,Fazenda Vilanova - RS,2024,600.0,600.0,1442.0,2403.0
4308078,Fazenda Vilanova - RS,2025,525.0,525.0,1365.0,2600.0
4308102,Feliz - RS,2000,15.0,15.0,16.0,1066.0
4308102,Feliz - RS,2001,15.0,15.0,17.0,1133.0
4308102,Feliz - RS,2002,15.0,15.0,17.0,1133.0
4308102,Feliz - RS,2003,1.0,1.0,2.0,2000.0
4308102,Feliz - RS,2004,1.0,1.0,2.0,2000.0
4308102,Feliz - RS,2005,1.0,1.0,1.0,1000.0
4308102,Feliz - RS,2006,1.0,1.0,1.0,1000.0
4308102,Feliz - RS,2007,1.0,1.0,1.0,1000.0
4308102,Feliz - RS,2008,1.0,1.0,1.0,1000.0
4308102,Feliz - RS,2009,1.0,1.0,1.0,1000.0
4308102,Feliz - RS,2010,1.0,1.0,1.0,1000.0
4308102,Feliz - RS,2011,1.0,1.0,1.0,1000.0
4308102,Feliz - RS,2012,1.0,1.0,1.0,1000.0
4308102,Feliz - RS,2013,,,,
4308102,Feliz - RS,2014,,,,
4308102,Feliz - RS,2015,,,,
4308102,Feliz - RS,2016,,,,
4308102,Feliz - RS,2017,,,,
4308102,Feliz - RS,2018,,,,
4308102,Feliz - RS,2019,,,,
4308102,Feliz - RS,2020,,,,
4308102,Feliz - RS,2021,,,,
4308102,Feliz - RS,2022,,,,
4308102,Feliz - RS,2023,,,,
4308102,Feliz - RS,2024,,,,
4308102,Feliz - RS,2025,,,,
4308201,Flores da Cunha - RS,2000,,,,
4308201,Flores da Cunha - RS,2001,,,,
4308201,Flores da Cunha - RS,2002,,,,
4308201,Flores da Cunha - RS,2003,,,,
4308201,Flores da Cunha - RS,2004,,,,
4308201,Flores da Cunha - RS,2005,,,,
4308201,Flores da Cunha - RS,2006,,,,
4308201,Flores da Cunha - RS,2007,,,,
4308201,Flores da Cunha - RS,2008,,,,
4308201,Flores da Cunha - RS,2009,,,,
4308201,Flores da Cunha - RS,2010,,,,
4308201,Flores da Cunha - RS,2011,,,,
4308201,Flores da Cunha - RS,2012,,,,
4308201,Flores da Cunha - RS,2013,,,,
4308201,Flores da Cunha - RS,2014,,,,
4308201,Flores da Cunha - RS,2015,,,,
4308201,Flores da Cunha - RS,2016,,,,
4308201,Flores da Cunha - RS,2017,,,,
4308201,Flores da Cunha - RS,2018,,,,
4308201,Flores da Cunha - RS,2019,,,,
4308201,Flores da Cunha - RS,2020,,,,
4308201,Flores da Cunha - RS,2021,,,,
4308201,Flores da Cunha - RS,2022,,,,
4308201,Flores da Cunha - RS,2023,,,,
4308201,Flores da Cunha - RS,2024,10.0,10.0,38.0,3800.0
4308201,Flores da Cunha - RS,2025,60.0,60.0,228.0,3800.0
4308250,Floriano Peixoto - RS,2000,2150.0,2150.0,3870.0,1800.0
4308250,Floriano Peixoto - RS,2001,1500.0,1500.0,4050.0,2700.0
4308250,Floriano Peixoto - RS,2002,2500.0,2500.0,3675.0,1470.0
4308250,Floriano Peixoto - RS,2003,3250.0,3250.0,9750.0,3000.0
4308250,Floriano Peixoto - RS,2004,3600.0,3600.0,6048.0,1680.0
4308250,Floriano Peixoto - RS,2005,3600.0,3550.0,1704.0,480.0
4308250,Floriano Peixoto - RS,2006,3300.0,3300.0,7920.0,2400.0
4308250,Floriano Peixoto - RS,2007,3550.0,3550.0,10650.0,3000.0
4308250,Floriano Peixoto - RS,2008,3300.0,3300.0,8316.0,2520.0
4308250,Floriano Peixoto - RS,2009,3300.0,3300.0,7392.0,2240.0
4308250,Floriano Peixoto - RS,2010,4700.0,4700.0,14100.0,3000.0
4308250,Floriano Peixoto - RS,2011,5000.0,5000.0,15900.0,3180.0
4308250,Floriano Peixoto - RS,2012,4300.0,4300.0,10320.0,2400.0
4308250,Floriano Peixoto - RS,2013,4500.0,4500.0,10935.0,2430.0
4308250,Floriano Peixoto - RS,2014,4600.0,4600.0,15180.0,3300.0
4308250,Floriano Peixoto - RS,2015,5100.0,5100.0,18360.0,3600.0
4308250,Floriano Peixoto - RS,2016,5400.0,5400.0,16200.0,3000.0
4308250,Floriano Peixoto - RS,2017,5400.0,5400.0,19440.0,3600.0
4308250,Floriano Peixoto - RS,2018,6150.0,6150.0,22140.0,3600.0
4308250,Floriano Peixoto - RS,2019,6050.0,6050.0,21780.0,3600.0
4308250,Floriano Peixoto - RS,2020,6000.0,6000.0,14400.0,2400.0
4308250,Floriano Peixoto - RS,2021,6200.0,6200.0,20460.0,3300.0
4308250,Floriano Peixoto - RS,2022,6450.0,6438.0,11588.0,1800.0
4308250,Floriano Peixoto - RS,2023,6650.0,6650.0,14630.0,2200.0
4308250,Floriano Peixoto - RS,2024,7000.0,6860.0,22638.0,3300.0
4308250,Floriano Peixoto - RS,2025,7400.0,7400.0,12210.0,1650.0
4308300,Fontoura Xavier - RS,2000,130.0,130.0,273.0,2100.0
4308300,Fontoura Xavier - RS,2001,150.0,150.0,360.0,2400.0
4308300,Fontoura Xavier - RS,2002,250.0,250.0,495.0,1980.0
4308300,Fontoura Xavier - RS,2003,500.0,500.0,1100.0,2200.0
4308300,Fontoura Xavier - RS,2004,900.0,900.0,792.0,880.0
4308300,Fontoura Xavier - RS,2005,1000.0,700.0,420.0,600.0
4308300,Fontoura Xavier - RS,2006,700.0,700.0,1092.0,1560.0
4308300,Fontoura Xavier - RS,2007,1200.0,1200.0,2400.0,2000.0
4308300,Fontoura Xavier - RS,2008,1500.0,1500.0,2700.0,1800.0
4308300,Fontoura Xavier - RS,2009,1500.0,1500.0,2700.0,1800.0
4308300,Fontoura Xavier - RS,2010,1700.0,1700.0,4080.0,2400.0
4308300,Fontoura Xavier - RS,2011,1700.0,1700.0,5100.0,3000.0
4308300,Fontoura Xavier - RS,2012,2000.0,2000.0,3600.0,1800.0
4308300,Fontoura Xavier - RS,2013,2500.0,2500.0,7000.0,2800.0
4308300,Fontoura Xavier - RS,2014,2500.0,2500.0,7000.0,2800.0
4308300,Fontoura Xavier - RS,2015,3000.0,3000.0,8700.0,2900.0
4308300,Fontoura Xavier - RS,2016,3000.0,3000.0,9000.0,3000.0
4308300,Fontoura Xavier - RS,2017,5000.0,5000.0,18000.0,3600.0
4308300,Fontoura Xavier - RS,2018,5000.0,5000.0,15000.0,3000.0
4308300,Fontoura Xavier - RS,2019,5000.0,5000.0,15000.0,3000.0
4308300,Fontoura Xavier - RS,2020,5000.0,5000.0,9000.0,1800.0
4308300,Fontoura Xavier - RS,2021,5000.0,5000.0,15000.0,3000.0
4308300,Fontoura Xavier - RS,2022,5000.0,5000.0,10500.0,2100.0
4308300,Fontoura Xavier - RS,2023,5000.0,5000.0,13500.0,2700.0
4308300,Fontoura Xavier - RS,2024,5000.0,5000.0,14000.0,2800.0
4308300,Fontoura Xavier - RS,2025,5000.0,5000.0,11250.0,2250.0
4308409,Formigueiro - RS,2000,300.0,300.0,360.0,1200.0
4308409,Formigueiro - RS,2001,400.0,400.0,480.0,1200.0
4308409,Formigueiro - RS,2002,1200.0,1200.0,1800.0,1500.0
4308409,Formigueiro - RS,2003,2000.0,2000.0,4200.0,2100.0
4308409,Formigueiro - RS,2004,2500.0,2500.0,3000.0,1200.0
4308409,Formigueiro - RS,2005,3000.0,3000.0,2520.0,840.0
4308409,Formigueiro - RS,2006,2500.0,2500.0,3150.0,1260.0
4308409,Formigueiro - RS,2007,2000.0,2000.0,3600.0,1800.0
4308409,Formigueiro - RS,2008,1500.0,1500.0,3150.0,2100.0
4308409,Formigueiro - RS,2009,2000.0,2000.0,4200.0,2100.0
4308409,Formigueiro - RS,2010,2000.0,2000.0,4200.0,2100.0
4308409,Formigueiro - RS,2011,2500.0,2500.0,6000.0,2400.0
4308409,Formigueiro - RS,2012,2800.0,2800.0,3192.0,1140.0
4308409,Formigueiro - RS,2013,5500.0,5500.0,13200.0,2400.0
4308409,Formigueiro - RS,2014,6000.0,6000.0,15256.0,2543.0
4308409,Formigueiro - RS,2015,7000.0,7000.0,18445.0,2635.0
4308409,Formigueiro - RS,2016,7500.0,7500.0,18947.0,2526.0
4308409,Formigueiro - RS,2017,7700.0,7700.0,20386.0,2648.0
4308409,Formigueiro - RS,2018,8100.0,8100.0,19440.0,2400.0
4308409,Formigueiro - RS,2019,9000.0,9000.0,23400.0,2600.0
4308409,Formigueiro - RS,2020,9500.0,9500.0,8208.0,864.0
4308409,Formigueiro - RS,2021,12000.0,12000.0,36000.0,3000.0
4308409,Formigueiro - RS,2022,13000.0,13000.0,11700.0,900.0
4308409,Formigueiro - RS,2023,14000.0,14000.0,18200.0,1300.0
4308409,Formigueiro - RS,2024,14000.0,14000.0,31388.0,2242.0
4308409,Formigueiro - RS,2025,14000.0,14000.0,19600.0,1400.0
4308433,Forquetinha - RS,2000,,,,
4308433,Forquetinha - RS,2001,198.0,198.0,356.0,1797.0
4308433,Forquetinha - RS,2002,198.0,198.0,356.0,1797.0
4308433,Forquetinha - RS,2003,70.0,70.0,140.0,2000.0
4308433,Forquetinha - RS,2004,40.0,40.0,52.0,1300.0
4308433,Forquetinha - RS,2005,100.0,100.0,60.0,600.0
4308433,Forquetinha - RS,2006,75.0,75.0,128.0,1706.0
4308433,Forquetinha - RS,2007,90.0,90.0,180.0,2000.0
4308433,Forquetinha - RS,2008,80.0,80.0,192.0,2400.0
4308433,Forquetinha - RS,2009,50.0,50.0,120.0,2400.0
4308433,Forquetinha - RS,2010,80.0,48.0,115.0,2395.0
4308433,Forquetinha - RS,2011,100.0,98.0,235.0,2398.0
4308433,Forquetinha - RS,2012,100.0,100.0,192.0,1920.0
4308433,Forquetinha - RS,2013,100.0,100.0,240.0,2400.0
4308433,Forquetinha - RS,2014,130.0,130.0,312.0,2400.0
4308433,Forquetinha - RS,2015,100.0,100.0,270.0,2700.0
4308433,Forquetinha - RS,2016,100.0,100.0,250.0,2500.0
4308433,Forquetinha - RS,2017,110.0,110.0,330.0,3000.0
4308433,Forquetinha - RS,2018,150.0,150.0,405.0,2700.0
4308433,Forquetinha - RS,2019,200.0,200.0,540.0,2700.0
4308433,Forquetinha - RS,2020,240.0,240.0,371.0,1546.0
4308433,Forquetinha - RS,2021,320.0,320.0,1056.0,3300.0
4308433,Forquetinha - RS,2022,350.0,350.0,636.0,1817.0
4308433,Forquetinha - RS,2023,400.0,400.0,840.0,2100.0
4308433,Forquetinha - RS,2024,500.0,400.0,899.0,2248.0
4308433,Forquetinha - RS,2025,380.0,380.0,1216.0,3200.0
4308458,Fortaleza dos Valos - RS,2000,27000.0,27000.0,40500.0,1500.0
4308458,Fortaleza dos Valos - RS,2001,27000.0,27000.0,77760.0,2880.0
4308458,Fortaleza dos Valos - RS,2002,31070.0,31070.0,65247.0,2100.0
4308458,Fortaleza dos Valos - RS,2003,32500.0,32500.0,97500.0,3000.0
4308458,Fortaleza dos Valos - RS,2004,33850.0,33700.0,44484.0,1320.0
4308458,Fortaleza dos Valos - RS,2005,33850.0,30850.0,33935.0,1100.0
4308458,Fortaleza dos Valos - RS,2006,32850.0,32850.0,72927.0,2220.0
4308458,Fortaleza dos Valos - RS,2007,32850.0,32850.0,72927.0,2220.0
4308458,Fortaleza dos Valos - RS,2008,31200.0,31200.0,76752.0,2460.0
4308458,Fortaleza dos Valos - RS,2009,32050.0,32050.0,82689.0,2580.0
4308458,Fortaleza dos Valos - RS,2010,33050.0,33050.0,79320.0,2400.0
4308458,Fortaleza dos Valos - RS,2011,33350.0,33350.0,100050.0,3000.0
4308458,Fortaleza dos Valos - RS,2012,33450.0,33450.0,53520.0,1600.0
4308458,Fortaleza dos Valos - RS,2013,35020.0,35020.0,101558.0,2900.0
4308458,Fortaleza dos Valos - RS,2014,34820.0,34820.0,97496.0,2800.0
4308458,Fortaleza dos Valos - RS,2015,35760.0,35760.0,115224.0,3222.0
4308458,Fortaleza dos Valos - RS,2016,36140.0,36140.0,123057.0,3405.0
4308458,Fortaleza dos Valos - RS,2017,36640.0,36640.0,131904.0,3600.0
4308458,Fortaleza dos Valos - RS,2018,36840.0,36840.0,143676.0,3900.0
4308458,Fortaleza dos Valos - RS,2019,36840.0,36840.0,137430.0,3730.0
4308458,Fortaleza dos Valos - RS,2020,36840.0,36840.0,59702.0,1621.0
4308458,Fortaleza dos Valos - RS,2021,36840.0,36840.0,143676.0,3900.0
4308458,Fortaleza dos Valos - RS,2022,36140.0,35140.0,33552.0,955.0
4308458,Fortaleza dos Valos - RS,2023,36000.0,36000.0,46800.0,1300.0
4308458,Fortaleza dos Valos - RS,2024,36000.0,36000.0,131400.0,3650.0
4308458,Fortaleza dos Valos - RS,2025,36000.0,36000.0,79800.0,2217.0
4308508,Frederico Westphalen - RS,2000,7500.0,7500.0,11475.0,1530.0
4308508,Frederico Westphalen - RS,2001,3500.0,3500.0,6300.0,1800.0
4308508,Frederico Westphalen - RS,2002,5500.0,5500.0,5940.0,1080.0
4308508,Frederico Westphalen - RS,2003,6000.0,6000.0,10800.0,1800.0
4308508,Frederico Westphalen - RS,2004,8500.0,8500.0,7140.0,840.0
4308508,Frederico Westphalen - RS,2005,8500.0,8500.0,4080.0,480.0
4308508,Frederico Westphalen - RS,2006,7000.0,7000.0,15050.0,2150.0
4308508,Frederico Westphalen - RS,2007,7000.0,7000.0,15400.0,2200.0
4308508,Frederico Westphalen - RS,2008,7000.0,7000.0,10010.0,1430.0
4308508,Frederico Westphalen - RS,2009,7000.0,7000.0,10780.0,1540.0
4308508,Frederico Westphalen - RS,2010,7000.0,7000.0,15400.0,2200.0
4308508,Frederico Westphalen - RS,2011,7500.0,7500.0,22500.0,3000.0
4308508,Frederico Westphalen - RS,2012,7000.0,7000.0,6720.0,960.0
4308508,Frederico Westphalen - RS,2013,7000.0,7000.0,17920.0,2560.0
4308508,Frederico Westphalen - RS,2014,7000.0,7000.0,16800.0,2400.0
4308508,Frederico Westphalen - RS,2015,6500.0,6500.0,18200.0,2800.0
4308508,Frederico Westphalen - RS,2016,6700.0,6700.0,18760.0,2800.0
4308508,Frederico Westphalen - RS,2017,6700.0,6700.0,18492.0,2760.0
4308508,Frederico Westphalen - RS,2018,7300.0,7300.0,18418.0,2523.0
4308508,Frederico Westphalen - RS,2019,6700.0,6700.0,22110.0,3300.0
4308508,Frederico Westphalen - RS,2020,6900.0,6900.0,17029.0,2468.0
4308508,Frederico Westphalen - RS,2021,7200.0,7200.0,21600.0,3000.0
4308508,Frederico Westphalen - RS,2022,7800.0,7500.0,9900.0,1320.0
4308508,Frederico Westphalen - RS,2023,7500.0,7500.0,24750.0,3300.0
4308508,Frederico Westphalen - RS,2024,7800.0,7800.0,28080.0,3600.0
4308508,Frederico Westphalen - RS,2025,8000.0,8000.0,16800.0,2100.0
4308607,Garibaldi - RS,2000,,,,
4308607,Garibaldi - RS,2001,,,,
4308607,Garibaldi - RS,2002,,,,
4308607,Garibaldi - RS,2003,,,,
4308607,Garibaldi - RS,2004,,,,
4308607,Garibaldi - RS,2005,,,,
4308607,Garibaldi - RS,2006,,,,
4308607,Garibaldi - RS,2007,,,,
4308607,Garibaldi - RS,2008,,,,
4308607,Garibaldi - RS,2009,,,,
4308607,Garibaldi - RS,2010,,,,
4308607,Garibaldi - RS,2011,,,,
4308607,Garibaldi - RS,2012,,,,
4308607,Garibaldi - RS,2013,,,,
4308607,Garibaldi - RS,2014,,,,
4308607,Garibaldi - RS,2015,,,,
4308607,Garibaldi - RS,2016,,,,
4308607,Garibaldi - RS,2017,,,,
4308607,Garibaldi - RS,2018,,,,
4308607,Garibaldi - RS,2019,,,,
4308607,Garibaldi - RS,2020,,,,
4308607,Garibaldi - RS,2021,,,,
4308607,Garibaldi - RS,2022,,,,
4308607,Garibaldi - RS,2023,,,,
4308607,Garibaldi - RS,2024,,,,
4308607,Garibaldi - RS,2025,,,,
4308656,Garruchos - RS,2000,14000.0,14000.0,5880.0,420.0
4308656,Garruchos - RS,2001,12000.0,12000.0,24480.0,2040.0
4308656,Garruchos - RS,2002,13200.0,13200.0,17160.0,1300.0
4308656,Garruchos - RS,2003,16100.0,16100.0,33810.0,2100.0
4308656,Garruchos - RS,2004,22000.0,22000.0,16500.0,750.0
4308656,Garruchos - RS,2005,22000.0,22000.0,6600.0,300.0
4308656,Garruchos - RS,2006,18000.0,18000.0,12960.0,720.0
4308656,Garruchos - RS,2007,15000.0,15000.0,31500.0,2100.0
4308656,Garruchos - RS,2008,15000.0,15000.0,18000.0,1200.0
4308656,Garruchos - RS,2009,15000.0,15000.0,18900.0,1260.0
4308656,Garruchos - RS,2010,15000.0,15000.0,36000.0,2400.0
4308656,Garruchos - RS,2011,15000.0,15000.0,31500.0,2100.0
4308656,Garruchos - RS,2012,18200.0,18200.0,13560.0,745.0
4308656,Garruchos - RS,2013,16250.0,16250.0,37230.0,2291.0
4308656,Garruchos - RS,2014,17500.0,17500.0,34487.0,1971.0
4308656,Garruchos - RS,2015,17800.0,17800.0,48114.0,2703.0
4308656,Garruchos - RS,2016,17800.0,17800.0,45000.0,2528.0
4308656,Garruchos - RS,2017,17600.0,17600.0,49464.0,2810.0
4308656,Garruchos - RS,2018,18000.0,18000.0,48747.0,2708.0
4308656,Garruchos - RS,2019,18290.0,18290.0,54870.0,3000.0
4308656,Garruchos - RS,2020,18620.0,18620.0,47052.0,2527.0
4308656,Garruchos - RS,2021,18920.0,18920.0,48897.0,2584.0
4308656,Garruchos - RS,2022,19165.0,19165.0,12297.0,642.0
4308656,Garruchos - RS,2023,19520.0,19520.0,18486.0,947.0
4308656,Garruchos - RS,2024,20350.0,20350.0,51893.0,2550.0
4308656,Garruchos - RS,2025,19970.0,19970.0,21942.0,1099.0
4308706,Gaurama - RS,2000,3000.0,3000.0,4590.0,1530.0
4308706,Gaurama - RS,2001,2500.0,2500.0,6000.0,2400.0
4308706,Gaurama - RS,2002,3000.0,3000.0,5760.0,1920.0
4308706,Gaurama - RS,2003,3600.0,3600.0,9720.0,2700.0
4308706,Gaurama - RS,2004,4300.0,4300.0,7224.0,1680.0
4308706,Gaurama - RS,2005,5070.0,5070.0,3042.0,600.0
4308706,Gaurama - RS,2006,4800.0,4800.0,13536.0,2820.0
4308706,Gaurama - RS,2007,5700.0,5700.0,17100.0,3000.0
4308706,Gaurama - RS,2008,6000.0,6000.0,16200.0,2700.0
4308706,Gaurama - RS,2009,6400.0,6400.0,13440.0,2100.0
4308706,Gaurama - RS,2010,6900.0,6900.0,22770.0,3300.0
4308706,Gaurama - RS,2011,7500.0,7500.0,24750.0,3300.0
4308706,Gaurama - RS,2012,7300.0,7300.0,14016.0,1920.0
4308706,Gaurama - RS,2013,8050.0,8050.0,18596.0,2310.0
4308706,Gaurama - RS,2014,8600.0,8600.0,28380.0,3300.0
4308706,Gaurama - RS,2015,8800.0,8800.0,29040.0,3300.0
4308706,Gaurama - RS,2016,9000.0,9000.0,29700.0,3300.0
4308706,Gaurama - RS,2017,8700.0,8700.0,31320.0,3600.0
4308706,Gaurama - RS,2018,8200.0,8200.0,28700.0,3500.0
4308706,Gaurama - RS,2019,8200.0,8200.0,31980.0,3900.0
4308706,Gaurama - RS,2020,8200.0,8200.0,20664.0,2520.0
4308706,Gaurama - RS,2021,8200.0,8200.0,24600.0,3000.0
4308706,Gaurama - RS,2022,7200.0,7200.0,23760.0,3300.0
4308706,Gaurama - RS,2023,7200.0,7200.0,23760.0,3300.0
4308706,Gaurama - RS,2024,7500.0,7500.0,27000.0,3600.0
4308706,Gaurama - RS,2025,8000.0,8000.0,24000.0,3000.0
4308805,General Câmara - RS,2000,130.0,130.0,177.0,1361.0
4308805,General Câmara - RS,2001,200.0,200.0,272.0,1360.0
4308805,General Câmara - RS,2002,200.0,200.0,272.0,1360.0
4308805,General Câmara - RS,2003,200.0,200.0,272.0,1360.0
4308805,General Câmara - RS,2004,800.0,800.0,768.0,960.0
4308805,General Câmara - RS,2005,2280.0,850.0,357.0,420.0
4308805,General Câmara - RS,2006,1000.0,1000.0,2000.0,2000.0
4308805,General Câmara - RS,2007,1000.0,1000.0,2400.0,2400.0
4308805,General Câmara - RS,2008,1000.0,1000.0,2400.0,2400.0
4308805,General Câmara - RS,2009,2000.0,2000.0,4800.0,2400.0
4308805,General Câmara - RS,2010,2200.0,2200.0,4840.0,2200.0
4308805,General Câmara - RS,2011,2000.0,2000.0,4920.0,2460.0
4308805,General Câmara - RS,2012,2100.0,2100.0,3150.0,1500.0
4308805,General Câmara - RS,2013,4000.0,4000.0,12021.0,3005.0
4308805,General Câmara - RS,2014,4550.0,4550.0,13680.0,3007.0
4308805,General Câmara - RS,2015,5000.0,5000.0,15900.0,3180.0
4308805,General Câmara - RS,2016,5000.0,5000.0,15000.0,3000.0
4308805,General Câmara - RS,2017,6000.0,6000.0,18000.0,3000.0
4308805,General Câmara - RS,2018,6600.0,6600.0,17820.0,2700.0
4308805,General Câmara - RS,2019,8000.0,8000.0,33600.0,4200.0
4308805,General Câmara - RS,2020,9000.0,9000.0,6480.0,720.0
4308805,General Câmara - RS,2021,9500.0,9500.0,37050.0,3900.0
4308805,General Câmara - RS,2022,10100.0,10100.0,23230.0,2300.0
4308805,General Câmara - RS,2023,11000.0,11000.0,18150.0,1650.0
4308805,General Câmara - RS,2024,11000.0,11000.0,42130.0,3830.0
4308805,General Câmara - RS,2025,11000.0,10000.0,19800.0,1980.0
4308854,Gentil - RS,2000,6700.0,6700.0,16080.0,2400.0
4308854,Gentil - RS,2001,6700.0,6700.0,18090.0,2700.0
4308854,Gentil - RS,2002,7100.0,7100.0,17040.0,2400.0
4308854,Gentil - RS,2003,8500.0,8500.0,25500.0,3000.0
4308854,Gentil - RS,2004,9000.0,9000.0,15750.0,1750.0
4308854,Gentil - RS,2005,9100.0,6600.0,3564.0,540.0
4308854,Gentil - RS,2006,7000.0,7000.0,18900.0,2700.0
4308854,Gentil - RS,2007,7000.0,7000.0,21000.0,3000.0
4308854,Gentil - RS,2008,9000.0,9000.0,21600.0,2400.0
4308854,Gentil - RS,2009,9000.0,9000.0,17280.0,1920.0
4308854,Gentil - RS,2010,9500.0,9500.0,25650.0,2700.0
4308854,Gentil - RS,2011,9500.0,9500.0,28500.0,3000.0
4308854,Gentil - RS,2012,9500.0,9500.0,21375.0,2250.0
4308854,Gentil - RS,2013,9500.0,9500.0,28500.0,3000.0
4308854,Gentil - RS,2014,9500.0,9500.0,28500.0,3000.0
4308854,Gentil - RS,2015,9500.0,9500.0,34200.0,3600.0
4308854,Gentil - RS,2016,9800.0,9800.0,37044.0,3780.0
4308854,Gentil - RS,2017,10000.0,10000.0,40800.0,4080.0
4308854,Gentil - RS,2018,10500.0,10500.0,37800.0,3600.0
4308854,Gentil - RS,2019,10500.0,10500.0,37800.0,3600.0
4308854,Gentil - RS,2020,10500.0,10500.0,37800.0,3600.0
4308854,Gentil - RS,2021,10500.0,10500.0,38430.0,3660.0
4308854,Gentil - RS,2022,10500.0,10500.0,15750.0,1500.0
4308854,Gentil - RS,2023,10500.0,10500.0,18900.0,1800.0
4308854,Gentil - RS,2024,10500.0,10500.0,37800.0,3600.0
4308854,Gentil - RS,2025,7000.0,7000.0,25200.0,3600.0
4308904,Getúlio Vargas - RS,2000,9000.0,9000.0,20520.0,2280.0
4308904,Getúlio Vargas - RS,2001,8700.0,8700.0,24534.0,2820.0
4308904,Getúlio Vargas - RS,2002,9300.0,9300.0,16740.0,1800.0
4308904,Getúlio Vargas - RS,2003,10330.0,10330.0,30990.0,3000.0
4308904,Getúlio Vargas - RS,2004,10850.0,10850.0,22785.0,2100.0
4308904,Getúlio Vargas - RS,2005,11500.0,11100.0,5994.0,540.0
4308904,Getúlio Vargas - RS,2006,10400.0,10400.0,28704.0,2760.0
4308904,Getúlio Vargas - RS,2007,10800.0,10800.0,33696.0,3120.0
4308904,Getúlio Vargas - RS,2008,10800.0,10800.0,27216.0,2520.0
4308904,Getúlio Vargas - RS,2009,10800.0,10800.0,27864.0,2580.0
4308904,Getúlio Vargas - RS,2010,11750.0,11750.0,38775.0,3300.0
4308904,Getúlio Vargas - RS,2011,12750.0,12750.0,45900.0,3600.0
4308904,Getúlio Vargas - RS,2012,12300.0,12300.0,29520.0,2400.0
4308904,Getúlio Vargas - RS,2013,12950.0,12950.0,43512.0,3360.0
4308904,Getúlio Vargas - RS,2014,13250.0,13250.0,46110.0,3480.0
4308904,Getúlio Vargas - RS,2015,13450.0,13450.0,48420.0,3600.0
4308904,Getúlio Vargas - RS,2016,13650.0,13650.0,47775.0,3500.0
4308904,Getúlio Vargas - RS,2017,13000.0,13000.0,50700.0,3900.0
4308904,Getúlio Vargas - RS,2018,14000.0,14000.0,49560.0,3540.0
4308904,Getúlio Vargas - RS,2019,15000.0,15000.0,60000.0,4000.0
4308904,Getúlio Vargas - RS,2020,15000.0,15000.0,40500.0,2700.0
4308904,Getúlio Vargas - RS,2021,14700.0,14700.0,57330.0,3900.0
4308904,Getúlio Vargas - RS,2022,14500.0,14500.0,39150.0,2700.0
4308904,Getúlio Vargas - RS,2023,14500.0,14500.0,47850.0,3300.0
4308904,Getúlio Vargas - RS,2024,15000.0,14950.0,60996.0,4080.0
4308904,Getúlio Vargas - RS,2025,15500.0,15500.0,32550.0,2100.0
4309001,Giruá - RS,2000,56500.0,56500.0,56500.0,1000.0
4309001,Giruá - RS,2001,56500.0,56500.0,108480.0,1920.0
4309001,Giruá - RS,2002,56500.0,56500.0,94920.0,1680.0
4309001,Giruá - RS,2003,57000.0,57000.0,147060.0,2580.0
4309001,Giruá - RS,2004,57000.0,57000.0,68400.0,1200.0
4309001,Giruá - RS,2005,57000.0,45000.0,18000.0,400.0
4309001,Giruá - RS,2006,57000.0,57000.0,96900.0,1700.0
4309001,Giruá - RS,2007,57000.0,57000.0,145350.0,2550.0
4309001,Giruá - RS,2008,57000.0,57000.0,78660.0,1380.0
4309001,Giruá - RS,2009,57000.0,57000.0,95760.0,1680.0
4309001,Giruá - RS,2010,58000.0,58000.0,139200.0,2400.0
4309001,Giruá - RS,2011,58000.0,58000.0,162400.0,2800.0
4309001,Giruá - RS,2012,58000.0,58000.0,26100.0,450.0
4309001,Giruá - RS,2013,58000.0,58000.0,125280.0,2160.0
4309001,Giruá - RS,2014,60000.0,60000.0,169200.0,2820.0
4309001,Giruá - RS,2015,63700.0,63700.0,178360.0,2800.0
4309001,Giruá - RS,2016,63850.0,63850.0,202890.0,3178.0
4309001,Giruá - RS,2017,64000.0,64000.0,228960.0,3578.0
4309001,Giruá - RS,2018,65000.0,65000.0,214560.0,3301.0
4309001,Giruá - RS,2019,59000.0,59000.0,222396.0,3769.0
4309001,Giruá - RS,2020,58400.0,58400.0,126685.0,2169.0
4309001,Giruá - RS,2021,61100.0,61100.0,220899.0,3615.0
4309001,Giruá - RS,2022,62000.0,62000.0,33336.0,538.0
4309001,Giruá - RS,2023,62000.0,62000.0,89400.0,1442.0
4309001,Giruá - RS,2024,62000.0,62000.0,185400.0,2990.0
4309001,Giruá - RS,2025,62700.0,62700.0,129153.0,2060.0
4309050,Glorinha - RS,2000,,,,
4309050,Glorinha - RS,2001,,,,
4309050,Glorinha - RS,2002,,,,
4309050,Glorinha - RS,2003,,,,
4309050,Glorinha - RS,2004,,,,
4309050,Glorinha - RS,2005,,,,
4309050,Glorinha - RS,2006,150.0,150.0,255.0,1700.0
4309050,Glorinha - RS,2007,150.0,150.0,255.0,1700.0
4309050,Glorinha - RS,2008,160.0,160.0,272.0,1700.0
4309050,Glorinha - RS,2009,160.0,160.0,272.0,1700.0
4309050,Glorinha - RS,2010,160.0,160.0,272.0,1700.0
4309050,Glorinha - RS,2011,430.0,430.0,1032.0,2400.0
4309050,Glorinha - RS,2012,450.0,450.0,1285.0,2856.0
4309050,Glorinha - RS,2013,650.0,650.0,1560.0,2400.0
4309050,Glorinha - RS,2014,750.0,750.0,1800.0,2400.0
4309050,Glorinha - RS,2015,750.0,750.0,2025.0,2700.0
4309050,Glorinha - RS,2016,750.0,750.0,2025.0,2700.0
4309050,Glorinha - RS,2017,750.0,750.0,2025.0,2700.0
4309050,Glorinha - RS,2018,750.0,750.0,2025.0,2700.0
4309050,Glorinha - RS,2019,1000.0,1000.0,2700.0,2700.0
4309050,Glorinha - RS,2020,1200.0,1200.0,2400.0,2000.0
4309050,Glorinha - RS,2021,1500.0,1500.0,4050.0,2700.0
4309050,Glorinha - RS,2022,2000.0,2000.0,5400.0,2700.0
4309050,Glorinha - RS,2023,3150.0,3150.0,9072.0,2880.0
4309050,Glorinha - RS,2024,3150.0,3150.0,8505.0,2700.0
4309050,Glorinha - RS,2025,3000.0,3000.0,7740.0,2580.0
4309100,Gramado - RS,2000,,,,
4309100,Gramado - RS,2001,,,,
4309100,Gramado - RS,2002,,,,
4309100,Gramado - RS,2003,,,,
4309100,Gramado - RS,2004,,,,
4309100,Gramado - RS,2005,,,,
4309100,Gramado - RS,2006,,,,
4309100,Gramado - RS,2007,,,,
4309100,Gramado - RS,2008,,,,
4309100,Gramado - RS,2009,,,,
4309100,Gramado - RS,2010,,,,
4309100,Gramado - RS,2011,,,,
4309100,Gramado - RS,2012,,,,
4309100,Gramado - RS,2013,,,,
4309100,Gramado - RS,2014,,,,
4309100,Gramado - RS,2015,,,,
4309100,Gramado - RS,2016,,,,
4309100,Gramado - RS,2017,,,,
4309100,Gramado - RS,2018,,,,
4309100,Gramado - RS,2019,,,,
4309100,Gramado - RS,2020,,,,
4309100,Gramado - RS,2021,,,,
4309100,Gramado - RS,2022,,,,
4309100,Gramado - RS,2023,,,,
4309100,Gramado - RS,2024,,,,
4309100,Gramado - RS,2025,,,,
4309159,Gramado Xavier - RS,2000,,,,
4309159,Gramado Xavier - RS,2001,,,,
4309159,Gramado Xavier - RS,2002,,,,
4309159,Gramado Xavier - RS,2003,90.0,90.0,216.0,2400.0
4309159,Gramado Xavier - RS,2004,200.0,200.0,336.0,1680.0
4309159,Gramado Xavier - RS,2005,230.0,230.0,97.0,421.0
4309159,Gramado Xavier - RS,2006,430.0,430.0,1032.0,2400.0
4309159,Gramado Xavier - RS,2007,430.0,430.0,1032.0,2400.0
4309159,Gramado Xavier - RS,2008,430.0,430.0,1032.0,2400.0
4309159,Gramado Xavier - RS,2009,480.0,480.0,1152.0,2400.0
4309159,Gramado Xavier - RS,2010,600.0,600.0,1440.0,2400.0
4309159,Gramado Xavier - RS,2011,800.0,800.0,2160.0,2700.0
4309159,Gramado Xavier - RS,2012,900.0,900.0,2160.0,2400.0
4309159,Gramado Xavier - RS,2013,1200.0,1200.0,3240.0,2700.0
4309159,Gramado Xavier - RS,2014,1700.0,1700.0,4590.0,2700.0
4309159,Gramado Xavier - RS,2015,2000.0,2000.0,5400.0,2700.0
4309159,Gramado Xavier - RS,2016,2200.0,2200.0,5940.0,2700.0
4309159,Gramado Xavier - RS,2017,2450.0,2450.0,8820.0,3600.0
4309159,Gramado Xavier - RS,2018,2600.0,2600.0,7488.0,2880.0
4309159,Gramado Xavier - RS,2019,2850.0,2850.0,7695.0,2700.0
4309159,Gramado Xavier - RS,2020,3000.0,3000.0,5400.0,1800.0
4309159,Gramado Xavier - RS,2021,3500.0,3500.0,11970.0,3420.0
4309159,Gramado Xavier - RS,2022,4000.0,4000.0,11520.0,2880.0
4309159,Gramado Xavier - RS,2023,4600.0,4600.0,11408.0,2480.0
4309159,Gramado Xavier - RS,2024,4800.0,4500.0,14850.0,3300.0
4309159,Gramado Xavier - RS,2025,4950.0,4950.0,14850.0,3000.0
4309126,Gramado dos Loureiros - RS,2000,4000.0,4000.0,6000.0,1500.0
4309126,Gramado dos Loureiros - RS,2001,4500.0,4500.0,10350.0,2300.0
4309126,Gramado dos Loureiros - RS,2002,4950.0,4950.0,5049.0,1020.0
4309126,Gramado dos Loureiros - RS,2003,4800.0,4800.0,11520.0,2400.0
4309126,Gramado dos Loureiros - RS,2004,5000.0,5000.0,6250.0,1250.0
4309126,Gramado dos Loureiros - RS,2005,5200.0,4700.0,3666.0,780.0
4309126,Gramado dos Loureiros - RS,2006,4200.0,4200.0,9408.0,2240.0
4309126,Gramado dos Loureiros - RS,2007,4000.0,4000.0,11200.0,2800.0
4309126,Gramado dos Loureiros - RS,2008,4200.0,4200.0,9408.0,2240.0
4309126,Gramado dos Loureiros - RS,2009,4500.0,4500.0,10080.0,2240.0
4309126,Gramado dos Loureiros - RS,2010,5000.0,5000.0,14000.0,2800.0
4309126,Gramado dos Loureiros - RS,2011,5500.0,5500.0,16500.0,3000.0
4309126,Gramado dos Loureiros - RS,2012,5500.0,5500.0,4950.0,900.0
4309126,Gramado dos Loureiros - RS,2013,5600.0,5600.0,16800.0,3000.0
4309126,Gramado dos Loureiros - RS,2014,5600.0,5600.0,18206.0,3251.0
4309126,Gramado dos Loureiros - RS,2015,5600.0,5600.0,16923.0,3022.0
4309126,Gramado dos Loureiros - RS,2016,5700.0,5700.0,14193.0,2490.0
4309126,Gramado dos Loureiros - RS,2017,5900.0,5900.0,19470.0,3300.0
4309126,Gramado dos Loureiros - RS,2018,6000.0,6000.0,21060.0,3510.0
4309126,Gramado dos Loureiros - RS,2019,6000.0,6000.0,21600.0,3600.0
4309126,Gramado dos Loureiros - RS,2020,6100.0,6100.0,15482.0,2538.0
4309126,Gramado dos Loureiros - RS,2021,6100.0,6100.0,21960.0,3600.0
4309126,Gramado dos Loureiros - RS,2022,6250.0,6250.0,8750.0,1400.0
4309126,Gramado dos Loureiros - RS,2023,6000.0,6000.0,16800.0,2800.0
4309126,Gramado dos Loureiros - RS,2024,6100.0,6100.0,21960.0,3600.0
4309126,Gramado dos Loureiros - RS,2025,6400.0,6400.0,18048.0,2820.0
4309209,Gravataí - RS,2000,30.0,30.0,45.0,1500.0
4309209,Gravataí - RS,2001,30.0,30.0,45.0,1500.0
4309209,Gravataí - RS,2002,,,,
4309209,Gravataí - RS,2003,,,,
4309209,Gravataí - RS,2004,,,,
4309209,Gravataí - RS,2005,,,,
4309209,Gravataí - RS,2006,,,,
4309209,Gravataí - RS,2007,,,,
4309209,Gravataí - RS,2008,,,,
4309209,Gravataí - RS,2009,,,,
4309209,Gravataí - RS,2010,,,,
4309209,Gravataí - RS,2011,,,,
4309209,Gravataí - RS,2012,,,,
4309209,Gravataí - RS,2013,,,,
4309209,Gravataí - RS,2014,,,,
4309209,Gravataí - RS,2015,,,,
4309209,Gravataí - RS,2016,,,,
4309209,Gravataí - RS,2017,,,,
4309209,Gravataí - RS,2018,149.0,149.0,298.0,2000.0
4309209,Gravataí - RS,2019,150.0,150.0,300.0,2000.0
4309209,Gravataí - RS,2020,500.0,500.0,900.0,1800.0
4309209,Gravataí - RS,2021,500.0,500.0,1500.0,3000.0
4309209,Gravataí - RS,2022,500.0,500.0,900.0,1800.0
4309209,Gravataí - RS,2023,500.0,500.0,825.0,1650.0
4309209,Gravataí - RS,2024,810.0,567.0,1021.0,1801.0
4309209,Gravataí - RS,2025,810.0,810.0,1620.0,2000.0
4309258,Guabiju - RS,2000,450.0,450.0,945.0,2100.0
4309258,Guabiju - RS,2001,600.0,600.0,1800.0,3000.0
4309258,Guabiju - RS,2002,600.0,600.0,1440.0,2400.0
4309258,Guabiju - RS,2003,1100.0,1100.0,3300.0,3000.0
4309258,Guabiju - RS,2004,1400.0,1400.0,3360.0,2400.0
4309258,Guabiju - RS,2005,1600.0,1600.0,576.0,360.0
4309258,Guabiju - RS,2006,1400.0,1400.0,4200.0,3000.0
4309258,Guabiju - RS,2007,1600.0,1600.0,4800.0,3000.0
4309258,Guabiju - RS,2008,2000.0,2000.0,5000.0,2500.0
4309258,Guabiju - RS,2009,2350.0,2350.0,7050.0,3000.0
4309258,Guabiju - RS,2010,2350.0,2350.0,7050.0,3000.0
4309258,Guabiju - RS,2011,3500.0,3500.0,11900.0,3400.0
4309258,Guabiju - RS,2012,4500.0,4500.0,13500.0,3000.0
4309258,Guabiju - RS,2013,5500.0,5500.0,15609.0,2838.0
4309258,Guabiju - RS,2014,5700.0,5700.0,18696.0,3280.0
4309258,Guabiju - RS,2015,5700.0,5700.0,22914.0,4020.0
4309258,Guabiju - RS,2016,6000.0,6000.0,18000.0,3000.0
4309258,Guabiju - RS,2017,5700.0,5700.0,20520.0,3600.0
4309258,Guabiju - RS,2018,6000.0,6000.0,19200.0,3200.0
4309258,Guabiju - RS,2019,5100.0,5100.0,16320.0,3200.0
4309258,Guabiju - RS,2020,5000.0,5000.0,13935.0,2787.0
4309258,Guabiju - RS,2021,6000.0,6000.0,21600.0,3600.0
4309258,Guabiju - RS,2022,6000.0,6000.0,12042.0,2007.0
4309258,Guabiju - RS,2023,6000.0,6000.0,14400.0,2400.0
4309258,Guabiju - RS,2024,6000.0,6000.0,21600.0,3600.0
4309258,Guabiju - RS,2025,6000.0,6000.0,16728.0,2788.0
4309407,Guaporé - RS,2000,450.0,450.0,810.0,1800.0
4309407,Guaporé - RS,2001,450.0,450.0,810.0,1800.0
4309407,Guaporé - RS,2002,300.0,300.0,720.0,2400.0
4309407,Guaporé - RS,2003,300.0,300.0,720.0,2400.0
4309407,Guaporé - RS,2004,400.0,400.0,576.0,1440.0
4309407,Guaporé - RS,2005,500.0,250.0,125.0,500.0
4309407,Guaporé - RS,2006,400.0,400.0,600.0,1500.0
4309407,Guaporé - RS,2007,400.0,400.0,960.0,2400.0
4309407,Guaporé - RS,2008,400.0,400.0,960.0,2400.0
4309407,Guaporé - RS,2009,550.0,550.0,1650.0,3000.0
4309407,Guaporé - RS,2010,600.0,600.0,1944.0,3240.0
4309407,Guaporé - RS,2011,1500.0,1500.0,4500.0,3000.0
4309407,Guaporé - RS,2012,1500.0,1500.0,2250.0,1500.0
4309407,Guaporé - RS,2013,2000.0,2000.0,6564.0,3282.0
4309407,Guaporé - RS,2014,2700.0,2700.0,9234.0,3420.0
4309407,Guaporé - RS,2015,3000.0,3000.0,10800.0,3600.0
4309407,Guaporé - RS,2016,4680.0,4680.0,15444.0,3300.0
4309407,Guaporé - RS,2017,4000.0,4000.0,15600.0,3900.0
4309407,Guaporé - RS,2018,4200.0,4200.0,14616.0,3480.0
4309407,Guaporé - RS,2019,3600.0,3600.0,11448.0,3180.0
4309407,Guaporé - RS,2020,3600.0,3600.0,7560.0,2100.0
4309407,Guaporé - RS,2021,4500.0,4500.0,18900.0,4200.0
4309407,Guaporé - RS,2022,4000.0,4000.0,5916.0,1479.0
4309407,Guaporé - RS,2023,4000.0,4000.0,7200.0,1800.0
4309407,Guaporé - RS,2024,4000.0,3600.0,9720.0,2700.0
4309407,Guaporé - RS,2025,4800.0,4800.0,18000.0,3750.0
4309506,Guarani das Missões - RS,2000,20500.0,19500.0,16380.0,840.0
4309506,Guarani das Missões - RS,2001,18500.0,18500.0,33300.0,1800.0
4309506,Guarani das Missões - RS,2002,18000.0,18000.0,23760.0,1320.0
4309506,Guarani das Missões - RS,2003,18500.0,18500.0,43290.0,2340.0
4309506,Guarani das Missões - RS,2004,18500.0,18500.0,14430.0,780.0
4309506,Guarani das Missões - RS,2005,18500.0,6000.0,2160.0,360.0
4309506,Guarani das Missões - RS,2006,17500.0,17500.0,21000.0,1200.0
4309506,Guarani das Missões - RS,2007,17500.0,17500.0,36750.0,2100.0
4309506,Guarani das Missões - RS,2008,17000.0,17000.0,25500.0,1500.0
4309506,Guarani das Missões - RS,2009,17000.0,17000.0,35700.0,2100.0
4309506,Guarani das Missões - RS,2010,17500.0,17500.0,40950.0,2340.0
4309506,Guarani das Missões - RS,2011,17500.0,17500.0,42000.0,2400.0
4309506,Guarani das Missões - RS,2012,17500.0,15500.0,9300.0,600.0
4309506,Guarani das Missões - RS,2013,17500.0,17500.0,40250.0,2300.0
4309506,Guarani das Missões - RS,2014,17500.0,17500.0,40950.0,2340.0
4309506,Guarani das Missões - RS,2015,18000.0,18000.0,41040.0,2280.0
4309506,Guarani das Missões - RS,2016,18000.0,18000.0,52200.0,2900.0
4309506,Guarani das Missões - RS,2017,18000.0,18000.0,60480.0,3360.0
4309506,Guarani das Missões - RS,2018,17000.0,17000.0,57120.0,3360.0
4309506,Guarani das Missões - RS,2019,15000.0,15000.0,52200.0,3480.0
4309506,Guarani das Missões - RS,2020,15000.0,15000.0,26205.0,1747.0
4309506,Guarani das Missões - RS,2021,15000.0,15000.0,45000.0,3000.0
4309506,Guarani das Missões - RS,2022,15000.0,15000.0,2700.0,180.0
4309506,Guarani das Missões - RS,2023,15000.0,15000.0,9000.0,600.0
4309506,Guarani das Missões - RS,2024,15010.0,15010.0,49539.0,3300.0
4309506,Guarani das Missões - RS,2025,15025.0,15025.0,27066.0,1801.0
4309308,Guaíba - RS,2000,,,,
4309308,Guaíba - RS,2001,,,,
4309308,Guaíba - RS,2002,34.0,34.0,31.0,911.0
4309308,Guaíba - RS,2003,25.0,25.0,23.0,920.0
4309308,Guaíba - RS,2004,60.0,60.0,72.0,1200.0
4309308,Guaíba - RS,2005,100.0,100.0,100.0,1000.0
4309308,Guaíba - RS,2006,,,,
4309308,Guaíba - RS,2007,,,,
4309308,Guaíba - RS,2008,,,,
4309308,Guaíba - RS,2009,,,,
4309308,Guaíba - RS,2010,24.0,24.0,32.0,1333.0
4309308,Guaíba - RS,2011,,,,
4309308,Guaíba - RS,2012,,,,
4309308,Guaíba - RS,2013,,,,
4309308,Guaíba - RS,2014,60.0,60.0,72.0,1200.0
4309308,Guaíba - RS,2015,,,,
4309308,Guaíba - RS,2016,90.0,90.0,168.0,1867.0
4309308,Guaíba - RS,2017,90.0,90.0,202.0,2244.0
4309308,Guaíba - RS,2018,90.0,90.0,138.0,1533.0
4309308,Guaíba - RS,2019,340.0,340.0,940.0,2765.0
4309308,Guaíba - RS,2020,1000.0,1000.0,1200.0,1200.0
4309308,Guaíba - RS,2021,1000.0,1000.0,3412.0,3412.0
4309308,Guaíba - RS,2022,1000.0,1000.0,3412.0,3412.0
4309308,Guaíba - RS,2023,1100.0,1100.0,1848.0,1680.0
4309308,Guaíba - RS,2024,1837.0,181.0,521.0,2878.0
4309308,Guaíba - RS,2025,1800.0,1800.0,3240.0,1800.0
4309555,Harmonia - RS,2000,3.0,3.0,4.0,1333.0
4309555,Harmonia - RS,2001,3.0,3.0,4.0,1333.0
4309555,Harmonia - RS,2002,3.0,3.0,4.0,1333.0
4309555,Harmonia - RS,2003,3.0,3.0,4.0,1333.0
4309555,Harmonia - RS,2004,3.0,3.0,4.0,1333.0
4309555,Harmonia - RS,2005,,,,
4309555,Harmonia - RS,2006,,,,
4309555,Harmonia - RS,2007,,,,
4309555,Harmonia - RS,2008,,,,
4309555,Harmonia - RS,2009,,,,
4309555,Harmonia - RS,2010,,,,
4309555,Harmonia - RS,2011,,,,
4309555,Harmonia - RS,2012,,,,
4309555,Harmonia - RS,2013,,,,
4309555,Harmonia - RS,2014,,,,
4309555,Harmonia - RS,2015,,,,
4309555,Harmonia - RS,2016,,,,
4309555,Harmonia - RS,2017,,,,
4309555,Harmonia - RS,2018,,,,
4309555,Harmonia - RS,2019,,,,
4309555,Harmonia - RS,2020,,,,
4309555,Harmonia - RS,2021,,,,
4309555,Harmonia - RS,2022,,,,
4309555,Harmonia - RS,2023,,,,
4309555,Harmonia - RS,2024,,,,
4309555,Harmonia - RS,2025,,,,
4307104,Herval - RS,2000,260.0,260.0,390.0,1500.0
4307104,Herval - RS,2001,400.0,400.0,720.0,1800.0
4307104,Herval - RS,2002,400.0,400.0,1000.0,2500.0
4307104,Herval - RS,2003,600.0,600.0,1500.0,2500.0
4307104,Herval - RS,2004,600.0,400.0,480.0,1200.0
4307104,Herval - RS,2005,1000.0,800.0,600.0,750.0
4307104,Herval - RS,2006,800.0,800.0,1440.0,1800.0
4307104,Herval - RS,2007,800.0,800.0,1440.0,1800.0
4307104,Herval - RS,2008,1000.0,1000.0,2000.0,2000.0
4307104,Herval - RS,2009,2000.0,2000.0,3840.0,1920.0
4307104,Herval - RS,2010,2000.0,2000.0,4200.0,2100.0
4307104,Herval - RS,2011,2000.0,2000.0,2940.0,1470.0
4307104,Herval - RS,2012,2000.0,2000.0,3840.0,1920.0
4307104,Herval - RS,2013,3500.0,3500.0,8400.0,2400.0
4307104,Herval - RS,2014,7000.0,7000.0,16800.0,2400.0
4307104,Herval - RS,2015,7000.0,7000.0,8400.0,1200.0
4307104,Herval - RS,2016,12000.0,12000.0,11520.0,960.0
4307104,Herval - RS,2017,12000.0,12000.0,36000.0,3000.0
4307104,Herval - RS,2018,13000.0,13000.0,19500.0,1500.0
4307104,Herval - RS,2019,13000.0,13000.0,27300.0,2100.0
4307104,Herval - RS,2020,13000.0,13000.0,17550.0,1350.0
4307104,Herval - RS,2021,13000.0,13000.0,46800.0,3600.0
4307104,Herval - RS,2022,14500.0,14500.0,30450.0,2100.0
4307104,Herval - RS,2023,20000.0,20000.0,27000.0,1350.0
4307104,Herval - RS,2024,21000.0,21000.0,23688.0,1128.0
4307104,Herval - RS,2025,21000.0,21000.0,37800.0,1800.0
4309571,Herveiras - RS,2000,,,,
4309571,Herveiras - RS,2001,,,,
4309571,Herveiras - RS,2002,,,,
4309571,Herveiras - RS,2003,,,,
4309571,Herveiras - RS,2004,,,,
4309571,Herveiras - RS,2005,3.0,1.0,1.0,1000.0
4309571,Herveiras - RS,2006,3.0,3.0,5.0,1666.0
4309571,Herveiras - RS,2007,3.0,3.0,5.0,1666.0
4309571,Herveiras - RS,2008,3.0,3.0,5.0,1666.0
4309571,Herveiras - RS,2009,3.0,3.0,5.0,1666.0
4309571,Herveiras - RS,2010,3.0,3.0,5.0,1666.0
4309571,Herveiras - RS,2011,3.0,3.0,6.0,2000.0
4309571,Herveiras - RS,2012,,,,
4309571,Herveiras - RS,2013,,,,
4309571,Herveiras - RS,2014,,,,
4309571,Herveiras - RS,2015,10.0,10.0,30.0,3000.0
4309571,Herveiras - RS,2016,60.0,60.0,144.0,2400.0
4309571,Herveiras - RS,2017,75.0,75.0,270.0,3600.0
4309571,Herveiras - RS,2018,130.0,130.0,468.0,3600.0
4309571,Herveiras - RS,2019,300.0,300.0,900.0,3000.0
4309571,Herveiras - RS,2020,300.0,300.0,216.0,720.0
4309571,Herveiras - RS,2021,400.0,400.0,1320.0,3300.0
4309571,Herveiras - RS,2022,724.0,684.0,903.0,1320.0
4309571,Herveiras - RS,2023,780.0,760.0,1596.0,2100.0
4309571,Herveiras - RS,2024,780.0,540.0,1134.0,2100.0
4309571,Herveiras - RS,2025,600.0,600.0,1800.0,3000.0
4309605,Horizontina - RS,2000,13000.0,13000.0,20475.0,1575.0
4309605,Horizontina - RS,2001,12150.0,12150.0,22939.0,1887.0
4309605,Horizontina - RS,2002,13800.0,13800.0,23405.0,1696.0
4309605,Horizontina - RS,2003,13800.0,13800.0,30222.0,2190.0
4309605,Horizontina - RS,2004,13800.0,13800.0,14573.0,1056.0
4309605,Horizontina - RS,2005,13150.0,9863.0,3590.0,363.0
4309605,Horizontina - RS,2006,12250.0,12250.0,17040.0,1391.0
4309605,Horizontina - RS,2007,12350.0,12350.0,22230.0,1800.0
4309605,Horizontina - RS,2008,12200.0,12200.0,16104.0,1320.0
4309605,Horizontina - RS,2009,12000.0,12000.0,19440.0,1620.0
4309605,Horizontina - RS,2010,13000.0,13000.0,24960.0,1920.0
4309605,Horizontina - RS,2011,11040.0,11040.0,29146.0,2640.0
4309605,Horizontina - RS,2012,10500.0,10500.0,4410.0,420.0
4309605,Horizontina - RS,2013,10500.0,10500.0,24150.0,2300.0
4309605,Horizontina - RS,2014,10000.0,10000.0,21000.0,2100.0
4309605,Horizontina - RS,2015,10000.0,10000.0,24000.0,2400.0
4309605,Horizontina - RS,2016,10500.0,10500.0,31500.0,3000.0
4309605,Horizontina - RS,2017,11500.0,11500.0,34500.0,3000.0
4309605,Horizontina - RS,2018,11000.0,11000.0,33000.0,3000.0
4309605,Horizontina - RS,2019,12000.0,12000.0,39600.0,3300.0
4309605,Horizontina - RS,2020,12000.0,12000.0,34200.0,2850.0
4309605,Horizontina - RS,2021,12000.0,12000.0,36000.0,3000.0
4309605,Horizontina - RS,2022,10000.0,9800.0,13524.0,1380.0
4309605,Horizontina - RS,2023,11000.0,11000.0,19800.0,1800.0
4309605,Horizontina - RS,2024,12000.0,12000.0,39600.0,3300.0
4309605,Horizontina - RS,2025,12500.0,12500.0,27750.0,2220.0
4309654,Hulha Negra - RS,2000,600.0,600.0,756.0,1260.0
4309654,Hulha Negra - RS,2001,,,,
4309654,Hulha Negra - RS,2002,100.0,100.0,150.0,1500.0
4309654,Hulha Negra - RS,2003,300.0,300.0,450.0,1500.0
4309654,Hulha Negra - RS,2004,300.0,300.0,450.0,1500.0
4309654,Hulha Negra - RS,2005,1616.0,1616.0,1697.0,1050.0
4309654,Hulha Negra - RS,2006,1600.0,1600.0,1440.0,900.0
4309654,Hulha Negra - RS,2007,1600.0,1600.0,2880.0,1800.0
4309654,Hulha Negra - RS,2008,1600.0,1600.0,2880.0,1800.0
4309654,Hulha Negra - RS,2009,1600.0,1600.0,3072.0,1920.0
4309654,Hulha Negra - RS,2010,1600.0,1600.0,3072.0,1920.0
4309654,Hulha Negra - RS,2011,1600.0,1600.0,2976.0,1860.0
4309654,Hulha Negra - RS,2012,2600.0,2600.0,3978.0,1530.0
4309654,Hulha Negra - RS,2013,8300.0,8300.0,18924.0,2280.0
4309654,Hulha Negra - RS,2014,8300.0,8300.0,18924.0,2280.0
4309654,Hulha Negra - RS,2015,12000.0,12000.0,25200.0,2100.0
4309654,Hulha Negra - RS,2016,15000.0,15000.0,27000.0,1800.0
4309654,Hulha Negra - RS,2017,16000.0,16000.0,28800.0,1800.0
4309654,Hulha Negra - RS,2018,16500.0,11550.0,23100.0,2000.0
4309654,Hulha Negra - RS,2019,15500.0,15000.0,27900.0,1860.0
4309654,Hulha Negra - RS,2020,15000.0,15000.0,13500.0,900.0
4309654,Hulha Negra - RS,2021,15500.0,15500.0,32550.0,2100.0
4309654,Hulha Negra - RS,2022,17000.0,17000.0,28560.0,1680.0
4309654,Hulha Negra - RS,2023,17000.0,17000.0,20400.0,1200.0
4309654,Hulha Negra - RS,2024,16500.0,16500.0,14916.0,904.0
4309654,Hulha Negra - RS,2025,16000.0,16000.0,28816.0,1801.0
4309704,Humaitá - RS,2000,8300.0,8300.0,13546.0,1632.0
4309704,Humaitá - RS,2001,7500.0,7500.0,18000.0,2400.0
4309704,Humaitá - RS,2002,8400.0,8400.0,14112.0,1680.0
4309704,Humaitá - RS,2003,8600.0,8600.0,21672.0,2520.0
4309704,Humaitá - RS,2004,9300.0,9300.0,11160.0,1200.0
4309704,Humaitá - RS,2005,9700.0,6800.0,2326.0,342.0
4309704,Humaitá - RS,2006,9000.0,9000.0,19980.0,2220.0
4309704,Humaitá - RS,2007,8500.0,8500.0,23460.0,2760.0
4309704,Humaitá - RS,2008,7000.0,7000.0,11760.0,1680.0
4309704,Humaitá - RS,2009,7000.0,7000.0,14700.0,2100.0
4309704,Humaitá - RS,2010,7500.0,7500.0,20250.0,2700.0
4309704,Humaitá - RS,2011,7500.0,7500.0,22500.0,3000.0
4309704,Humaitá - RS,2012,7500.0,7500.0,9000.0,1200.0
4309704,Humaitá - RS,2013,7500.0,7500.0,18750.0,2500.0
4309704,Humaitá - RS,2014,7600.0,7600.0,20520.0,2700.0
4309704,Humaitá - RS,2015,7600.0,7600.0,24320.0,3200.0
4309704,Humaitá - RS,2016,6500.0,6500.0,19500.0,3000.0
4309704,Humaitá - RS,2017,6300.0,6300.0,21420.0,3400.0
4309704,Humaitá - RS,2018,6600.0,6600.0,22440.0,3400.0
4309704,Humaitá - RS,2019,7000.0,7000.0,23100.0,3300.0
4309704,Humaitá - RS,2020,7000.0,7000.0,21000.0,3000.0
4309704,Humaitá - RS,2021,7000.0,7000.0,23100.0,3300.0
4309704,Humaitá - RS,2022,7000.0,7000.0,5880.0,840.0
4309704,Humaitá - RS,2023,7000.0,7000.0,16800.0,2400.0
4309704,Humaitá - RS,2024,7150.0,7150.0,23166.0,3240.0
4309704,Humaitá - RS,2025,7600.0,7600.0,19000.0,2500.0
4309753,Ibarama - RS,2000,,,,
4309753,Ibarama - RS,2001,,,,
4309753,Ibarama - RS,2002,,,,
4309753,Ibarama - RS,2003,,,,
4309753,Ibarama - RS,2004,20.0,20.0,24.0,1200.0
4309753,Ibarama - RS,2005,80.0,80.0,58.0,725.0
4309753,Ibarama - RS,2006,80.0,80.0,144.0,1800.0
4309753,Ibarama - RS,2007,80.0,80.0,192.0,2400.0
4309753,Ibarama - RS,2008,80.0,80.0,192.0,2400.0
4309753,Ibarama - RS,2009,80.0,80.0,192.0,2400.0
4309753,Ibarama - RS,2010,80.0,80.0,192.0,2400.0
4309753,Ibarama - RS,2011,80.0,80.0,240.0,3000.0
4309753,Ibarama - RS,2012,180.0,180.0,302.0,1678.0
4309753,Ibarama - RS,2013,280.0,280.0,924.0,3300.0
4309753,Ibarama - RS,2014,400.0,400.0,1080.0,2700.0
4309753,Ibarama - RS,2015,400.0,400.0,1320.0,3300.0
4309753,Ibarama - RS,2016,900.0,900.0,2700.0,3000.0
4309753,Ibarama - RS,2017,900.0,900.0,2970.0,3300.0
4309753,Ibarama - RS,2018,900.0,900.0,3240.0,3600.0
4309753,Ibarama - RS,2019,900.0,900.0,3240.0,3600.0
4309753,Ibarama - RS,2020,950.0,950.0,1026.0,1080.0
4309753,Ibarama - RS,2021,950.0,950.0,3135.0,3300.0
4309753,Ibarama - RS,2022,1200.0,1200.0,2016.0,1680.0
4309753,Ibarama - RS,2023,1200.0,1200.0,1440.0,1200.0
4309753,Ibarama - RS,2024,1300.0,1300.0,3023.0,2325.0
4309753,Ibarama - RS,2025,1300.0,1300.0,3900.0,3000.0
4309803,Ibiaçá - RS,2000,16000.0,16000.0,33600.0,2100.0
4309803,Ibiaçá - RS,2001,13800.0,13800.0,37260.0,2700.0
4309803,Ibiaçá - RS,2002,14700.0,14700.0,26460.0,1800.0
4309803,Ibiaçá - RS,2003,15700.0,15700.0,47100.0,3000.0
4309803,Ibiaçá - RS,2004,16400.0,16400.0,29520.0,1800.0
4309803,Ibiaçá - RS,2005,16500.0,16000.0,8640.0,540.0
4309803,Ibiaçá - RS,2006,15800.0,15800.0,47400.0,3000.0
4309803,Ibiaçá - RS,2007,16300.0,16300.0,48900.0,3000.0
4309803,Ibiaçá - RS,2008,16300.0,16300.0,39120.0,2400.0
4309803,Ibiaçá - RS,2009,15800.0,15800.0,36024.0,2280.0
4309803,Ibiaçá - RS,2010,16300.0,16300.0,55746.0,3420.0
4309803,Ibiaçá - RS,2011,16800.0,16800.0,58464.0,3480.0
4309803,Ibiaçá - RS,2012,15900.0,15900.0,37206.0,2340.0
4309803,Ibiaçá - RS,2013,16100.0,16100.0,53130.0,3300.0
4309803,Ibiaçá - RS,2014,16100.0,16100.0,48300.0,3000.0
4309803,Ibiaçá - RS,2015,16000.0,16000.0,57600.0,3600.0
4309803,Ibiaçá - RS,2016,16800.0,16800.0,63504.0,3780.0
4309803,Ibiaçá - RS,2017,16800.0,16800.0,68544.0,4080.0
4309803,Ibiaçá - RS,2018,17000.0,17000.0,66300.0,3900.0
4309803,Ibiaçá - RS,2019,21500.0,21500.0,83850.0,3900.0
4309803,Ibiaçá - RS,2020,21200.0,21200.0,41340.0,1950.0
4309803,Ibiaçá - RS,2021,20500.0,20500.0,69700.0,3400.0
4309803,Ibiaçá - RS,2022,20000.0,20000.0,26400.0,1320.0
4309803,Ibiaçá - RS,2023,20000.0,20000.0,66000.0,3300.0
4309803,Ibiaçá - RS,2024,20000.0,20000.0,68400.0,3420.0
4309803,Ibiaçá - RS,2025,21600.0,21600.0,58320.0,2700.0
4309902,Ibiraiaras - RS,2000,2600.0,2600.0,6422.0,2470.0
4309902,Ibiraiaras - RS,2001,2400.0,2400.0,7488.0,3120.0
4309902,Ibiraiaras - RS,2002,2850.0,2850.0,7695.0,2700.0
4309902,Ibiraiaras - RS,2003,3700.0,3700.0,11100.0,3000.0
4309902,Ibiraiaras - RS,2004,4500.0,4500.0,9450.0,2100.0
4309902,Ibiraiaras - RS,2005,7000.0,7000.0,6048.0,864.0
4309902,Ibiraiaras - RS,2006,6000.0,6000.0,16800.0,2800.0
4309902,Ibiraiaras - RS,2007,7500.0,7500.0,22500.0,3000.0
4309902,Ibiraiaras - RS,2008,6800.0,6800.0,15504.0,2280.0
4309902,Ibiraiaras - RS,2009,7100.0,7100.0,15975.0,2250.0
4309902,Ibiraiaras - RS,2010,8000.0,8000.0,24000.0,3000.0
4309902,Ibiraiaras - RS,2011,8300.0,8300.0,28884.0,3480.0
4309902,Ibiraiaras - RS,2012,8000.0,8000.0,22560.0,2820.0
4309902,Ibiraiaras - RS,2013,8500.0,8500.0,27625.0,3250.0
4309902,Ibiraiaras - RS,2014,8500.0,8500.0,26648.0,3135.0
4309902,Ibiraiaras - RS,2015,9000.0,9000.0,35100.0,3900.0
4309902,Ibiraiaras - RS,2016,9500.0,9500.0,34200.0,3600.0
4309902,Ibiraiaras - RS,2017,9000.0,9000.0,36720.0,4080.0
4309902,Ibiraiaras - RS,2018,9500.0,9500.0,36480.0,3840.0
4309902,Ibiraiaras - RS,2019,11000.0,11000.0,44220.0,4020.0
4309902,Ibiraiaras - RS,2020,10600.0,10600.0,17808.0,1680.0
4309902,Ibiraiaras - RS,2021,10600.0,10600.0,44520.0,4200.0
4309902,Ibiraiaras - RS,2022,10600.0,10282.0,27350.0,2660.0
4309902,Ibiraiaras - RS,2023,12000.0,12000.0,36000.0,3000.0
4309902,Ibiraiaras - RS,2024,12000.0,12000.0,38400.0,3200.0
4309902,Ibiraiaras - RS,2025,12000.0,12000.0,19200.0,1600.0
4309951,Ibirapuitã - RS,2000,7300.0,7300.0,12315.0,1686.0
4309951,Ibirapuitã - RS,2001,6466.0,6466.0,15518.0,2399.0
4309951,Ibirapuitã - RS,2002,9000.0,9000.0,17280.0,1920.0
4309951,Ibirapuitã - RS,2003,10000.0,10000.0,26400.0,2640.0
4309951,Ibirapuitã - RS,2004,11430.0,11430.0,20574.0,1800.0
4309951,Ibirapuitã - RS,2005,12000.0,9600.0,5990.0,623.0
4309951,Ibirapuitã - RS,2006,12400.0,12400.0,22320.0,1800.0
4309951,Ibirapuitã - RS,2007,12600.0,12600.0,35532.0,2820.0
4309951,Ibirapuitã - RS,2008,12600.0,12600.0,24192.0,1920.0
4309951,Ibirapuitã - RS,2009,12550.0,12550.0,25100.0,2000.0
4309951,Ibirapuitã - RS,2010,12700.0,12700.0,34290.0,2700.0
4309951,Ibirapuitã - RS,2011,12600.0,12600.0,37800.0,3000.0
4309951,Ibirapuitã - RS,2012,12600.0,12600.0,22113.0,1755.0
4309951,Ibirapuitã - RS,2013,13000.0,13000.0,39000.0,3000.0
4309951,Ibirapuitã - RS,2014,13300.0,13300.0,33516.0,2520.0
4309951,Ibirapuitã - RS,2015,13300.0,13300.0,43890.0,3300.0
4309951,Ibirapuitã - RS,2016,13500.0,13500.0,44550.0,3300.0
4309951,Ibirapuitã - RS,2017,13500.0,13500.0,39900.0,2956.0
4309951,Ibirapuitã - RS,2018,13500.0,13500.0,48600.0,3600.0
4309951,Ibirapuitã - RS,2019,16850.0,16850.0,60660.0,3600.0
4309951,Ibirapuitã - RS,2020,16850.0,16850.0,27297.0,1620.0
4309951,Ibirapuitã - RS,2021,16850.0,16850.0,55352.0,3285.0
4309951,Ibirapuitã - RS,2022,16850.0,16850.0,33363.0,1980.0
4309951,Ibirapuitã - RS,2023,17000.0,17000.0,42075.0,2475.0
4309951,Ibirapuitã - RS,2024,17000.0,16500.0,54450.0,3300.0
4309951,Ibirapuitã - RS,2025,17000.0,17000.0,34170.0,2010.0
4310009,Ibirubá - RS,2000,36500.0,36500.0,67890.0,1860.0
4310009,Ibirubá - RS,2001,36250.0,36250.0,97875.0,2700.0
4310009,Ibirubá - RS,2002,38700.0,38700.0,83592.0,2160.0
4310009,Ibirubá - RS,2003,39750.0,39750.0,131175.0,3300.0
4310009,Ibirubá - RS,2004,40000.0,40000.0,72000.0,1800.0
4310009,Ibirubá - RS,2005,40000.0,39500.0,23700.0,600.0
4310009,Ibirubá - RS,2006,38000.0,38000.0,84360.0,2220.0
4310009,Ibirubá - RS,2007,39000.0,39000.0,105300.0,2700.0
4310009,Ibirubá - RS,2008,39000.0,39000.0,113100.0,2900.0
4310009,Ibirubá - RS,2009,39000.0,39000.0,114660.0,2940.0
4310009,Ibirubá - RS,2010,41500.0,41500.0,119520.0,2880.0
4310009,Ibirubá - RS,2011,41500.0,41500.0,141930.0,3420.0
4310009,Ibirubá - RS,2012,39500.0,39500.0,54510.0,1380.0
4310009,Ibirubá - RS,2013,41000.0,41000.0,135300.0,3300.0
4310009,Ibirubá - RS,2014,41000.0,41000.0,119400.0,2912.0
4310009,Ibirubá - RS,2015,41500.0,41500.0,146220.0,3523.0
4310009,Ibirubá - RS,2016,41400.0,41400.0,155520.0,3757.0
4310009,Ibirubá - RS,2017,41400.0,41400.0,167520.0,4046.0
4310009,Ibirubá - RS,2018,42400.0,42400.0,159240.0,3756.0
4310009,Ibirubá - RS,2019,43000.0,43000.0,152680.0,3551.0
4310009,Ibirubá - RS,2020,42300.0,42300.0,73710.0,1743.0
4310009,Ibirubá - RS,2021,42300.0,42300.0,179820.0,4251.0
4310009,Ibirubá - RS,2022,42300.0,42300.0,65880.0,1557.0
4310009,Ibirubá - RS,2023,42300.0,42300.0,101790.0,2406.0
4310009,Ibirubá - RS,2024,44200.0,44200.0,162360.0,3673.0
4310009,Ibirubá - RS,2025,45600.0,45600.0,118050.0,2589.0
4310108,Igrejinha - RS,2000,,,,
4310108,Igrejinha - RS,2001,,,,
4310108,Igrejinha - RS,2002,,,,
4310108,Igrejinha - RS,2003,,,,
4310108,Igrejinha - RS,2004,10.0,10.0,12.0,1200.0
4310108,Igrejinha - RS,2005,20.0,20.0,24.0,1200.0
4310108,Igrejinha - RS,2006,20.0,20.0,24.0,1200.0
4310108,Igrejinha - RS,2007,20.0,20.0,24.0,1200.0
4310108,Igrejinha - RS,2008,8.0,8.0,10.0,1250.0
4310108,Igrejinha - RS,2009,4.0,4.0,5.0,1250.0
4310108,Igrejinha - RS,2010,2.0,2.0,2.0,1000.0
4310108,Igrejinha - RS,2011,4.0,4.0,5.0,1250.0
4310108,Igrejinha - RS,2012,8.0,8.0,13.0,1625.0
4310108,Igrejinha - RS,2013,13.0,13.0,26.0,2000.0
4310108,Igrejinha - RS,2014,20.0,20.0,48.0,2400.0
4310108,Igrejinha - RS,2015,15.0,15.0,36.0,2400.0
4310108,Igrejinha - RS,2016,15.0,15.0,36.0,2400.0
4310108,Igrejinha - RS,2017,9.0,9.0,22.0,2444.0
4310108,Igrejinha - RS,2018,9.0,9.0,27.0,3000.0
4310108,Igrejinha - RS,2019,7.0,7.0,19.0,2714.0
4310108,Igrejinha - RS,2020,7.0,7.0,6.0,857.0
4310108,Igrejinha - RS,2021,7.0,7.0,19.0,2714.0
4310108,Igrejinha - RS,2022,7.0,7.0,8.0,1143.0
4310108,Igrejinha - RS,2023,24.0,24.0,48.0,2000.0
4310108,Igrejinha - RS,2024,16.0,16.0,13.0,813.0
4310108,Igrejinha - RS,2025,9.0,9.0,24.0,2667.0
4310207,Ijuí - RS,2000,55000.0,51500.0,67980.0,1320.0
4310207,Ijuí - RS,2001,42200.0,42200.0,93684.0,2220.0
4310207,Ijuí - RS,2002,44000.0,44000.0,79200.0,1800.0
4310207,Ijuí - RS,2003,46000.0,46000.0,115920.0,2520.0
4310207,Ijuí - RS,2004,47000.0,47000.0,73320.0,1560.0
4310207,Ijuí - RS,2005,46000.0,45500.0,16380.0,360.0
4310207,Ijuí - RS,2006,45000.0,45000.0,72000.0,1600.0
4310207,Ijuí - RS,2007,45000.0,45000.0,108000.0,2400.0
4310207,Ijuí - RS,2008,44000.0,44000.0,92400.0,2100.0
4310207,Ijuí - RS,2009,44000.0,44000.0,84480.0,1920.0
4310207,Ijuí - RS,2010,44300.0,44300.0,119610.0,2700.0
4310207,Ijuí - RS,2011,44500.0,44500.0,128160.0,2880.0
4310207,Ijuí - RS,2012,44500.0,40000.0,38400.0,960.0
4310207,Ijuí - RS,2013,45000.0,45000.0,121500.0,2700.0
4310207,Ijuí - RS,2014,45000.0,45000.0,94500.0,2100.0
4310207,Ijuí - RS,2015,45500.0,45500.0,122850.0,2700.0
4310207,Ijuí - RS,2016,46000.0,46000.0,143520.0,3120.0
4310207,Ijuí - RS,2017,45700.0,45700.0,159950.0,3500.0
4310207,Ijuí - RS,2018,40000.0,40000.0,132000.0,3300.0
4310207,Ijuí - RS,2019,40000.0,40000.0,132000.0,3300.0
4310207,Ijuí - RS,2020,40000.0,40000.0,80000.0,2000.0
4310207,Ijuí - RS,2021,40000.0,40000.0,160000.0,4000.0
4310207,Ijuí - RS,2022,39000.0,39000.0,39000.0,1000.0
4310207,Ijuí - RS,2023,40000.0,40000.0,52800.0,1320.0
4310207,Ijuí - RS,2024,40700.0,40700.0,146520.0,3600.0
4310207,Ijuí - RS,2025,40600.0,40600.0,61290.0,1510.0
4310306,Ilópolis - RS,2000,,,,
4310306,Ilópolis - RS,2001,,,,
4310306,Ilópolis - RS,2002,6.0,6.0,14.0,2333.0
4310306,Ilópolis - RS,2003,15.0,15.0,36.0,2400.0
4310306,Ilópolis - RS,2004,30.0,30.0,47.0,1566.0
4310306,Ilópolis - RS,2005,60.0,50.0,27.0,540.0
4310306,Ilópolis - RS,2006,50.0,50.0,88.0,1760.0
4310306,Ilópolis - RS,2007,50.0,50.0,120.0,2400.0
4310306,Ilópolis - RS,2008,30.0,30.0,72.0,2400.0
4310306,Ilópolis - RS,2009,,,,
4310306,Ilópolis - RS,2010,,,,
4310306,Ilópolis - RS,2011,20.0,20.0,48.0,2400.0
4310306,Ilópolis - RS,2012,,,,
4310306,Ilópolis - RS,2013,,,,
4310306,Ilópolis - RS,2014,,,,
4310306,Ilópolis - RS,2015,40.0,40.0,128.0,3200.0
4310306,Ilópolis - RS,2016,55.0,55.0,176.0,3200.0
4310306,Ilópolis - RS,2017,55.0,55.0,248.0,4509.0
4310306,Ilópolis - RS,2018,60.0,60.0,240.0,4000.0
4310306,Ilópolis - RS,2019,60.0,60.0,192.0,3200.0
4310306,Ilópolis - RS,2020,60.0,60.0,240.0,4000.0
4310306,Ilópolis - RS,2021,100.0,100.0,360.0,3600.0
4310306,Ilópolis - RS,2022,100.0,100.0,230.0,2300.0
4310306,Ilópolis - RS,2023,150.0,150.0,315.0,2100.0
4310306,Ilópolis - RS,2024,80.0,80.0,271.0,3388.0
4310306,Ilópolis - RS,2025,150.0,150.0,540.0,3600.0
4310330,Imbé - RS,2000,,,,
4310330,Imbé - RS,2001,,,,
4310330,Imbé - RS,2002,,,,
4310330,Imbé - RS,2003,,,,
4310330,Imbé - RS,2004,,,,
4310330,Imbé - RS,2005,,,,
4310330,Imbé - RS,2006,,,,
4310330,Imbé - RS,2007,,,,
4310330,Imbé - RS,2008,,,,
4310330,Imbé - RS,2009,,,,
4310330,Imbé - RS,2010,,,,
4310330,Imbé - RS,2011,,,,
4310330,Imbé - RS,2012,,,,
4310330,Imbé - RS,2013,,,,
4310330,Imbé - RS,2014,,,,
4310330,Imbé - RS,2015,,,,
4310330,Imbé - RS,2016,,,,
4310330,Imbé - RS,2017,,,,
4310330,Imbé - RS,2018,,,,
4310330,Imbé - RS,2019,,,,
4310330,Imbé - RS,2020,,,,
4310330,Imbé - RS,2021,,,,
4310330,Imbé - RS,2022,,,,
4310330,Imbé - RS,2023,,,,
4310330,Imbé - RS,2024,150.0,,,
4310330,Imbé - RS,2025,,,,
4310363,Imigrante - RS,2000,50.0,50.0,105.0,2100.0
4310363,Imigrante - RS,2001,31.0,31.0,65.0,2096.0
4310363,Imigrante - RS,2002,31.0,31.0,65.0,2096.0
4310363,Imigrante - RS,2003,31.0,31.0,65.0,2096.0
4310363,Imigrante - RS,2004,31.0,31.0,13.0,419.0
4310363,Imigrante - RS,2005,31.0,15.0,16.0,1066.0
4310363,Imigrante - RS,2006,25.0,25.0,23.0,920.0
4310363,Imigrante - RS,2007,20.0,20.0,24.0,1200.0
4310363,Imigrante - RS,2008,20.0,20.0,36.0,1800.0
4310363,Imigrante - RS,2009,20.0,20.0,48.0,2400.0
4310363,Imigrante - RS,2010,20.0,20.0,36.0,1800.0
4310363,Imigrante - RS,2011,20.0,20.0,48.0,2400.0
4310363,Imigrante - RS,2012,20.0,14.0,10.0,714.0
4310363,Imigrante - RS,2013,25.0,25.0,75.0,3000.0
4310363,Imigrante - RS,2014,25.0,25.0,75.0,3000.0
4310363,Imigrante - RS,2015,60.0,60.0,180.0,3000.0
4310363,Imigrante - RS,2016,60.0,60.0,180.0,3000.0
4310363,Imigrante - RS,2017,60.0,60.0,198.0,3300.0
4310363,Imigrante - RS,2018,60.0,60.0,180.0,3000.0
4310363,Imigrante - RS,2019,90.0,90.0,270.0,3000.0
4310363,Imigrante - RS,2020,120.0,120.0,180.0,1500.0
4310363,Imigrante - RS,2021,120.0,120.0,450.0,3750.0
4310363,Imigrante - RS,2022,120.0,120.0,216.0,1800.0
4310363,Imigrante - RS,2023,120.0,120.0,216.0,1800.0
4310363,Imigrante - RS,2024,120.0,24.0,90.0,3750.0
4310363,Imigrante - RS,2025,120.0,120.0,336.0,2800.0
4310405,Independência - RS,2000,26000.0,26000.0,37440.0,1440.0
4310405,Independência - RS,2001,25000.0,25000.0,52500.0,2100.0
4310405,Independência - RS,2002,26000.0,26000.0,46800.0,1800.0
4310405,Independência - RS,2003,22000.0,22000.0,52800.0,2400.0
4310405,Independência - RS,2004,22500.0,22500.0,22500.0,1000.0
4310405,Independência - RS,2005,23000.0,11500.0,4198.0,365.0
4310405,Independência - RS,2006,20000.0,20000.0,32000.0,1600.0
4310405,Independência - RS,2007,20000.0,20000.0,48000.0,2400.0
4310405,Independência - RS,2008,20000.0,20000.0,26400.0,1320.0
4310405,Independência - RS,2009,20000.0,20000.0,36000.0,1800.0
4310405,Independência - RS,2010,20000.0,20000.0,44400.0,2220.0
4310405,Independência - RS,2011,21000.0,21000.0,63000.0,3000.0
4310405,Independência - RS,2012,20000.0,20000.0,6000.0,300.0
4310405,Independência - RS,2013,20000.0,20000.0,44400.0,2220.0
4310405,Independência - RS,2014,20000.0,20000.0,48000.0,2400.0
4310405,Independência - RS,2015,20000.0,20000.0,60000.0,3000.0
4310405,Independência - RS,2016,21700.0,21700.0,74994.0,3456.0
4310405,Independência - RS,2017,21000.0,21000.0,70650.0,3364.0
4310405,Independência - RS,2018,22000.0,22000.0,64800.0,2945.0
4310405,Independência - RS,2019,19500.0,19500.0,66150.0,3392.0
4310405,Independência - RS,2020,21500.0,21500.0,58125.0,2703.0
4310405,Independência - RS,2021,21500.0,21500.0,70800.0,3293.0
4310405,Independência - RS,2022,21000.0,21000.0,17400.0,829.0
4310405,Independência - RS,2023,22000.0,22000.0,50390.0,2290.0
4310405,Independência - RS,2024,22000.0,22000.0,79200.0,3600.0
4310405,Independência - RS,2025,22000.0,22000.0,40800.0,1855.0
4310413,Inhacorá - RS,2000,6800.0,6800.0,12920.0,1900.0
4310413,Inhacorá - RS,2001,7003.0,7000.0,16380.0,2340.0
4310413,Inhacorá - RS,2002,7200.0,7200.0,12960.0,1800.0
4310413,Inhacorá - RS,2003,7500.0,7500.0,18000.0,2400.0
4310413,Inhacorá - RS,2004,8000.0,8000.0,10560.0,1320.0
4310413,Inhacorá - RS,2005,8000.0,7000.0,2520.0,360.0
4310413,Inhacorá - RS,2006,7500.0,7500.0,7200.0,960.0
4310413,Inhacorá - RS,2007,7500.0,7500.0,20250.0,2700.0
4310413,Inhacorá - RS,2008,7500.0,7500.0,8550.0,1140.0
4310413,Inhacorá - RS,2009,7000.0,7000.0,9261.0,1323.0
4310413,Inhacorá - RS,2010,7000.0,7000.0,17640.0,2520.0
4310413,Inhacorá - RS,2011,6000.0,6000.0,18000.0,3000.0
4310413,Inhacorá - RS,2012,5800.0,5500.0,2706.0,492.0
4310413,Inhacorá - RS,2013,5870.0,5870.0,15972.0,2721.0
4310413,Inhacorá - RS,2014,6060.0,6060.0,15084.0,2489.0
4310413,Inhacorá - RS,2015,6100.0,6100.0,16830.0,2759.0
4310413,Inhacorá - RS,2016,6300.0,6300.0,19170.0,3043.0
4310413,Inhacorá - RS,2017,6750.0,6750.0,24600.0,3644.0
4310413,Inhacorá - RS,2018,6000.0,6000.0,20589.0,3432.0
4310413,Inhacorá - RS,2019,6100.0,6100.0,23790.0,3900.0
4310413,Inhacorá - RS,2020,6200.0,6200.0,17735.0,2860.0
4310413,Inhacorá - RS,2021,6100.0,6100.0,23925.0,3922.0
4310413,Inhacorá - RS,2022,7100.0,6600.0,3975.0,602.0
4310413,Inhacorá - RS,2023,7050.0,7050.0,11960.0,1696.0
4310413,Inhacorá - RS,2024,7200.0,7200.0,23937.0,3325.0
4310413,Inhacorá - RS,2025,7450.0,7450.0,12217.0,1640.0
4310462,Ipiranga do Sul - RS,2000,7100.0,7100.0,12780.0,1800.0
4310462,Ipiranga do Sul - RS,2001,6800.0,6800.0,18360.0,2700.0
4310462,Ipiranga do Sul - RS,2002,7830.0,7830.0,14094.0,1800.0
4310462,Ipiranga do Sul - RS,2003,8080.0,8080.0,26179.0,3239.0
4310462,Ipiranga do Sul - RS,2004,8080.0,8080.0,16968.0,2100.0
4310462,Ipiranga do Sul - RS,2005,8080.0,8070.0,7263.0,900.0
4310462,Ipiranga do Sul - RS,2006,7400.0,7400.0,19980.0,2700.0
4310462,Ipiranga do Sul - RS,2007,8400.0,8400.0,27720.0,3300.0
4310462,Ipiranga do Sul - RS,2008,8400.0,8400.0,18648.0,2220.0
4310462,Ipiranga do Sul - RS,2009,7400.0,7400.0,19980.0,2700.0
4310462,Ipiranga do Sul - RS,2010,8600.0,8600.0,29412.0,3420.0
4310462,Ipiranga do Sul - RS,2011,8900.0,8900.0,29370.0,3300.0
4310462,Ipiranga do Sul - RS,2012,7900.0,7900.0,18960.0,2400.0
4310462,Ipiranga do Sul - RS,2013,8900.0,8900.0,26700.0,3000.0
4310462,Ipiranga do Sul - RS,2014,8900.0,8900.0,26700.0,3000.0
4310462,Ipiranga do Sul - RS,2015,9200.0,9200.0,35880.0,3900.0
4310462,Ipiranga do Sul - RS,2016,10000.0,10000.0,36000.0,3600.0
4310462,Ipiranga do Sul - RS,2017,10000.0,10000.0,42000.0,4200.0
4310462,Ipiranga do Sul - RS,2018,10100.0,10100.0,38380.0,3800.0
4310462,Ipiranga do Sul - RS,2019,10500.0,10500.0,44100.0,4200.0
4310462,Ipiranga do Sul - RS,2020,10500.0,10500.0,29610.0,2820.0
4310462,Ipiranga do Sul - RS,2021,10500.0,10500.0,42210.0,4020.0
4310462,Ipiranga do Sul - RS,2022,10500.0,10500.0,30429.0,2898.0
4310462,Ipiranga do Sul - RS,2023,10560.0,10560.0,29568.0,2800.0
4310462,Ipiranga do Sul - RS,2024,10560.0,10560.0,41184.0,3900.0
4310462,Ipiranga do Sul - RS,2025,10560.0,10560.0,22070.0,2090.0
4310439,Ipê - RS,2000,1200.0,1200.0,1560.0,1300.0
4310439,Ipê - RS,2001,1200.0,1200.0,2400.0,2000.0
4310439,Ipê - RS,2002,1200.0,1200.0,2160.0,1800.0
4310439,Ipê - RS,2003,1200.0,1200.0,2400.0,2000.0
4310439,Ipê - RS,2004,7000.0,7000.0,11270.0,1610.0
4310439,Ipê - RS,2005,5000.0,5000.0,2875.0,575.0
4310439,Ipê - RS,2006,5000.0,5000.0,7250.0,1450.0
4310439,Ipê - RS,2007,5000.0,5000.0,12000.0,2400.0
4310439,Ipê - RS,2008,5000.0,5000.0,9900.0,1980.0
4310439,Ipê - RS,2009,5000.0,5000.0,15000.0,3000.0
4310439,Ipê - RS,2010,5000.0,5000.0,18000.0,3600.0
4310439,Ipê - RS,2011,5000.0,5000.0,18000.0,3600.0
4310439,Ipê - RS,2012,5000.0,5000.0,12500.0,2500.0
4310439,Ipê - RS,2013,6000.0,6000.0,18420.0,3070.0
4310439,Ipê - RS,2014,5500.0,5500.0,16500.0,3000.0
4310439,Ipê - RS,2015,5500.0,5500.0,21450.0,3900.0
4310439,Ipê - RS,2016,6000.0,6000.0,21600.0,3600.0
4310439,Ipê - RS,2017,6200.0,6200.0,25203.0,4065.0
4310439,Ipê - RS,2018,8500.0,8500.0,27200.0,3200.0
4310439,Ipê - RS,2019,8500.0,8500.0,31620.0,3720.0
4310439,Ipê - RS,2020,7000.0,7000.0,12950.0,1850.0
4310439,Ipê - RS,2021,8500.0,8500.0,30600.0,3600.0
4310439,Ipê - RS,2022,8000.0,8000.0,17280.0,2160.0
4310439,Ipê - RS,2023,8000.0,8000.0,28800.0,3600.0
4310439,Ipê - RS,2024,7700.0,7700.0,30030.0,3900.0
4310439,Ipê - RS,2025,8000.0,8000.0,31200.0,3900.0
4310504,Iraí - RS,2000,2900.0,2900.0,5394.0,1860.0
4310504,Iraí - RS,2001,3000.0,3000.0,5760.0,1920.0
4310504,Iraí - RS,2002,3000.0,3000.0,3060.0,1020.0
4310504,Iraí - RS,2003,3300.0,3300.0,7128.0,2160.0
4310504,Iraí - RS,2004,3500.0,3500.0,4015.0,1147.0
4310504,Iraí - RS,2005,3700.0,3700.0,1909.0,515.0
4310504,Iraí - RS,2006,3700.0,3700.0,6682.0,1805.0
4310504,Iraí - RS,2007,3200.0,3200.0,8064.0,2520.0
4310504,Iraí - RS,2008,3350.0,3350.0,6914.0,2063.0
4310504,Iraí - RS,2009,3350.0,3350.0,6271.0,1871.0
4310504,Iraí - RS,2010,3350.0,3350.0,8040.0,2400.0
4310504,Iraí - RS,2011,3350.0,3350.0,8040.0,2400.0
4310504,Iraí - RS,2012,3350.0,3350.0,4221.0,1260.0
4310504,Iraí - RS,2013,3650.0,3650.0,10950.0,3000.0
4310504,Iraí - RS,2014,4400.0,4400.0,10560.0,2400.0
4310504,Iraí - RS,2015,4900.0,4900.0,13230.0,2700.0
4310504,Iraí - RS,2016,5200.0,5200.0,12480.0,2400.0
4310504,Iraí - RS,2017,5500.0,4800.0,15840.0,3300.0
4310504,Iraí - RS,2018,6000.0,6000.0,10800.0,1800.0
4310504,Iraí - RS,2019,6000.0,6000.0,19800.0,3300.0
4310504,Iraí - RS,2020,6000.0,6000.0,8100.0,1350.0
4310504,Iraí - RS,2021,6000.0,6000.0,21600.0,3600.0
4310504,Iraí - RS,2022,4900.0,4700.0,5640.0,1200.0
4310504,Iraí - RS,2023,5500.0,5500.0,11550.0,2100.0
4310504,Iraí - RS,2024,5500.0,5500.0,14399.0,2618.0
4310504,Iraí - RS,2025,5500.0,5500.0,8250.0,1500.0
4310538,Itaara - RS,2000,1400.0,1400.0,3024.0,2160.0
4310538,Itaara - RS,2001,1400.0,1400.0,4032.0,2880.0
4310538,Itaara - RS,2002,1600.0,1600.0,4512.0,2820.0
4310538,Itaara - RS,2003,1800.0,1800.0,5616.0,3120.0
4310538,Itaara - RS,2004,2000.0,2000.0,4860.0,2430.0
4310538,Itaara - RS,2005,2000.0,2000.0,3120.0,1560.0
4310538,Itaara - RS,2006,2200.0,2200.0,6072.0,2760.0
4310538,Itaara - RS,2007,2200.0,2200.0,6468.0,2940.0
4310538,Itaara - RS,2008,2200.0,2200.0,6204.0,2820.0
4310538,Itaara - RS,2009,2200.0,2200.0,6710.0,3050.0
4310538,Itaara - RS,2010,2400.0,2400.0,7488.0,3120.0
4310538,Itaara - RS,2011,2200.0,2200.0,7260.0,3300.0
4310538,Itaara - RS,2012,2200.0,2200.0,5016.0,2280.0
4310538,Itaara - RS,2013,2500.0,2500.0,8295.0,3318.0
4310538,Itaara - RS,2014,3000.0,3000.0,9900.0,3300.0
4310538,Itaara - RS,2015,2760.0,2760.0,9108.0,3300.0
4310538,Itaara - RS,2016,3000.0,3000.0,9000.0,3000.0
4310538,Itaara - RS,2017,3000.0,3000.0,11520.0,3840.0
4310538,Itaara - RS,2018,3000.0,3000.0,12600.0,4200.0
4310538,Itaara - RS,2019,3020.0,3020.0,10328.0,3420.0
4310538,Itaara - RS,2020,3020.0,3020.0,6976.0,2310.0
4310538,Itaara - RS,2021,3100.0,3100.0,10602.0,3420.0
4310538,Itaara - RS,2022,3100.0,3100.0,5400.0,1742.0
4310538,Itaara - RS,2023,3100.0,3100.0,6324.0,2040.0
4310538,Itaara - RS,2024,3100.0,3100.0,9843.0,3175.0
4310538,Itaara - RS,2025,3100.0,3100.0,5270.0,1700.0
4310553,Itacurubi - RS,2000,3000.0,3000.0,1800.0,600.0
4310553,Itacurubi - RS,2001,3000.0,3000.0,5400.0,1800.0
4310553,Itacurubi - RS,2002,4000.0,4000.0,3840.0,960.0
4310553,Itacurubi - RS,2003,5000.0,5000.0,10500.0,2100.0
4310553,Itacurubi - RS,2004,6500.0,6500.0,3120.0,480.0
4310553,Itacurubi - RS,2005,6100.0,5900.0,2124.0,360.0
4310553,Itacurubi - RS,2006,5000.0,4700.0,1692.0,360.0
4310553,Itacurubi - RS,2007,4000.0,4000.0,8400.0,2100.0
4310553,Itacurubi - RS,2008,4000.0,4000.0,6240.0,1560.0
4310553,Itacurubi - RS,2009,3500.0,3500.0,6930.0,1980.0
4310553,Itacurubi - RS,2010,4500.0,4500.0,9450.0,2100.0
4310553,Itacurubi - RS,2011,4500.0,4500.0,9450.0,2100.0
4310553,Itacurubi - RS,2012,5000.0,5000.0,4500.0,900.0
4310553,Itacurubi - RS,2013,6500.0,6500.0,16250.0,2500.0
4310553,Itacurubi - RS,2014,7500.0,7500.0,10350.0,1380.0
4310553,Itacurubi - RS,2015,10000.0,10000.0,22000.0,2200.0
4310553,Itacurubi - RS,2016,10000.0,10000.0,27000.0,2700.0
4310553,Itacurubi - RS,2017,10000.0,10000.0,28800.0,2880.0
4310553,Itacurubi - RS,2018,10500.0,10500.0,23100.0,2200.0
4310553,Itacurubi - RS,2019,12000.0,12000.0,32400.0,2700.0
4310553,Itacurubi - RS,2020,14000.0,14000.0,18760.0,1340.0
4310553,Itacurubi - RS,2021,21500.0,21500.0,66650.0,3100.0
4310553,Itacurubi - RS,2022,20400.0,2040.0,367.0,180.0
4310553,Itacurubi - RS,2023,22230.0,22230.0,10670.0,480.0
4310553,Itacurubi - RS,2024,25850.0,25850.0,85305.0,3300.0
4310553,Itacurubi - RS,2025,29000.0,29000.0,40005.0,1379.0
4310579,Itapuca - RS,2000,100.0,100.0,145.0,1450.0
4310579,Itapuca - RS,2001,130.0,130.0,189.0,1453.0
4310579,Itapuca - RS,2002,200.0,200.0,360.0,1800.0
4310579,Itapuca - RS,2003,300.0,300.0,540.0,1800.0
4310579,Itapuca - RS,2004,1500.0,1500.0,2160.0,1440.0
4310579,Itapuca - RS,2005,1600.0,1500.0,720.0,480.0
4310579,Itapuca - RS,2006,1600.0,1600.0,2016.0,1260.0
4310579,Itapuca - RS,2007,1600.0,1600.0,2880.0,1800.0
4310579,Itapuca - RS,2008,1540.0,1540.0,2125.0,1379.0
4310579,Itapuca - RS,2009,2500.0,2500.0,4500.0,1800.0
4310579,Itapuca - RS,2010,2700.0,2700.0,6480.0,2400.0
4310579,Itapuca - RS,2011,3000.0,3000.0,8100.0,2700.0
4310579,Itapuca - RS,2012,3000.0,3000.0,5400.0,1800.0
4310579,Itapuca - RS,2013,3350.0,3350.0,9631.0,2875.0
4310579,Itapuca - RS,2014,3700.0,3700.0,11100.0,3000.0
4310579,Itapuca - RS,2015,3770.0,3770.0,11310.0,3000.0
4310579,Itapuca - RS,2016,3870.0,3870.0,11610.0,3000.0
4310579,Itapuca - RS,2017,3950.0,3950.0,15405.0,3900.0
4310579,Itapuca - RS,2018,4400.0,4400.0,15840.0,3600.0
4310579,Itapuca - RS,2019,4550.0,4550.0,15015.0,3300.0
4310579,Itapuca - RS,2020,5000.0,5000.0,16500.0,3300.0
4310579,Itapuca - RS,2021,5000.0,5000.0,15000.0,3000.0
4310579,Itapuca - RS,2022,6000.0,6000.0,12600.0,2100.0
4310579,Itapuca - RS,2023,6000.0,6000.0,20874.0,3479.0
4310579,Itapuca - RS,2024,6000.0,5400.0,17172.0,3180.0
4310579,Itapuca - RS,2025,6000.0,6000.0,17340.0,2890.0
4310603,Itaqui - RS,2000,23965.0,17115.0,20538.0,1200.0
4310603,Itaqui - RS,2001,17115.0,17115.0,35942.0,2100.0
4310603,Itaqui - RS,2002,19500.0,19500.0,16380.0,840.0
4310603,Itaqui - RS,2003,19500.0,19500.0,50700.0,2600.0
4310603,Itaqui - RS,2004,24000.0,24000.0,18720.0,780.0
4310603,Itaqui - RS,2005,24000.0,24000.0,10080.0,420.0
4310603,Itaqui - RS,2006,20000.0,20000.0,36000.0,1800.0
4310603,Itaqui - RS,2007,18000.0,18000.0,27000.0,1500.0
4310603,Itaqui - RS,2008,18000.0,18000.0,27000.0,1500.0
4310603,Itaqui - RS,2009,16000.0,16000.0,19200.0,1200.0
4310603,Itaqui - RS,2010,16000.0,16000.0,33600.0,2100.0
4310603,Itaqui - RS,2011,16000.0,16000.0,38400.0,2400.0
4310603,Itaqui - RS,2012,16000.0,16000.0,18432.0,1152.0
4310603,Itaqui - RS,2013,18840.0,18840.0,45024.0,2390.0
4310603,Itaqui - RS,2014,20500.0,20500.0,36750.0,1793.0
4310603,Itaqui - RS,2015,22500.0,22500.0,48450.0,2153.0
4310603,Itaqui - RS,2016,22500.0,22500.0,56400.0,2507.0
4310603,Itaqui - RS,2017,22500.0,22500.0,72300.0,3213.0
4310603,Itaqui - RS,2018,24750.0,24750.0,62400.0,2521.0
4310603,Itaqui - RS,2019,30000.0,30000.0,79500.0,2650.0
4310603,Itaqui - RS,2020,40000.0,40000.0,56640.0,1416.0
4310603,Itaqui - RS,2021,45000.0,45000.0,130500.0,2900.0
4310603,Itaqui - RS,2022,50000.0,45000.0,39000.0,867.0
4310603,Itaqui - RS,2023,50000.0,50000.0,100800.0,2016.0
4310603,Itaqui - RS,2024,50000.0,50000.0,141500.0,2830.0
4310603,Itaqui - RS,2025,30000.0,30000.0,35600.0,1187.0
4310652,Itati - RS,2000,,,,
4310652,Itati - RS,2001,,,,
4310652,Itati - RS,2002,,,,
4310652,Itati - RS,2003,,,,
4310652,Itati - RS,2004,,,,
4310652,Itati - RS,2005,,,,
4310652,Itati - RS,2006,,,,
4310652,Itati - RS,2007,,,,
4310652,Itati - RS,2008,,,,
4310652,Itati - RS,2009,,,,
4310652,Itati - RS,2010,,,,
4310652,Itati - RS,2011,,,,
4310652,Itati - RS,2012,,,,
4310652,Itati - RS,2013,,,,
4310652,Itati - RS,2014,,,,
4310652,Itati - RS,2015,,,,
4310652,Itati - RS,2016,,,,
4310652,Itati - RS,2017,,,,
4310652,Itati - RS,2018,,,,
4310652,Itati - RS,2019,,,,
4310652,Itati - RS,2020,,,,
4310652,Itati - RS,2021,,,,
4310652,Itati - RS,2022,,,,
4310652,Itati - RS,2023,,,,
4310652,Itati - RS,2024,,,,
4310652,Itati - RS,2025,,,,
4310702,Itatiba do Sul - RS,2000,400.0,400.0,560.0,1400.0
4310702,Itatiba do Sul - RS,2001,400.0,400.0,960.0,2400.0
4310702,Itatiba do Sul - RS,2002,400.0,300.0,180.0,600.0
4310702,Itatiba do Sul - RS,2003,300.0,300.0,720.0,2400.0
4310702,Itatiba do Sul - RS,2004,200.0,200.0,250.0,1250.0
4310702,Itatiba do Sul - RS,2005,400.0,400.0,240.0,600.0
4310702,Itatiba do Sul - RS,2006,400.0,400.0,480.0,1200.0
4310702,Itatiba do Sul - RS,2007,430.0,430.0,860.0,2000.0
4310702,Itatiba do Sul - RS,2008,430.0,430.0,946.0,2200.0
4310702,Itatiba do Sul - RS,2009,200.0,200.0,360.0,1800.0
4310702,Itatiba do Sul - RS,2010,300.0,300.0,720.0,2400.0
4310702,Itatiba do Sul - RS,2011,400.0,400.0,1200.0,3000.0
4310702,Itatiba do Sul - RS,2012,450.0,450.0,270.0,600.0
4310702,Itatiba do Sul - RS,2013,480.0,480.0,1296.0,2700.0
4310702,Itatiba do Sul - RS,2014,480.0,480.0,1296.0,2700.0
4310702,Itatiba do Sul - RS,2015,520.0,520.0,1560.0,3000.0
4310702,Itatiba do Sul - RS,2016,600.0,600.0,1800.0,3000.0
4310702,Itatiba do Sul - RS,2017,680.0,680.0,2380.0,3500.0
4310702,Itatiba do Sul - RS,2018,680.0,680.0,2380.0,3500.0
4310702,Itatiba do Sul - RS,2019,680.0,680.0,2448.0,3600.0
4310702,Itatiba do Sul - RS,2020,780.0,780.0,2262.0,2900.0
4310702,Itatiba do Sul - RS,2021,1000.0,1000.0,2880.0,2880.0
4310702,Itatiba do Sul - RS,2022,1000.0,1000.0,1800.0,1800.0
4310702,Itatiba do Sul - RS,2023,1000.0,1000.0,3000.0,3000.0
4310702,Itatiba do Sul - RS,2024,1100.0,1100.0,3630.0,3300.0
4310702,Itatiba do Sul - RS,2025,2000.0,2000.0,4200.0,2100.0
4310751,Ivorá - RS,2000,650.0,650.0,1170.0,1800.0
4310751,Ivorá - RS,2001,650.0,650.0,1560.0,2400.0
4310751,Ivorá - RS,2002,650.0,650.0,1482.0,2280.0
4310751,Ivorá - RS,2003,650.0,650.0,1755.0,2700.0
4310751,Ivorá - RS,2004,650.0,650.0,1560.0,2400.0
4310751,Ivorá - RS,2005,670.0,550.0,396.0,720.0
4310751,Ivorá - RS,2006,650.0,650.0,1228.0,1889.0
4310751,Ivorá - RS,2007,650.0,650.0,1755.0,2700.0
4310751,Ivorá - RS,2008,1800.0,1800.0,4320.0,2400.0
4310751,Ivorá - RS,2009,1800.0,1800.0,4320.0,2400.0
4310751,Ivorá - RS,2010,1800.0,1800.0,4320.0,2400.0
4310751,Ivorá - RS,2011,1800.0,1800.0,5400.0,3000.0
4310751,Ivorá - RS,2012,2000.0,2000.0,1800.0,900.0
4310751,Ivorá - RS,2013,2000.0,2000.0,6600.0,3300.0
4310751,Ivorá - RS,2014,2400.0,2400.0,7200.0,3000.0
4310751,Ivorá - RS,2015,2500.0,2500.0,9000.0,3600.0
4310751,Ivorá - RS,2016,3000.0,3000.0,10800.0,3600.0
4310751,Ivorá - RS,2017,3500.0,3500.0,12600.0,3600.0
4310751,Ivorá - RS,2018,3500.0,3500.0,12600.0,3600.0
4310751,Ivorá - RS,2019,3500.0,3500.0,12180.0,3480.0
4310751,Ivorá - RS,2020,3550.0,3550.0,5325.0,1500.0
4310751,Ivorá - RS,2021,3650.0,3650.0,14673.0,4020.0
4310751,Ivorá - RS,2022,3750.0,3750.0,6750.0,1800.0
4310751,Ivorá - RS,2023,4000.0,4000.0,10080.0,2520.0
4310751,Ivorá - RS,2024,4000.0,4000.0,11600.0,2900.0
4310751,Ivorá - RS,2025,4000.0,4000.0,8400.0,2100.0
4310801,Ivoti - RS,2000,,,,
4310801,Ivoti - RS,2001,,,,
4310801,Ivoti - RS,2002,,,,
4310801,Ivoti - RS,2003,,,,
4310801,Ivoti - RS,2004,,,,
4310801,Ivoti - RS,2005,,,,
4310801,Ivoti - RS,2006,,,,
4310801,Ivoti - RS,2007,,,,
4310801,Ivoti - RS,2008,,,,
4310801,Ivoti - RS,2009,,,,
4310801,Ivoti - RS,2010,,,,
4310801,Ivoti - RS,2011,,,,
4310801,Ivoti - RS,2012,,,,
4310801,Ivoti - RS,2013,,,,
4310801,Ivoti - RS,2014,,,,
4310801,Ivoti - RS,2015,,,,
4310801,Ivoti - RS,2016,,,,
4310801,Ivoti - RS,2017,,,,
4310801,Ivoti - RS,2018,,,,
4310801,Ivoti - RS,2019,,,,
4310801,Ivoti - RS,2020,,,,
4310801,Ivoti - RS,2021,,,,
4310801,Ivoti - RS,2022,,,,
4310801,Ivoti - RS,2023,,,,
4310801,Ivoti - RS,2024,,,,
4310801,Ivoti - RS,2025,,,,
4310850,Jaboticaba - RS,2000,4700.0,4700.0,8460.0,1800.0
4310850,Jaboticaba - RS,2001,3995.0,3995.0,9588.0,2400.0
4310850,Jaboticaba - RS,2002,4300.0,4300.0,6192.0,1440.0
4310850,Jaboticaba - RS,2003,4600.0,4600.0,11592.0,2520.0
4310850,Jaboticaba - RS,2004,5175.0,5175.0,5175.0,1000.0
4310850,Jaboticaba - RS,2005,6000.0,6000.0,3600.0,600.0
4310850,Jaboticaba - RS,2006,5000.0,5000.0,9500.0,1900.0
4310850,Jaboticaba - RS,2007,4800.0,4800.0,11520.0,2400.0
4310850,Jaboticaba - RS,2008,5000.0,5000.0,6750.0,1350.0
4310850,Jaboticaba - RS,2009,5000.0,5000.0,7500.0,1500.0
4310850,Jaboticaba - RS,2010,5000.0,5000.0,15000.0,3000.0
4310850,Jaboticaba - RS,2011,5000.0,5000.0,16500.0,3300.0
4310850,Jaboticaba - RS,2012,4700.0,4700.0,5358.0,1140.0
4310850,Jaboticaba - RS,2013,4700.0,4700.0,11500.0,2447.0
4310850,Jaboticaba - RS,2014,5100.0,5100.0,12750.0,2500.0
4310850,Jaboticaba - RS,2015,5500.0,5500.0,16500.0,3000.0
4310850,Jaboticaba - RS,2016,6500.0,6500.0,21450.0,3300.0
4310850,Jaboticaba - RS,2017,6000.0,6000.0,19200.0,3200.0
4310850,Jaboticaba - RS,2018,6200.0,6200.0,19840.0,3200.0
4310850,Jaboticaba - RS,2019,6300.0,6300.0,20790.0,3300.0
4310850,Jaboticaba - RS,2020,6300.0,6300.0,15120.0,2400.0
4310850,Jaboticaba - RS,2021,6300.0,6300.0,20790.0,3300.0
4310850,Jaboticaba - RS,2022,6300.0,6300.0,14000.0,2222.0
4310850,Jaboticaba - RS,2023,6300.0,6300.0,8316.0,1320.0
4310850,Jaboticaba - RS,2024,6300.0,6300.0,20790.0,3300.0
4310850,Jaboticaba - RS,2025,6300.0,6300.0,12285.0,1950.0
4310876,Jacuizinho - RS,2000,,,,
4310876,Jacuizinho - RS,2001,13000.0,13000.0,31200.0,2400.0
4310876,Jacuizinho - RS,2002,13400.0,13400.0,28140.0,2100.0
4310876,Jacuizinho - RS,2003,14000.0,14000.0,40320.0,2880.0
4310876,Jacuizinho - RS,2004,15000.0,15000.0,24300.0,1620.0
4310876,Jacuizinho - RS,2005,15200.0,12200.0,4392.0,360.0
4310876,Jacuizinho - RS,2006,15000.0,15000.0,33000.0,2200.0
4310876,Jacuizinho - RS,2007,15000.0,15000.0,34200.0,2280.0
4310876,Jacuizinho - RS,2008,15000.0,15000.0,31800.0,2120.0
4310876,Jacuizinho - RS,2009,15000.0,15000.0,32400.0,2160.0
4310876,Jacuizinho - RS,2010,15000.0,14800.0,31968.0,2160.0
4310876,Jacuizinho - RS,2011,15000.0,15000.0,37800.0,2520.0
4310876,Jacuizinho - RS,2012,15000.0,15000.0,16200.0,1080.0
4310876,Jacuizinho - RS,2013,15675.0,15675.0,42323.0,2700.0
4310876,Jacuizinho - RS,2014,15855.0,15855.0,43941.0,2771.0
4310876,Jacuizinho - RS,2015,16200.0,16200.0,49860.0,3078.0
4310876,Jacuizinho - RS,2016,16400.0,16400.0,50460.0,3077.0
4310876,Jacuizinho - RS,2017,17000.0,17000.0,61860.0,3639.0
4310876,Jacuizinho - RS,2018,17600.0,17600.0,59840.0,3400.0
4310876,Jacuizinho - RS,2019,18100.0,18100.0,58296.0,3221.0
4310876,Jacuizinho - RS,2020,18100.0,18100.0,15400.0,851.0
4310876,Jacuizinho - RS,2021,18100.0,18100.0,71550.0,3953.0
4310876,Jacuizinho - RS,2022,18100.0,14800.0,18000.0,1216.0
4310876,Jacuizinho - RS,2023,18200.0,18200.0,29700.0,1632.0
4310876,Jacuizinho - RS,2024,18200.0,18200.0,66000.0,3626.0
4310876,Jacuizinho - RS,2025,18200.0,18200.0,36120.0,1985.0
4310900,Jacutinga - RS,2000,12500.0,12500.0,22500.0,1800.0
4310900,Jacutinga - RS,2001,10300.0,10300.0,27810.0,2700.0
4310900,Jacutinga - RS,2002,11000.0,11000.0,19305.0,1755.0
4310900,Jacutinga - RS,2003,11500.0,11500.0,34500.0,3000.0
4310900,Jacutinga - RS,2004,12500.0,12500.0,18750.0,1500.0
4310900,Jacutinga - RS,2005,13000.0,13000.0,7800.0,600.0
4310900,Jacutinga - RS,2006,12500.0,12500.0,33750.0,2700.0
4310900,Jacutinga - RS,2007,14300.0,14300.0,42900.0,3000.0
4310900,Jacutinga - RS,2008,14300.0,14300.0,34320.0,2400.0
4310900,Jacutinga - RS,2009,11500.0,11500.0,34500.0,3000.0
4310900,Jacutinga - RS,2010,11500.0,11500.0,34500.0,3000.0
4310900,Jacutinga - RS,2011,11500.0,11500.0,37950.0,3300.0
4310900,Jacutinga - RS,2012,10900.0,10900.0,17985.0,1650.0
4310900,Jacutinga - RS,2013,11100.0,11100.0,36630.0,3300.0
4310900,Jacutinga - RS,2014,11600.0,11600.0,34800.0,3000.0
4310900,Jacutinga - RS,2015,12000.0,12000.0,39840.0,3320.0
4310900,Jacutinga - RS,2016,12600.0,12600.0,41580.0,3300.0
4310900,Jacutinga - RS,2017,12500.0,12500.0,50000.0,4000.0
4310900,Jacutinga - RS,2018,12800.0,12800.0,49920.0,3900.0
4310900,Jacutinga - RS,2019,12800.0,12800.0,49920.0,3900.0
4310900,Jacutinga - RS,2020,12800.0,12800.0,39680.0,3100.0
4310900,Jacutinga - RS,2021,12500.0,12500.0,45000.0,3600.0
4310900,Jacutinga - RS,2022,12000.0,12000.0,30240.0,2520.0
4310900,Jacutinga - RS,2023,12000.0,12000.0,32400.0,2700.0
4310900,Jacutinga - RS,2024,12000.0,12000.0,50400.0,4200.0
4310900,Jacutinga - RS,2025,12000.0,12000.0,30240.0,2520.0
4311106,Jaguari - RS,2000,1800.0,1800.0,2700.0,1500.0
4311106,Jaguari - RS,2001,2500.0,2500.0,5250.0,2100.0
4311106,Jaguari - RS,2002,3000.0,3000.0,5040.0,1680.0
4311106,Jaguari - RS,2003,3600.0,3600.0,6912.0,1920.0
4311106,Jaguari - RS,2004,4500.0,4500.0,5400.0,1200.0
4311106,Jaguari - RS,2005,4900.0,4900.0,4116.0,840.0
4311106,Jaguari - RS,2006,4900.0,4900.0,8820.0,1800.0
4311106,Jaguari - RS,2007,4500.0,4500.0,8100.0,1800.0
4311106,Jaguari - RS,2008,4900.0,4900.0,6174.0,1260.0
4311106,Jaguari - RS,2009,5500.0,5500.0,11000.0,2000.0
4311106,Jaguari - RS,2010,4500.0,4500.0,7087.0,1574.0
4311106,Jaguari - RS,2011,4700.0,4700.0,10434.0,2220.0
4311106,Jaguari - RS,2012,5000.0,5000.0,7500.0,1500.0
4311106,Jaguari - RS,2013,5000.0,5000.0,13500.0,2700.0
4311106,Jaguari - RS,2014,5000.0,5000.0,9000.0,1800.0
4311106,Jaguari - RS,2015,5500.0,5500.0,13200.0,2400.0
4311106,Jaguari - RS,2016,5500.0,5500.0,13200.0,2400.0
4311106,Jaguari - RS,2017,5800.0,5800.0,17400.0,3000.0
4311106,Jaguari - RS,2018,8500.0,8500.0,24480.0,2880.0
4311106,Jaguari - RS,2019,9000.0,9000.0,25380.0,2820.0
4311106,Jaguari - RS,2020,10000.0,10000.0,10800.0,1080.0
4311106,Jaguari - RS,2021,10700.0,10700.0,33384.0,3120.0
4311106,Jaguari - RS,2022,13000.0,13000.0,9360.0,720.0
4311106,Jaguari - RS,2023,13000.0,13000.0,13260.0,1020.0
4311106,Jaguari - RS,2024,13800.0,13500.0,36450.0,2700.0
4311106,Jaguari - RS,2025,14000.0,14000.0,18480.0,1320.0
4311007,Jaguarão - RS,2000,2000.0,2000.0,4800.0,2400.0
4311007,Jaguarão - RS,2001,2300.0,2300.0,5520.0,2400.0
4311007,Jaguarão - RS,2002,6000.0,6000.0,12000.0,2000.0
4311007,Jaguarão - RS,2003,5000.0,5000.0,9000.0,1800.0
4311007,Jaguarão - RS,2004,6000.0,6000.0,7560.0,1260.0
4311007,Jaguarão - RS,2005,10000.0,9930.0,8937.0,900.0
4311007,Jaguarão - RS,2006,7000.0,7000.0,10500.0,1500.0
4311007,Jaguarão - RS,2007,7000.0,7000.0,10500.0,1500.0
4311007,Jaguarão - RS,2008,7300.0,7300.0,10950.0,1500.0
4311007,Jaguarão - RS,2009,8000.0,8000.0,22080.0,2760.0
4311007,Jaguarão - RS,2010,16000.0,16000.0,44160.0,2760.0
4311007,Jaguarão - RS,2011,18000.0,18000.0,32400.0,1800.0
4311007,Jaguarão - RS,2012,20000.0,20000.0,48000.0,2400.0
4311007,Jaguarão - RS,2013,35000.0,35000.0,84000.0,2400.0
4311007,Jaguarão - RS,2014,42000.0,42000.0,100800.0,2400.0
4311007,Jaguarão - RS,2015,45000.0,45000.0,81000.0,1800.0
4311007,Jaguarão - RS,2016,45000.0,45000.0,54000.0,1200.0
4311007,Jaguarão - RS,2017,45000.0,45000.0,135000.0,3000.0
4311007,Jaguarão - RS,2018,45000.0,45000.0,67500.0,1500.0
4311007,Jaguarão - RS,2019,45000.0,45000.0,94500.0,2100.0
4311007,Jaguarão - RS,2020,45000.0,45000.0,81000.0,1800.0
4311007,Jaguarão - RS,2021,45000.0,45000.0,121500.0,2700.0
4311007,Jaguarão - RS,2022,46000.0,46000.0,82800.0,1800.0
4311007,Jaguarão - RS,2023,45000.0,45000.0,70200.0,1560.0
4311007,Jaguarão - RS,2024,45000.0,30600.0,29376.0,960.0
4311007,Jaguarão - RS,2025,45000.0,45000.0,108000.0,2400.0
4311122,Jaquirana - RS,2000,1.0,1.0,2.0,2000.0
4311122,Jaquirana - RS,2001,1.0,1.0,2.0,2000.0
4311122,Jaquirana - RS,2002,1.0,1.0,2.0,2000.0
4311122,Jaquirana - RS,2003,,,,
4311122,Jaquirana - RS,2004,,,,
4311122,Jaquirana - RS,2005,,,,
4311122,Jaquirana - RS,2006,,,,
4311122,Jaquirana - RS,2007,,,,
4311122,Jaquirana - RS,2008,,,,
4311122,Jaquirana - RS,2009,,,,
4311122,Jaquirana - RS,2010,,,,
4311122,Jaquirana - RS,2011,,,,
4311122,Jaquirana - RS,2012,,,,
4311122,Jaquirana - RS,2013,,,,
4311122,Jaquirana - RS,2014,,,,
4311122,Jaquirana - RS,2015,10.0,10.0,24.0,2400.0
4311122,Jaquirana - RS,2016,10.0,10.0,30.0,3000.0
4311122,Jaquirana - RS,2017,50.0,50.0,150.0,3000.0
4311122,Jaquirana - RS,2018,200.0,200.0,600.0,3000.0
4311122,Jaquirana - RS,2019,500.0,500.0,1500.0,3000.0
4311122,Jaquirana - RS,2020,580.0,580.0,870.0,1500.0
4311122,Jaquirana - RS,2021,580.0,580.0,2088.0,3600.0
4311122,Jaquirana - RS,2022,500.0,500.0,750.0,1500.0
4311122,Jaquirana - RS,2023,670.0,670.0,2010.0,3000.0
4311122,Jaquirana - RS,2024,670.0,670.0,643.0,960.0
4311122,Jaquirana - RS,2025,700.0,700.0,2170.0,3100.0
4311130,Jari - RS,2000,13200.0,12000.0,15600.0,1300.0
4311130,Jari - RS,2001,12000.0,12000.0,25200.0,2100.0
4311130,Jari - RS,2002,15000.0,15000.0,31500.0,2100.0
4311130,Jari - RS,2003,18000.0,18000.0,43200.0,2400.0
4311130,Jari - RS,2004,25000.0,24750.0,32670.0,1320.0
4311130,Jari - RS,2005,27000.0,26800.0,24120.0,900.0
4311130,Jari - RS,2006,28000.0,28000.0,62160.0,2220.0
4311130,Jari - RS,2007,28500.0,28500.0,80370.0,2820.0
4311130,Jari - RS,2008,29000.0,29000.0,69600.0,2400.0
4311130,Jari - RS,2009,29500.0,29500.0,73160.0,2480.0
4311130,Jari - RS,2010,30500.0,27500.0,77550.0,2820.0
4311130,Jari - RS,2011,31500.0,31500.0,90720.0,2880.0
4311130,Jari - RS,2012,33300.0,33300.0,36630.0,1100.0
4311130,Jari - RS,2013,35000.0,35000.0,102900.0,2940.0
4311130,Jari - RS,2014,37000.0,37000.0,99900.0,2700.0
4311130,Jari - RS,2015,40000.0,40000.0,124800.0,3120.0
4311130,Jari - RS,2016,42000.0,42000.0,126300.0,3007.0
4311130,Jari - RS,2017,43500.0,43500.0,151750.0,3489.0
4311130,Jari - RS,2018,46600.0,46600.0,140520.0,3015.0
4311130,Jari - RS,2019,47100.0,47100.0,142020.0,3015.0
4311130,Jari - RS,2020,47600.0,47600.0,67960.0,1428.0
4311130,Jari - RS,2021,49000.0,49000.0,176720.0,3607.0
4311130,Jari - RS,2022,52325.0,52325.0,62790.0,1200.0
4311130,Jari - RS,2023,53000.0,52950.0,85779.0,1620.0
4311130,Jari - RS,2024,54000.0,54000.0,116640.0,2160.0
4311130,Jari - RS,2025,56000.0,56000.0,74970.0,1339.0
4311155,Jóia - RS,2000,53000.0,50000.0,50000.0,1000.0
4311155,Jóia - RS,2001,55000.0,55000.0,138600.0,2520.0
4311155,Jóia - RS,2002,59000.0,59000.0,84960.0,1440.0
4311155,Jóia - RS,2003,64000.0,64000.0,192000.0,3000.0
4311155,Jóia - RS,2004,66000.0,66000.0,79200.0,1200.0
4311155,Jóia - RS,2005,75000.0,60000.0,27000.0,450.0
4311155,Jóia - RS,2006,73000.0,73000.0,118260.0,1620.0
4311155,Jóia - RS,2007,74000.0,74000.0,168720.0,2280.0
4311155,Jóia - RS,2008,73000.0,73000.0,153300.0,2100.0
4311155,Jóia - RS,2009,75000.0,75000.0,139500.0,1860.0
4311155,Jóia - RS,2010,76000.0,76000.0,182400.0,2400.0
4311155,Jóia - RS,2011,78000.0,78000.0,202800.0,2600.0
4311155,Jóia - RS,2012,77500.0,72500.0,39645.0,547.0
4311155,Jóia - RS,2013,80000.0,80000.0,193800.0,2423.0
4311155,Jóia - RS,2014,80000.0,80000.0,184500.0,2306.0
4311155,Jóia - RS,2015,80800.0,80800.0,208140.0,2576.0
4311155,Jóia - RS,2016,80800.0,80800.0,200880.0,2486.0
4311155,Jóia - RS,2017,81000.0,81000.0,260100.0,3211.0
4311155,Jóia - RS,2018,81000.0,81000.0,269100.0,3322.0
4311155,Jóia - RS,2019,81000.0,81000.0,259200.0,3200.0
4311155,Jóia - RS,2020,81000.0,81000.0,108000.0,1333.0
4311155,Jóia - RS,2021,81000.0,81000.0,295200.0,3644.0
4311155,Jóia - RS,2022,78000.0,71000.0,54000.0,761.0
4311155,Jóia - RS,2023,81500.0,81500.0,61380.0,753.0
4311155,Jóia - RS,2024,82900.0,81420.0,253623.0,3115.0
4311155,Jóia - RS,2025,83000.0,83000.0,113440.0,1367.0
4311205,Júlio de Castilhos - RS,2000,48000.0,48000.0,86400.0,1800.0
4311205,Júlio de Castilhos - RS,2001,50000.0,50000.0,120000.0,2400.0
4311205,Júlio de Castilhos - RS,2002,55000.0,55000.0,105600.0,1920.0
4311205,Júlio de Castilhos - RS,2003,60000.0,60000.0,172800.0,2880.0
4311205,Júlio de Castilhos - RS,2004,68000.0,68000.0,130560.0,1920.0
4311205,Júlio de Castilhos - RS,2005,73500.0,73300.0,65970.0,900.0
4311205,Júlio de Castilhos - RS,2006,72500.0,72500.0,165300.0,2280.0
4311205,Júlio de Castilhos - RS,2007,72500.0,72500.0,195750.0,2700.0
4311205,Júlio de Castilhos - RS,2008,75000.0,75000.0,157500.0,2100.0
4311205,Júlio de Castilhos - RS,2009,75500.0,75500.0,144960.0,1920.0
4311205,Júlio de Castilhos - RS,2010,80000.0,80000.0,201600.0,2520.0
4311205,Júlio de Castilhos - RS,2011,80000.0,80000.0,230400.0,2880.0
4311205,Júlio de Castilhos - RS,2012,81500.0,81500.0,122250.0,1500.0
4311205,Júlio de Castilhos - RS,2013,83500.0,83500.0,235470.0,2820.0
4311205,Júlio de Castilhos - RS,2014,86000.0,86000.0,248800.0,2893.0
4311205,Júlio de Castilhos - RS,2015,89000.0,89000.0,284244.0,3194.0
4311205,Júlio de Castilhos - RS,2016,89600.0,89600.0,280848.0,3134.0
4311205,Júlio de Castilhos - RS,2017,91000.0,91000.0,328080.0,3605.0
4311205,Júlio de Castilhos - RS,2018,92000.0,92000.0,332400.0,3613.0
4311205,Júlio de Castilhos - RS,2019,98200.0,98200.0,331680.0,3378.0
4311205,Júlio de Castilhos - RS,2020,100000.0,100000.0,182520.0,1825.0
4311205,Júlio de Castilhos - RS,2021,100000.0,100000.0,355512.0,3555.0
4311205,Júlio de Castilhos - RS,2022,103900.0,103900.0,140244.0,1350.0
4311205,Júlio de Castilhos - RS,2023,104200.0,104200.0,179592.0,1724.0
4311205,Júlio de Castilhos - RS,2024,104200.0,104200.0,302472.0,2903.0
4311205,Júlio de Castilhos - RS,2025,106200.0,106200.0,186312.0,1754.0
4311239,Lagoa Bonita do Sul - RS,2000,,,,
4311239,Lagoa Bonita do Sul - RS,2001,270.0,270.0,697.0,2581.0
4311239,Lagoa Bonita do Sul - RS,2002,332.0,332.0,857.0,2581.0
4311239,Lagoa Bonita do Sul - RS,2003,400.0,400.0,1080.0,2700.0
4311239,Lagoa Bonita do Sul - RS,2004,600.0,600.0,1332.0,2220.0
4311239,Lagoa Bonita do Sul - RS,2005,852.0,782.0,391.0,500.0
4311239,Lagoa Bonita do Sul - RS,2006,850.0,850.0,1785.0,2100.0
4311239,Lagoa Bonita do Sul - RS,2007,850.0,850.0,2550.0,3000.0
4311239,Lagoa Bonita do Sul - RS,2008,900.0,900.0,2484.0,2760.0
4311239,Lagoa Bonita do Sul - RS,2009,1000.0,1000.0,2250.0,2250.0
4311239,Lagoa Bonita do Sul - RS,2010,900.0,900.0,2295.0,2550.0
4311239,Lagoa Bonita do Sul - RS,2011,900.0,900.0,2700.0,3000.0
4311239,Lagoa Bonita do Sul - RS,2012,950.0,950.0,2423.0,2551.0
4311239,Lagoa Bonita do Sul - RS,2013,950.0,950.0,2850.0,3000.0
4311239,Lagoa Bonita do Sul - RS,2014,1100.0,1100.0,3432.0,3120.0
4311239,Lagoa Bonita do Sul - RS,2015,1300.0,1300.0,3900.0,3000.0
4311239,Lagoa Bonita do Sul - RS,2016,1400.0,1400.0,4340.0,3100.0
4311239,Lagoa Bonita do Sul - RS,2017,1400.0,1400.0,5320.0,3800.0
4311239,Lagoa Bonita do Sul - RS,2018,1400.0,1400.0,4788.0,3420.0
4311239,Lagoa Bonita do Sul - RS,2019,1600.0,1600.0,5280.0,3300.0
4311239,Lagoa Bonita do Sul - RS,2020,1400.0,1400.0,2520.0,1800.0
4311239,Lagoa Bonita do Sul - RS,2021,1400.0,1400.0,4788.0,3420.0
4311239,Lagoa Bonita do Sul - RS,2022,1730.0,1730.0,3114.0,1800.0
4311239,Lagoa Bonita do Sul - RS,2023,1811.0,1811.0,3441.0,1900.0
4311239,Lagoa Bonita do Sul - RS,2024,1811.0,1811.0,4890.0,2700.0
4311239,Lagoa Bonita do Sul - RS,2025,1811.0,1811.0,5080.0,2805.0
4311304,Lagoa Vermelha - RS,2000,28000.0,28000.0,67200.0,2400.0
4311304,Lagoa Vermelha - RS,2001,18000.0,18000.0,41040.0,2280.0
4311304,Lagoa Vermelha - RS,2002,25000.0,25000.0,56500.0,2260.0
4311304,Lagoa Vermelha - RS,2003,28000.0,28000.0,77280.0,2760.0
4311304,Lagoa Vermelha - RS,2004,30000.0,30000.0,52650.0,1755.0
4311304,Lagoa Vermelha - RS,2005,34000.0,34000.0,32640.0,960.0
4311304,Lagoa Vermelha - RS,2006,34000.0,34000.0,95880.0,2820.0
4311304,Lagoa Vermelha - RS,2007,32000.0,32000.0,90240.0,2820.0
4311304,Lagoa Vermelha - RS,2008,34000.0,34000.0,73440.0,2160.0
4311304,Lagoa Vermelha - RS,2009,35000.0,35000.0,75600.0,2160.0
4311304,Lagoa Vermelha - RS,2010,38000.0,38000.0,120840.0,3180.0
4311304,Lagoa Vermelha - RS,2011,38000.0,38000.0,114000.0,3000.0
4311304,Lagoa Vermelha - RS,2012,37000.0,37000.0,94350.0,2550.0
4311304,Lagoa Vermelha - RS,2013,37000.0,37000.0,111000.0,3000.0
4311304,Lagoa Vermelha - RS,2014,40000.0,40000.0,132000.0,3300.0
4311304,Lagoa Vermelha - RS,2015,42500.0,42500.0,158100.0,3720.0
4311304,Lagoa Vermelha - RS,2016,46000.0,46000.0,165600.0,3600.0
4311304,Lagoa Vermelha - RS,2017,46000.0,46000.0,184000.0,4000.0
4311304,Lagoa Vermelha - RS,2018,46000.0,46000.0,165600.0,3600.0
4311304,Lagoa Vermelha - RS,2019,46000.0,46000.0,179400.0,3900.0
4311304,Lagoa Vermelha - RS,2020,46500.0,46500.0,106532.0,2291.0
4311304,Lagoa Vermelha - RS,2021,46500.0,46500.0,167400.0,3600.0
4311304,Lagoa Vermelha - RS,2022,47000.0,47000.0,112800.0,2400.0
4311304,Lagoa Vermelha - RS,2023,48000.0,48000.0,135360.0,2820.0
4311304,Lagoa Vermelha - RS,2024,49000.0,49000.0,176400.0,3600.0
4311304,Lagoa Vermelha - RS,2025,49000.0,49000.0,137592.0,2808.0
4311270,Lagoa dos Três Cantos - RS,2000,7500.0,7500.0,12750.0,1700.0
4311270,Lagoa dos Três Cantos - RS,2001,7500.0,7500.0,20250.0,2700.0
4311270,Lagoa dos Três Cantos - RS,2002,7900.0,7900.0,16590.0,2100.0
4311270,Lagoa dos Três Cantos - RS,2003,8200.0,8200.0,26076.0,3180.0
4311270,Lagoa dos Três Cantos - RS,2004,8600.0,8600.0,16512.0,1920.0
4311270,Lagoa dos Três Cantos - RS,2005,8600.0,8500.0,7650.0,900.0
4311270,Lagoa dos Três Cantos - RS,2006,8200.0,8200.0,23124.0,2820.0
4311270,Lagoa dos Três Cantos - RS,2007,8600.0,8600.0,24768.0,2880.0
4311270,Lagoa dos Três Cantos - RS,2008,8600.0,8600.0,23220.0,2700.0
4311270,Lagoa dos Três Cantos - RS,2009,8600.0,8600.0,23220.0,2700.0
4311270,Lagoa dos Três Cantos - RS,2010,8700.0,8700.0,26100.0,3000.0
4311270,Lagoa dos Três Cantos - RS,2011,9000.0,9000.0,27000.0,3000.0
4311270,Lagoa dos Três Cantos - RS,2012,8900.0,8900.0,18690.0,2100.0
4311270,Lagoa dos Três Cantos - RS,2013,9000.0,9000.0,30780.0,3420.0
4311270,Lagoa dos Três Cantos - RS,2014,9000.0,9000.0,24840.0,2760.0
4311270,Lagoa dos Três Cantos - RS,2015,9450.0,9450.0,34020.0,3600.0
4311270,Lagoa dos Três Cantos - RS,2016,9650.0,9650.0,36555.0,3788.0
4311270,Lagoa dos Três Cantos - RS,2017,9730.0,9730.0,38840.0,3992.0
4311270,Lagoa dos Três Cantos - RS,2018,9730.0,9730.0,38840.0,3992.0
4311270,Lagoa dos Três Cantos - RS,2019,9730.0,9730.0,35028.0,3600.0
4311270,Lagoa dos Três Cantos - RS,2020,9630.0,9630.0,11700.0,1215.0
4311270,Lagoa dos Três Cantos - RS,2021,9730.0,9730.0,38840.0,3992.0
4311270,Lagoa dos Três Cantos - RS,2022,9720.0,9720.0,14700.0,1512.0
4311270,Lagoa dos Três Cantos - RS,2023,9720.0,9720.0,14796.0,1522.0
4311270,Lagoa dos Três Cantos - RS,2024,9720.0,9720.0,40872.0,4205.0
4311270,Lagoa dos Três Cantos - RS,2025,9720.0,9720.0,27245.0,2803.0
4311254,Lagoão - RS,2000,,,,
4311254,Lagoão - RS,2001,,,,
4311254,Lagoão - RS,2002,,,,
4311254,Lagoão - RS,2003,200.0,200.0,240.0,1200.0
4311254,Lagoão - RS,2004,700.0,630.0,882.0,1400.0
4311254,Lagoão - RS,2005,1500.0,1400.0,1120.0,800.0
4311254,Lagoão - RS,2006,1500.0,1500.0,3150.0,2100.0
4311254,Lagoão - RS,2007,1500.0,1500.0,3600.0,2400.0
4311254,Lagoão - RS,2008,1600.0,1600.0,3840.0,2400.0
4311254,Lagoão - RS,2009,2000.0,2000.0,5100.0,2550.0
4311254,Lagoão - RS,2010,2200.0,2200.0,5610.0,2550.0
4311254,Lagoão - RS,2011,3000.0,3000.0,8100.0,2700.0
4311254,Lagoão - RS,2012,3300.0,3300.0,7920.0,2400.0
4311254,Lagoão - RS,2013,4000.0,4000.0,10800.0,2700.0
4311254,Lagoão - RS,2014,4500.0,4500.0,12150.0,2700.0
4311254,Lagoão - RS,2015,5000.0,5000.0,15000.0,3000.0
4311254,Lagoão - RS,2016,6000.0,6000.0,16920.0,2820.0
4311254,Lagoão - RS,2017,7000.0,7000.0,23100.0,3300.0
4311254,Lagoão - RS,2018,7500.0,7500.0,20250.0,2700.0
4311254,Lagoão - RS,2019,8000.0,8000.0,24000.0,3000.0
4311254,Lagoão - RS,2020,8200.0,8200.0,14760.0,1800.0
4311254,Lagoão - RS,2021,8200.0,8200.0,23288.0,2840.0
4311254,Lagoão - RS,2022,8200.0,8200.0,9020.0,1100.0
4311254,Lagoão - RS,2023,8500.0,8500.0,10200.0,1200.0
4311254,Lagoão - RS,2024,8500.0,7300.0,21900.0,3000.0
4311254,Lagoão - RS,2025,8600.0,8600.0,20640.0,2400.0
4311403,Lajeado - RS,2000,500.0,500.0,900.0,1800.0
4311403,Lajeado - RS,2001,120.0,120.0,108.0,900.0
4311403,Lajeado - RS,2002,150.0,150.0,257.0,1713.0
4311403,Lajeado - RS,2003,320.0,320.0,672.0,2100.0
4311403,Lajeado - RS,2004,350.0,350.0,331.0,945.0
4311403,Lajeado - RS,2005,380.0,342.0,164.0,479.0
4311403,Lajeado - RS,2006,350.0,350.0,441.0,1260.0
4311403,Lajeado - RS,2007,350.0,350.0,756.0,2160.0
4311403,Lajeado - RS,2008,300.0,300.0,720.0,2400.0
4311403,Lajeado - RS,2009,350.0,350.0,945.0,2700.0
4311403,Lajeado - RS,2010,400.0,350.0,945.0,2700.0
4311403,Lajeado - RS,2011,450.0,450.0,1485.0,3300.0
4311403,Lajeado - RS,2012,450.0,450.0,817.0,1816.0
4311403,Lajeado - RS,2013,500.0,500.0,1710.0,3420.0
4311403,Lajeado - RS,2014,525.0,525.0,1607.0,3061.0
4311403,Lajeado - RS,2015,500.0,500.0,1650.0,3300.0
4311403,Lajeado - RS,2016,500.0,500.0,1750.0,3500.0
4311403,Lajeado - RS,2017,500.0,500.0,1860.0,3720.0
4311403,Lajeado - RS,2018,500.0,500.0,1860.0,3720.0
4311403,Lajeado - RS,2019,600.0,600.0,1872.0,3120.0
4311403,Lajeado - RS,2020,600.0,600.0,921.0,1535.0
4311403,Lajeado - RS,2021,600.0,600.0,2448.0,4080.0
4311403,Lajeado - RS,2022,650.0,650.0,1365.0,2100.0
4311403,Lajeado - RS,2023,650.0,650.0,1755.0,2700.0
4311403,Lajeado - RS,2024,650.0,440.0,1188.0,2700.0
4311403,Lajeado - RS,2025,600.0,600.0,1260.0,2100.0
4311429,Lajeado do Bugre - RS,2000,3000.0,3000.0,4800.0,1600.0
4311429,Lajeado do Bugre - RS,2001,5000.0,5000.0,10000.0,2000.0
4311429,Lajeado do Bugre - RS,2002,3500.0,3500.0,3780.0,1080.0
4311429,Lajeado do Bugre - RS,2003,3500.0,3500.0,7350.0,2100.0
4311429,Lajeado do Bugre - RS,2004,4200.0,4200.0,3780.0,900.0
4311429,Lajeado do Bugre - RS,2005,4600.0,4600.0,2208.0,480.0
4311429,Lajeado do Bugre - RS,2006,3600.0,3600.0,6120.0,1700.0
4311429,Lajeado do Bugre - RS,2007,3000.0,3000.0,7200.0,2400.0
4311429,Lajeado do Bugre - RS,2008,3100.0,3100.0,7440.0,2400.0
4311429,Lajeado do Bugre - RS,2009,2500.0,2400.0,3456.0,1440.0
4311429,Lajeado do Bugre - RS,2010,3000.0,3000.0,7200.0,2400.0
4311429,Lajeado do Bugre - RS,2011,3000.0,3000.0,9000.0,3000.0
4311429,Lajeado do Bugre - RS,2012,3000.0,3000.0,3600.0,1200.0
4311429,Lajeado do Bugre - RS,2013,3500.0,3500.0,10500.0,3000.0
4311429,Lajeado do Bugre - RS,2014,3000.0,3000.0,9000.0,3000.0
4311429,Lajeado do Bugre - RS,2015,3000.0,3000.0,9900.0,3300.0
4311429,Lajeado do Bugre - RS,2016,3000.0,3000.0,10500.0,3500.0
4311429,Lajeado do Bugre - RS,2017,3000.0,3000.0,9600.0,3200.0
4311429,Lajeado do Bugre - RS,2018,3000.0,3000.0,9600.0,3200.0
4311429,Lajeado do Bugre - RS,2019,3000.0,3000.0,10800.0,3600.0
4311429,Lajeado do Bugre - RS,2020,3000.0,3000.0,9000.0,3000.0
4311429,Lajeado do Bugre - RS,2021,3000.0,3000.0,10800.0,3600.0
4311429,Lajeado do Bugre - RS,2022,3000.0,3000.0,4500.0,1500.0
4311429,Lajeado do Bugre - RS,2023,3000.0,3000.0,6240.0,2080.0
4311429,Lajeado do Bugre - RS,2024,3000.0,3000.0,8850.0,2950.0
4311429,Lajeado do Bugre - RS,2025,3000.0,3000.0,6300.0,2100.0
4311502,Lavras do Sul - RS,2000,600.0,600.0,660.0,1100.0
4311502,Lavras do Sul - RS,2001,600.0,600.0,660.0,1100.0
4311502,Lavras do Sul - RS,2002,2500.0,2500.0,2750.0,1100.0
4311502,Lavras do Sul - RS,2003,3000.0,3000.0,3300.0,1100.0
4311502,Lavras do Sul - RS,2004,6000.0,6000.0,7560.0,1260.0
4311502,Lavras do Sul - RS,2005,8000.0,8000.0,12480.0,1560.0
4311502,Lavras do Sul - RS,2006,8500.0,8500.0,7650.0,900.0
4311502,Lavras do Sul - RS,2007,8500.0,8500.0,17850.0,2100.0
4311502,Lavras do Sul - RS,2008,8500.0,8500.0,19380.0,2280.0
4311502,Lavras do Sul - RS,2009,8500.0,8500.0,19380.0,2280.0
4311502,Lavras do Sul - RS,2010,8500.0,8500.0,19380.0,2280.0
4311502,Lavras do Sul - RS,2011,6500.0,6500.0,14528.0,2235.0
4311502,Lavras do Sul - RS,2012,8000.0,8000.0,12432.0,1554.0
4311502,Lavras do Sul - RS,2013,10000.0,10000.0,27500.0,2750.0
4311502,Lavras do Sul - RS,2014,12000.0,12000.0,32400.0,2700.0
4311502,Lavras do Sul - RS,2015,18000.0,18000.0,48600.0,2700.0
4311502,Lavras do Sul - RS,2016,20000.0,20000.0,54840.0,2742.0
4311502,Lavras do Sul - RS,2017,20000.0,20000.0,54000.0,2700.0
4311502,Lavras do Sul - RS,2018,20000.0,18000.0,51516.0,2862.0
4311502,Lavras do Sul - RS,2019,25000.0,25000.0,60750.0,2430.0
4311502,Lavras do Sul - RS,2020,25000.0,25000.0,31500.0,1260.0
4311502,Lavras do Sul - RS,2021,35000.0,35000.0,113400.0,3240.0
4311502,Lavras do Sul - RS,2022,35000.0,35000.0,67200.0,1920.0
4311502,Lavras do Sul - RS,2023,45000.0,45000.0,74250.0,1650.0
4311502,Lavras do Sul - RS,2024,50000.0,50000.0,72300.0,1446.0
4311502,Lavras do Sul - RS,2025,62000.0,62000.0,86800.0,1400.0
4311601,Liberato Salzano - RS,2000,6000.0,6000.0,7200.0,1200.0
4311601,Liberato Salzano - RS,2001,5000.0,5000.0,10000.0,2000.0
4311601,Liberato Salzano - RS,2002,5500.0,5500.0,6930.0,1260.0
4311601,Liberato Salzano - RS,2003,5500.0,5500.0,11550.0,2100.0
4311601,Liberato Salzano - RS,2004,5500.0,5500.0,3465.0,630.0
4311601,Liberato Salzano - RS,2005,5500.0,5500.0,578.0,105.0
4311601,Liberato Salzano - RS,2006,5000.0,5000.0,10500.0,2100.0
4311601,Liberato Salzano - RS,2007,5000.0,5000.0,15000.0,3000.0
4311601,Liberato Salzano - RS,2008,5000.0,5000.0,3150.0,630.0
4311601,Liberato Salzano - RS,2009,4500.0,4500.0,6480.0,1440.0
4311601,Liberato Salzano - RS,2010,3500.0,3500.0,8400.0,2400.0
4311601,Liberato Salzano - RS,2011,4500.0,4500.0,12150.0,2700.0
4311601,Liberato Salzano - RS,2012,5000.0,5000.0,3600.0,720.0
4311601,Liberato Salzano - RS,2013,5000.0,5000.0,15000.0,3000.0
4311601,Liberato Salzano - RS,2014,5000.0,5000.0,9000.0,1800.0
4311601,Liberato Salzano - RS,2015,5000.0,5000.0,15000.0,3000.0
4311601,Liberato Salzano - RS,2016,6000.0,6000.0,18000.0,3000.0
4311601,Liberato Salzano - RS,2017,5500.0,5500.0,16500.0,3000.0
4311601,Liberato Salzano - RS,2018,6300.0,6300.0,18900.0,3000.0
4311601,Liberato Salzano - RS,2019,6600.0,6600.0,21780.0,3300.0
4311601,Liberato Salzano - RS,2020,6800.0,6800.0,16320.0,2400.0
4311601,Liberato Salzano - RS,2021,6800.0,6800.0,24480.0,3600.0
4311601,Liberato Salzano - RS,2022,7700.0,7700.0,9240.0,1200.0
4311601,Liberato Salzano - RS,2023,7700.0,7700.0,18480.0,2400.0
4311601,Liberato Salzano - RS,2024,7450.0,7450.0,19500.0,2617.0
4311601,Liberato Salzano - RS,2025,8200.0,8200.0,13940.0,1700.0
4311627,Lindolfo Collor - RS,2000,,,,
4311627,Lindolfo Collor - RS,2001,,,,
4311627,Lindolfo Collor - RS,2002,,,,
4311627,Lindolfo Collor - RS,2003,,,,
4311627,Lindolfo Collor - RS,2004,,,,
4311627,Lindolfo Collor - RS,2005,,,,
4311627,Lindolfo Collor - RS,2006,,,,
4311627,Lindolfo Collor - RS,2007,,,,
4311627,Lindolfo Collor - RS,2008,,,,
4311627,Lindolfo Collor - RS,2009,,,,
4311627,Lindolfo Collor - RS,2010,,,,
4311627,Lindolfo Collor - RS,2011,,,,
4311627,Lindolfo Collor - RS,2012,,,,
4311627,Lindolfo Collor - RS,2013,,,,
4311627,Lindolfo Collor - RS,2014,,,,
4311627,Lindolfo Collor - RS,2015,,,,
4311627,Lindolfo Collor - RS,2016,,,,
4311627,Lindolfo Collor - RS,2017,,,,
4311627,Lindolfo Collor - RS,2018,,,,
4311627,Lindolfo Collor - RS,2019,,,,
4311627,Lindolfo Collor - RS,2020,,,,
4311627,Lindolfo Collor - RS,2021,,,,
4311627,Lindolfo Collor - RS,2022,,,,
4311627,Lindolfo Collor - RS,2023,,,,
4311627,Lindolfo Collor - RS,2024,,,,
4311627,Lindolfo Collor - RS,2025,,,,
4311643,Linha Nova - RS,2000,2.0,2.0,3.0,1500.0
4311643,Linha Nova - RS,2001,2.0,2.0,3.0,1500.0
4311643,Linha Nova - RS,2002,2.0,2.0,3.0,1500.0
4311643,Linha Nova - RS,2003,,,,
4311643,Linha Nova - RS,2004,,,,
4311643,Linha Nova - RS,2005,,,,
4311643,Linha Nova - RS,2006,,,,
4311643,Linha Nova - RS,2007,,,,
4311643,Linha Nova - RS,2008,,,,
4311643,Linha Nova - RS,2009,,,,
4311643,Linha Nova - RS,2010,,,,
4311643,Linha Nova - RS,2011,,,,
4311643,Linha Nova - RS,2012,,,,
4311643,Linha Nova - RS,2013,,,,
4311643,Linha Nova - RS,2014,,,,
4311643,Linha Nova - RS,2015,,,,
4311643,Linha Nova - RS,2016,,,,
4311643,Linha Nova - RS,2017,,,,
4311643,Linha Nova - RS,2018,,,,
4311643,Linha Nova - RS,2019,,,,
4311643,Linha Nova - RS,2020,,,,
4311643,Linha Nova - RS,2021,,,,
4311643,Linha Nova - RS,2022,,,,
4311643,Linha Nova - RS,2023,,,,
4311643,Linha Nova - RS,2024,,,,
4311643,Linha Nova - RS,2025,,,,
4311700,Machadinho - RS,2000,5000.0,5000.0,9500.0,1900.0
4311700,Machadinho - RS,2001,5000.0,5000.0,13500.0,2700.0
4311700,Machadinho - RS,2002,6000.0,6000.0,10800.0,1800.0
4311700,Machadinho - RS,2003,6500.0,6500.0,13104.0,2016.0
4311700,Machadinho - RS,2004,8500.0,8500.0,13260.0,1560.0
4311700,Machadinho - RS,2005,9300.0,8555.0,5082.0,594.0
4311700,Machadinho - RS,2006,9500.0,9500.0,23085.0,2430.0
4311700,Machadinho - RS,2007,10000.0,10000.0,33000.0,3300.0
4311700,Machadinho - RS,2008,9800.0,9800.0,20815.0,2123.0
4311700,Machadinho - RS,2009,10000.0,10000.0,18000.0,1800.0
4311700,Machadinho - RS,2010,10800.0,10800.0,38880.0,3600.0
4311700,Machadinho - RS,2011,11000.0,11000.0,36300.0,3300.0
4311700,Machadinho - RS,2012,10800.0,10800.0,21060.0,1950.0
4311700,Machadinho - RS,2013,11000.0,11000.0,26983.0,2453.0
4311700,Machadinho - RS,2014,11200.0,11200.0,37083.0,3311.0
4311700,Machadinho - RS,2015,11500.0,11500.0,35880.0,3120.0
4311700,Machadinho - RS,2016,11700.0,11700.0,43524.0,3720.0
4311700,Machadinho - RS,2017,11700.0,11700.0,47034.0,4020.0
4311700,Machadinho - RS,2018,11800.0,11800.0,46728.0,3960.0
4311700,Machadinho - RS,2019,12000.0,12000.0,45360.0,3780.0
4311700,Machadinho - RS,2020,12000.0,12000.0,34320.0,2860.0
4311700,Machadinho - RS,2021,12000.0,12000.0,46560.0,3880.0
4311700,Machadinho - RS,2022,12500.0,12500.0,22500.0,1800.0
4311700,Machadinho - RS,2023,12500.0,12500.0,47500.0,3800.0
4311700,Machadinho - RS,2024,12600.0,12600.0,39010.0,3096.0
4311700,Machadinho - RS,2025,12600.0,12600.0,36288.0,2880.0
4311734,Mampituba - RS,2000,,,,
4311734,Mampituba - RS,2001,,,,
4311734,Mampituba - RS,2002,,,,
4311734,Mampituba - RS,2003,,,,
4311734,Mampituba - RS,2004,,,,
4311734,Mampituba - RS,2005,,,,
4311734,Mampituba - RS,2006,,,,
4311734,Mampituba - RS,2007,,,,
4311734,Mampituba - RS,2008,,,,
4311734,Mampituba - RS,2009,,,,
4311734,Mampituba - RS,2010,,,,
4311734,Mampituba - RS,2011,,,,
4311734,Mampituba - RS,2012,,,,
4311734,Mampituba - RS,2013,,,,
4311734,Mampituba - RS,2014,,,,
4311734,Mampituba - RS,2015,,,,
4311734,Mampituba - RS,2016,,,,
4311734,Mampituba - RS,2017,,,,
4311734,Mampituba - RS,2018,,,,
4311734,Mampituba - RS,2019,,,,
4311734,Mampituba - RS,2020,,,,
4311734,Mampituba - RS,2021,,,,
4311734,Mampituba - RS,2022,,,,
4311734,Mampituba - RS,2023,,,,
4311734,Mampituba - RS,2024,,,,
4311734,Mampituba - RS,2025,,,,
4311759,Manoel Viana - RS,2000,10000.0,6000.0,7800.0,1300.0
4311759,Manoel Viana - RS,2001,9000.0,9000.0,24480.0,2720.0
4311759,Manoel Viana - RS,2002,13000.0,13000.0,35360.0,2720.0
4311759,Manoel Viana - RS,2003,13500.0,13500.0,46980.0,3480.0
4311759,Manoel Viana - RS,2004,25000.0,25000.0,28750.0,1150.0
4311759,Manoel Viana - RS,2005,28000.0,28000.0,20160.0,720.0
4311759,Manoel Viana - RS,2006,30000.0,30000.0,27000.0,900.0
4311759,Manoel Viana - RS,2007,27000.0,27000.0,51840.0,1920.0
4311759,Manoel Viana - RS,2008,25000.0,25000.0,52500.0,2100.0
4311759,Manoel Viana - RS,2009,23000.0,23000.0,32200.0,1400.0
4311759,Manoel Viana - RS,2010,22000.0,22000.0,48840.0,2220.0
4311759,Manoel Viana - RS,2011,23000.0,23000.0,59800.0,2600.0
4311759,Manoel Viana - RS,2012,25000.0,25000.0,21000.0,840.0
4311759,Manoel Viana - RS,2013,25000.0,25000.0,67500.0,2700.0
4311759,Manoel Viana - RS,2014,30000.0,30000.0,57600.0,1920.0
4311759,Manoel Viana - RS,2015,35000.0,35000.0,94500.0,2700.0
4311759,Manoel Viana - RS,2016,35000.0,35000.0,84000.0,2400.0
4311759,Manoel Viana - RS,2017,38000.0,38000.0,114000.0,3000.0
4311759,Manoel Viana - RS,2018,40000.0,40000.0,112000.0,2800.0
4311759,Manoel Viana - RS,2019,42000.0,42000.0,117600.0,2800.0
4311759,Manoel Viana - RS,2020,45000.0,45000.0,67500.0,1500.0
4311759,Manoel Viana - RS,2021,46000.0,46000.0,138000.0,3000.0
4311759,Manoel Viana - RS,2022,50000.0,50000.0,45000.0,900.0
4311759,Manoel Viana - RS,2023,53000.0,53000.0,38160.0,720.0
4311759,Manoel Viana - RS,2024,55000.0,55000.0,138600.0,2520.0
4311759,Manoel Viana - RS,2025,58000.0,58000.0,73200.0,1262.0
4311775,Maquiné - RS,2000,,,,
4311775,Maquiné - RS,2001,,,,
4311775,Maquiné - RS,2002,,,,
4311775,Maquiné - RS,2003,,,,
4311775,Maquiné - RS,2004,,,,
4311775,Maquiné - RS,2005,,,,
4311775,Maquiné - RS,2006,,,,
4311775,Maquiné - RS,2007,,,,
4311775,Maquiné - RS,2008,,,,
4311775,Maquiné - RS,2009,,,,
4311775,Maquiné - RS,2010,,,,
4311775,Maquiné - RS,2011,,,,
4311775,Maquiné - RS,2012,,,,
4311775,Maquiné - RS,2013,,,,
4311775,Maquiné - RS,2014,,,,
4311775,Maquiné - RS,2015,,,,
4311775,Maquiné - RS,2016,,,,
4311775,Maquiné - RS,2017,,,,
4311775,Maquiné - RS,2018,,,,
4311775,Maquiné - RS,2019,,,,
4311775,Maquiné - RS,2020,,,,
4311775,Maquiné - RS,2021,,,,
4311775,Maquiné - RS,2022,,,,
4311775,Maquiné - RS,2023,150.0,150.0,375.0,2500.0
4311775,Maquiné - RS,2024,150.0,150.0,375.0,2500.0
4311775,Maquiné - RS,2025,,,,
4311791,Maratá - RS,2000,16.0,16.0,22.0,1375.0
4311791,Maratá - RS,2001,16.0,16.0,22.0,1375.0
4311791,Maratá - RS,2002,16.0,16.0,22.0,1375.0
4311791,Maratá - RS,2003,16.0,16.0,22.0,1375.0
4311791,Maratá - RS,2004,16.0,16.0,19.0,1187.0
4311791,Maratá - RS,2005,16.0,16.0,16.0,1000.0
4311791,Maratá - RS,2006,16.0,16.0,22.0,1375.0
4311791,Maratá - RS,2007,,,,
4311791,Maratá - RS,2008,,,,
4311791,Maratá - RS,2009,,,,
4311791,Maratá - RS,2010,,,,
4311791,Maratá - RS,2011,,,,
4311791,Maratá - RS,2012,,,,
4311791,Maratá - RS,2013,,,,
4311791,Maratá - RS,2014,,,,
4311791,Maratá - RS,2015,,,,
4311791,Maratá - RS,2016,,,,
4311791,Maratá - RS,2017,,,,
4311791,Maratá - RS,2018,,,,
4311791,Maratá - RS,2019,,,,
4311791,Maratá - RS,2020,,,,
4311791,Maratá - RS,2021,,,,
4311791,Maratá - RS,2022,,,,
4311791,Maratá - RS,2023,,,,
4311791,Maratá - RS,2024,,,,
4311791,Maratá - RS,2025,7.0,7.0,21.0,3000.0
4311809,Marau - RS,2000,25000.0,25000.0,52250.0,2090.0
4311809,Marau - RS,2001,25000.0,25000.0,60000.0,2400.0
4311809,Marau - RS,2002,29000.0,29000.0,69600.0,2400.0
4311809,Marau - RS,2003,30000.0,30000.0,90000.0,3000.0
4311809,Marau - RS,2004,32000.0,32000.0,67200.0,2100.0
4311809,Marau - RS,2005,33000.0,28050.0,7910.0,281.0
4311809,Marau - RS,2006,32500.0,32500.0,70200.0,2160.0
4311809,Marau - RS,2007,33500.0,33500.0,104520.0,3120.0
4311809,Marau - RS,2008,33500.0,33500.0,70350.0,2100.0
4311809,Marau - RS,2009,34000.0,34000.0,78200.0,2300.0
4311809,Marau - RS,2010,35000.0,35000.0,105000.0,3000.0
4311809,Marau - RS,2011,36000.0,36000.0,108000.0,3000.0
4311809,Marau - RS,2012,36000.0,36000.0,64800.0,1800.0
4311809,Marau - RS,2013,37000.0,37000.0,122100.0,3300.0
4311809,Marau - RS,2014,38000.0,38000.0,109440.0,2880.0
4311809,Marau - RS,2015,39000.0,39000.0,147420.0,3780.0
4311809,Marau - RS,2016,39000.0,39000.0,128700.0,3300.0
4311809,Marau - RS,2017,39000.0,39000.0,152100.0,3900.0
4311809,Marau - RS,2018,39500.0,39500.0,139830.0,3540.0
4311809,Marau - RS,2019,39500.0,39500.0,144570.0,3660.0
4311809,Marau - RS,2020,39500.0,39500.0,86742.0,2196.0
4311809,Marau - RS,2021,39500.0,39500.0,154050.0,3900.0
4311809,Marau - RS,2022,39500.0,39500.0,71100.0,1800.0
4311809,Marau - RS,2023,39500.0,39500.0,94998.0,2405.0
4311809,Marau - RS,2024,39500.0,39500.0,118500.0,3000.0
4311809,Marau - RS,2025,40500.0,40500.0,121500.0,3000.0
4311908,Marcelino Ramos - RS,2000,1500.0,1500.0,1800.0,1200.0
4311908,Marcelino Ramos - RS,2001,1500.0,1500.0,1800.0,1200.0
4311908,Marcelino Ramos - RS,2002,1500.0,1500.0,1080.0,720.0
4311908,Marcelino Ramos - RS,2003,1500.0,1500.0,3150.0,2100.0
4311908,Marcelino Ramos - RS,2004,2000.0,2000.0,3600.0,1800.0
4311908,Marcelino Ramos - RS,2005,2000.0,2000.0,900.0,450.0
4311908,Marcelino Ramos - RS,2006,2000.0,2000.0,3600.0,1800.0
4311908,Marcelino Ramos - RS,2007,2000.0,2000.0,4800.0,2400.0
4311908,Marcelino Ramos - RS,2008,2000.0,2000.0,4800.0,2400.0
4311908,Marcelino Ramos - RS,2009,2000.0,2000.0,4000.0,2000.0
4311908,Marcelino Ramos - RS,2010,2000.0,2000.0,6600.0,3300.0
4311908,Marcelino Ramos - RS,2011,1800.0,1800.0,6264.0,3480.0
4311908,Marcelino Ramos - RS,2012,1800.0,1793.0,3800.0,2119.0
4311908,Marcelino Ramos - RS,2013,2100.0,2100.0,5418.0,2580.0
4311908,Marcelino Ramos - RS,2014,2000.0,2000.0,5040.0,2520.0
4311908,Marcelino Ramos - RS,2015,2300.0,2300.0,7590.0,3300.0
4311908,Marcelino Ramos - RS,2016,2700.0,2700.0,8910.0,3300.0
4311908,Marcelino Ramos - RS,2017,2750.0,2750.0,9900.0,3600.0
4311908,Marcelino Ramos - RS,2018,2750.0,2750.0,9075.0,3300.0
4311908,Marcelino Ramos - RS,2019,3100.0,3100.0,11160.0,3600.0
4311908,Marcelino Ramos - RS,2020,3100.0,3100.0,10230.0,3300.0
4311908,Marcelino Ramos - RS,2021,3100.0,3100.0,9300.0,3000.0
4311908,Marcelino Ramos - RS,2022,3800.0,3800.0,6080.0,1600.0
4311908,Marcelino Ramos - RS,2023,3800.0,3800.0,10260.0,2700.0
4311908,Marcelino Ramos - RS,2024,5500.0,5500.0,16500.0,3000.0
4311908,Marcelino Ramos - RS,2025,6100.0,6100.0,12810.0,2100.0
4311981,Mariana Pimentel - RS,2000,,,,
4311981,Mariana Pimentel - RS,2001,,,,
4311981,Mariana Pimentel - RS,2002,,,,
4311981,Mariana Pimentel - RS,2003,,,,
4311981,Mariana Pimentel - RS,2004,,,,
4311981,Mariana Pimentel - RS,2005,,,,
4311981,Mariana Pimentel - RS,2006,,,,
4311981,Mariana Pimentel - RS,2007,,,,
4311981,Mariana Pimentel - RS,2008,,,,
4311981,Mariana Pimentel - RS,2009,,,,
4311981,Mariana Pimentel - RS,2010,,,,
4311981,Mariana Pimentel - RS,2011,,,,
4311981,Mariana Pimentel - RS,2012,,,,
4311981,Mariana Pimentel - RS,2013,,,,
4311981,Mariana Pimentel - RS,2014,,,,
4311981,Mariana Pimentel - RS,2015,400.0,400.0,960.0,2400.0
4311981,Mariana Pimentel - RS,2016,100.0,100.0,240.0,2400.0
4311981,Mariana Pimentel - RS,2017,200.0,200.0,480.0,2400.0
4311981,Mariana Pimentel - RS,2018,,,,
4311981,Mariana Pimentel - RS,2019,,,,
4311981,Mariana Pimentel - RS,2020,,,,
4311981,Mariana Pimentel - RS,2021,,,,
4311981,Mariana Pimentel - RS,2022,700.0,700.0,1764.0,2520.0
4311981,Mariana Pimentel - RS,2023,1000.0,1000.0,2100.0,2100.0
4311981,Mariana Pimentel - RS,2024,1000.0,200.0,600.0,3000.0
4311981,Mariana Pimentel - RS,2025,950.0,950.0,1568.0,1651.0
4312005,Mariano Moro - RS,2000,5.0,5.0,4.0,800.0
4312005,Mariano Moro - RS,2001,10.0,10.0,12.0,1200.0
4312005,Mariano Moro - RS,2002,15.0,15.0,14.0,933.0
4312005,Mariano Moro - RS,2003,15.0,15.0,18.0,1200.0
4312005,Mariano Moro - RS,2004,150.0,150.0,180.0,1200.0
4312005,Mariano Moro - RS,2005,200.0,200.0,80.0,400.0
4312005,Mariano Moro - RS,2006,150.0,150.0,135.0,900.0
4312005,Mariano Moro - RS,2007,30.0,30.0,36.0,1200.0
4312005,Mariano Moro - RS,2008,50.0,50.0,75.0,1500.0
4312005,Mariano Moro - RS,2009,120.0,120.0,180.0,1500.0
4312005,Mariano Moro - RS,2010,150.0,150.0,300.0,2000.0
4312005,Mariano Moro - RS,2011,100.0,100.0,240.0,2400.0
4312005,Mariano Moro - RS,2012,60.0,60.0,79.0,1317.0
4312005,Mariano Moro - RS,2013,50.0,50.0,90.0,1800.0
4312005,Mariano Moro - RS,2014,70.0,70.0,168.0,2400.0
4312005,Mariano Moro - RS,2015,150.0,150.0,450.0,3000.0
4312005,Mariano Moro - RS,2016,800.0,800.0,2400.0,3000.0
4312005,Mariano Moro - RS,2017,800.0,800.0,2640.0,3300.0
4312005,Mariano Moro - RS,2018,1380.0,1380.0,4968.0,3600.0
4312005,Mariano Moro - RS,2019,1380.0,1380.0,4306.0,3120.0
4312005,Mariano Moro - RS,2020,1380.0,1380.0,3146.0,2280.0
4312005,Mariano Moro - RS,2021,1450.0,1450.0,3132.0,2160.0
4312005,Mariano Moro - RS,2022,1600.0,1600.0,3072.0,1920.0
4312005,Mariano Moro - RS,2023,1700.0,1700.0,3570.0,2100.0
4312005,Mariano Moro - RS,2024,1800.0,1800.0,6480.0,3600.0
4312005,Mariano Moro - RS,2025,1850.0,1850.0,5550.0,3000.0
4312054,Marques de Souza - RS,2000,150.0,150.0,360.0,2400.0
4312054,Marques de Souza - RS,2001,50.0,50.0,90.0,1800.0
4312054,Marques de Souza - RS,2002,50.0,50.0,90.0,1800.0
4312054,Marques de Souza - RS,2003,80.0,80.0,144.0,1800.0
4312054,Marques de Souza - RS,2004,150.0,150.0,236.0,1573.0
4312054,Marques de Souza - RS,2005,300.0,300.0,180.0,600.0
4312054,Marques de Souza - RS,2006,300.0,300.0,523.0,1743.0
4312054,Marques de Souza - RS,2007,100.0,100.0,174.0,1740.0
4312054,Marques de Souza - RS,2008,100.0,100.0,180.0,1800.0
4312054,Marques de Souza - RS,2009,110.0,110.0,297.0,2700.0
4312054,Marques de Souza - RS,2010,200.0,100.0,240.0,2400.0
4312054,Marques de Souza - RS,2011,200.0,200.0,600.0,3000.0
4312054,Marques de Souza - RS,2012,180.0,180.0,378.0,2100.0
4312054,Marques de Souza - RS,2013,200.0,200.0,700.0,3500.0
4312054,Marques de Souza - RS,2014,200.0,200.0,560.0,2800.0
4312054,Marques de Souza - RS,2015,200.0,200.0,700.0,3500.0
4312054,Marques de Souza - RS,2016,300.0,300.0,1050.0,3500.0
4312054,Marques de Souza - RS,2017,300.0,300.0,1050.0,3500.0
4312054,Marques de Souza - RS,2018,300.0,300.0,1050.0,3500.0
4312054,Marques de Souza - RS,2019,360.0,360.0,1260.0,3500.0
4312054,Marques de Souza - RS,2020,360.0,360.0,630.0,1750.0
4312054,Marques de Souza - RS,2021,360.0,360.0,1260.0,3500.0
4312054,Marques de Souza - RS,2022,360.0,360.0,828.0,2300.0
4312054,Marques de Souza - RS,2023,360.0,360.0,1008.0,2800.0
4312054,Marques de Souza - RS,2024,360.0,360.0,882.0,2450.0
4312054,Marques de Souza - RS,2025,360.0,360.0,882.0,2450.0
4312104,Mata - RS,2000,600.0,600.0,900.0,1500.0
4312104,Mata - RS,2001,600.0,600.0,720.0,1200.0
4312104,Mata - RS,2002,600.0,600.0,504.0,840.0
4312104,Mata - RS,2003,600.0,600.0,900.0,1500.0
4312104,Mata - RS,2004,600.0,600.0,702.0,1170.0
4312104,Mata - RS,2005,600.0,600.0,432.0,720.0
4312104,Mata - RS,2006,900.0,900.0,2160.0,2400.0
4312104,Mata - RS,2007,900.0,900.0,2160.0,2400.0
4312104,Mata - RS,2008,900.0,900.0,1800.0,2000.0
4312104,Mata - RS,2009,900.0,900.0,1890.0,2100.0
4312104,Mata - RS,2010,700.0,700.0,1176.0,1680.0
4312104,Mata - RS,2011,700.0,700.0,1680.0,2400.0
4312104,Mata - RS,2012,1200.0,1200.0,1944.0,1620.0
4312104,Mata - RS,2013,1500.0,1500.0,4050.0,2700.0
4312104,Mata - RS,2014,2000.0,2000.0,5400.0,2700.0
4312104,Mata - RS,2015,2000.0,2000.0,5264.0,2632.0
4312104,Mata - RS,2016,2200.0,2200.0,5280.0,2400.0
4312104,Mata - RS,2017,2400.0,2400.0,7200.0,3000.0
4312104,Mata - RS,2018,3000.0,3000.0,9000.0,3000.0
4312104,Mata - RS,2019,2650.0,2650.0,6360.0,2400.0
4312104,Mata - RS,2020,3000.0,3000.0,3723.0,1241.0
4312104,Mata - RS,2021,3102.0,3102.0,9306.0,3000.0
4312104,Mata - RS,2022,3300.0,3300.0,1980.0,600.0
4312104,Mata - RS,2023,3400.0,3400.0,3060.0,900.0
4312104,Mata - RS,2024,3500.0,3500.0,10500.0,3000.0
4312104,Mata - RS,2025,3500.0,3500.0,2100.0,600.0
4312138,Mato Castelhano - RS,2000,12950.0,12950.0,25900.0,2000.0
4312138,Mato Castelhano - RS,2001,12800.0,12800.0,34560.0,2700.0
4312138,Mato Castelhano - RS,2002,13800.0,13800.0,32292.0,2340.0
4312138,Mato Castelhano - RS,2003,13800.0,13800.0,37260.0,2700.0
4312138,Mato Castelhano - RS,2004,14500.0,14500.0,26100.0,1800.0
4312138,Mato Castelhano - RS,2005,14550.0,13386.0,8032.0,600.0
4312138,Mato Castelhano - RS,2006,13500.0,13500.0,32400.0,2400.0
4312138,Mato Castelhano - RS,2007,13500.0,13500.0,38880.0,2880.0
4312138,Mato Castelhano - RS,2008,13950.0,13950.0,33480.0,2400.0
4312138,Mato Castelhano - RS,2009,14000.0,14000.0,28560.0,2040.0
4312138,Mato Castelhano - RS,2010,15000.0,15000.0,45000.0,3000.0
4312138,Mato Castelhano - RS,2011,15200.0,15200.0,52896.0,3480.0
4312138,Mato Castelhano - RS,2012,16000.0,16000.0,42240.0,2640.0
4312138,Mato Castelhano - RS,2013,16500.0,16500.0,53460.0,3240.0
4312138,Mato Castelhano - RS,2014,17000.0,17000.0,55080.0,3240.0
4312138,Mato Castelhano - RS,2015,17600.0,17600.0,68640.0,3900.0
4312138,Mato Castelhano - RS,2016,14000.0,14000.0,50400.0,3600.0
4312138,Mato Castelhano - RS,2017,11000.0,11000.0,36000.0,3273.0
4312138,Mato Castelhano - RS,2018,14000.0,14000.0,45150.0,3225.0
4312138,Mato Castelhano - RS,2019,11000.0,11000.0,35475.0,3225.0
4312138,Mato Castelhano - RS,2020,11000.0,11000.0,37026.0,3366.0
4312138,Mato Castelhano - RS,2021,11000.0,11000.0,36168.0,3288.0
4312138,Mato Castelhano - RS,2022,11000.0,11000.0,13200.0,1200.0
4312138,Mato Castelhano - RS,2023,11000.0,11000.0,21120.0,1920.0
4312138,Mato Castelhano - RS,2024,11000.0,11000.0,36630.0,3330.0
4312138,Mato Castelhano - RS,2025,11000.0,11000.0,23100.0,2100.0
4312153,Mato Leitão - RS,2000,30.0,30.0,43.0,1433.0
4312153,Mato Leitão - RS,2001,30.0,30.0,43.0,1433.0
4312153,Mato Leitão - RS,2002,51.0,51.0,107.0,2098.0
4312153,Mato Leitão - RS,2003,70.0,70.0,147.0,2100.0
4312153,Mato Leitão - RS,2004,100.0,100.0,126.0,1260.0
4312153,Mato Leitão - RS,2005,100.0,,,
4312153,Mato Leitão - RS,2006,100.0,100.0,120.0,1200.0
4312153,Mato Leitão - RS,2007,100.0,100.0,120.0,1200.0
4312153,Mato Leitão - RS,2008,70.0,70.0,160.0,2285.0
4312153,Mato Leitão - RS,2009,70.0,70.0,189.0,2700.0
4312153,Mato Leitão - RS,2010,70.0,70.0,231.0,3300.0
4312153,Mato Leitão - RS,2011,120.0,120.0,336.0,2800.0
4312153,Mato Leitão - RS,2012,120.0,120.0,240.0,2000.0
4312153,Mato Leitão - RS,2013,170.0,170.0,561.0,3300.0
4312153,Mato Leitão - RS,2014,400.0,400.0,1200.0,3000.0
4312153,Mato Leitão - RS,2015,250.0,250.0,825.0,3300.0
4312153,Mato Leitão - RS,2016,450.0,450.0,1485.0,3300.0
4312153,Mato Leitão - RS,2017,450.0,450.0,1620.0,3600.0
4312153,Mato Leitão - RS,2018,500.0,500.0,1500.0,3000.0
4312153,Mato Leitão - RS,2019,600.0,600.0,2160.0,3600.0
4312153,Mato Leitão - RS,2020,600.0,600.0,720.0,1200.0
4312153,Mato Leitão - RS,2021,600.0,600.0,2340.0,3900.0
4312153,Mato Leitão - RS,2022,700.0,700.0,840.0,1200.0
4312153,Mato Leitão - RS,2023,700.0,700.0,2520.0,3600.0
4312153,Mato Leitão - RS,2024,700.0,630.0,2268.0,3600.0
4312153,Mato Leitão - RS,2025,700.0,700.0,1400.0,2000.0
4312179,Mato Queimado - RS,2000,,,,
4312179,Mato Queimado - RS,2001,5800.0,5800.0,11484.0,1980.0
4312179,Mato Queimado - RS,2002,6200.0,6200.0,6820.0,1100.0
4312179,Mato Queimado - RS,2003,6400.0,6400.0,15360.0,2400.0
4312179,Mato Queimado - RS,2004,6000.0,6000.0,3240.0,540.0
4312179,Mato Queimado - RS,2005,6000.0,3000.0,630.0,210.0
4312179,Mato Queimado - RS,2006,5000.0,5000.0,6000.0,1200.0
4312179,Mato Queimado - RS,2007,5000.0,5000.0,11100.0,2220.0
4312179,Mato Queimado - RS,2008,4650.0,4650.0,6836.0,1470.0
4312179,Mato Queimado - RS,2009,4650.0,4650.0,6975.0,1500.0
4312179,Mato Queimado - RS,2010,5800.0,5800.0,15660.0,2700.0
4312179,Mato Queimado - RS,2011,5800.0,5800.0,14964.0,2580.0
4312179,Mato Queimado - RS,2012,5620.0,5620.0,3372.0,600.0
4312179,Mato Queimado - RS,2013,5750.0,5750.0,15525.0,2700.0
4312179,Mato Queimado - RS,2014,6348.0,6348.0,17006.0,2679.0
4312179,Mato Queimado - RS,2015,6160.0,6160.0,17120.0,2779.0
4312179,Mato Queimado - RS,2016,6360.0,6360.0,20224.0,3180.0
4312179,Mato Queimado - RS,2017,6480.0,6480.0,21978.0,3392.0
4312179,Mato Queimado - RS,2018,6440.0,6440.0,22061.0,3426.0
4312179,Mato Queimado - RS,2019,6075.0,6075.0,19802.0,3260.0
4312179,Mato Queimado - RS,2020,6075.0,6075.0,9959.0,1639.0
4312179,Mato Queimado - RS,2021,6075.0,6075.0,17693.0,2912.0
4312179,Mato Queimado - RS,2022,5970.0,5820.0,2610.0,448.0
4312179,Mato Queimado - RS,2023,6270.0,6070.0,6654.0,1096.0
4312179,Mato Queimado - RS,2024,6370.0,6370.0,20639.0,3240.0
4312179,Mato Queimado - RS,2025,6430.0,6430.0,16619.0,2585.0
4312203,Maximiliano de Almeida - RS,2000,1500.0,1500.0,3000.0,2000.0
4312203,Maximiliano de Almeida - RS,2001,1000.0,1000.0,2400.0,2400.0
4312203,Maximiliano de Almeida - RS,2002,1000.0,1000.0,1500.0,1500.0
4312203,Maximiliano de Almeida - RS,2003,1600.0,1600.0,4608.0,2880.0
4312203,Maximiliano de Almeida - RS,2004,2500.0,2500.0,4000.0,1600.0
4312203,Maximiliano de Almeida - RS,2005,3000.0,2500.0,1800.0,720.0
4312203,Maximiliano de Almeida - RS,2006,2000.0,2000.0,4800.0,2400.0
4312203,Maximiliano de Almeida - RS,2007,2800.0,2800.0,7560.0,2700.0
4312203,Maximiliano de Almeida - RS,2008,2850.0,2850.0,5985.0,2100.0
4312203,Maximiliano de Almeida - RS,2009,3950.0,3950.0,9480.0,2400.0
4312203,Maximiliano de Almeida - RS,2010,4500.0,4500.0,13500.0,3000.0
4312203,Maximiliano de Almeida - RS,2011,4500.0,4500.0,14850.0,3300.0
4312203,Maximiliano de Almeida - RS,2012,4300.0,4300.0,10836.0,2520.0
4312203,Maximiliano de Almeida - RS,2013,5200.0,5200.0,11544.0,2220.0
4312203,Maximiliano de Almeida - RS,2014,5500.0,5500.0,14850.0,2700.0
4312203,Maximiliano de Almeida - RS,2015,6300.0,6300.0,18900.0,3000.0
4312203,Maximiliano de Almeida - RS,2016,6800.0,6800.0,20400.0,3000.0
4312203,Maximiliano de Almeida - RS,2017,6800.0,6800.0,20400.0,3000.0
4312203,Maximiliano de Almeida - RS,2018,7600.0,7600.0,30400.0,4000.0
4312203,Maximiliano de Almeida - RS,2019,6800.0,6800.0,23664.0,3480.0
4312203,Maximiliano de Almeida - RS,2020,6800.0,6800.0,13600.0,2000.0
4312203,Maximiliano de Almeida - RS,2021,7250.0,7250.0,21750.0,3000.0
4312203,Maximiliano de Almeida - RS,2022,7800.0,7800.0,11700.0,1500.0
4312203,Maximiliano de Almeida - RS,2023,7900.0,7900.0,18960.0,2400.0
4312203,Maximiliano de Almeida - RS,2024,8150.0,8150.0,25428.0,3120.0
4312203,Maximiliano de Almeida - RS,2025,8400.0,8400.0,21168.0,2520.0
4311718,Maçambará - RS,2000,13877.0,13877.0,11657.0,840.0
4311718,Maçambará - RS,2001,16870.0,16870.0,32897.0,1950.0
4311718,Maçambará - RS,2002,16870.0,14340.0,13982.0,975.0
4311718,Maçambará - RS,2003,20400.0,20400.0,42840.0,2100.0
4311718,Maçambará - RS,2004,22000.0,22000.0,18480.0,840.0
4311718,Maçambará - RS,2005,22000.0,22000.0,9900.0,450.0
4311718,Maçambará - RS,2006,17600.0,17600.0,31680.0,1800.0
4311718,Maçambará - RS,2007,17600.0,17600.0,44000.0,2500.0
4311718,Maçambará - RS,2008,16000.0,16000.0,24000.0,1500.0
4311718,Maçambará - RS,2009,18000.0,18000.0,19440.0,1080.0
4311718,Maçambará - RS,2010,19000.0,18050.0,37905.0,2100.0
4311718,Maçambará - RS,2011,17000.0,17000.0,40800.0,2400.0
4311718,Maçambará - RS,2012,18000.0,18000.0,12960.0,720.0
4311718,Maçambará - RS,2013,22000.0,22000.0,52800.0,2400.0
4311718,Maçambará - RS,2014,22000.0,22000.0,35100.0,1595.0
4311718,Maçambará - RS,2015,23200.0,23200.0,57120.0,2462.0
4311718,Maçambará - RS,2016,23200.0,23200.0,64080.0,2762.0
4311718,Maçambará - RS,2017,26500.0,26500.0,90430.0,3412.0
4311718,Maçambará - RS,2018,26500.0,26500.0,67900.0,2562.0
4311718,Maçambará - RS,2019,30500.0,30500.0,83010.0,2722.0
4311718,Maçambará - RS,2020,43375.0,43375.0,69081.0,1593.0
4311718,Maçambará - RS,2021,38360.0,38360.0,93912.0,2448.0
4311718,Maçambará - RS,2022,45333.0,10220.0,6582.0,644.0
4311718,Maçambará - RS,2023,51687.0,51687.0,32149.0,622.0
4311718,Maçambará - RS,2024,61500.0,61500.0,147600.0,2400.0
4311718,Maçambará - RS,2025,56880.0,56880.0,44314.0,779.0
4312252,Minas do Leão - RS,2000,,,,
4312252,Minas do Leão - RS,2001,,,,
4312252,Minas do Leão - RS,2002,1000.0,1000.0,2000.0,2000.0
4312252,Minas do Leão - RS,2003,2200.0,2200.0,3960.0,1800.0
4312252,Minas do Leão - RS,2004,5300.0,5300.0,6360.0,1200.0
4312252,Minas do Leão - RS,2005,4910.0,4910.0,3535.0,719.0
4312252,Minas do Leão - RS,2006,5000.0,5000.0,7500.0,1500.0
4312252,Minas do Leão - RS,2007,5000.0,5000.0,15000.0,3000.0
4312252,Minas do Leão - RS,2008,3310.0,3310.0,7745.0,2339.0
4312252,Minas do Leão - RS,2009,3000.0,3000.0,6480.0,2160.0
4312252,Minas do Leão - RS,2010,3500.0,3500.0,8400.0,2400.0
4312252,Minas do Leão - RS,2011,3500.0,3500.0,10500.0,3000.0
4312252,Minas do Leão - RS,2012,5400.0,5400.0,9720.0,1800.0
4312252,Minas do Leão - RS,2013,7500.0,7500.0,21000.0,2800.0
4312252,Minas do Leão - RS,2014,8000.0,8000.0,24000.0,3000.0
4312252,Minas do Leão - RS,2015,9000.0,9000.0,27900.0,3100.0
4312252,Minas do Leão - RS,2016,9500.0,9500.0,29450.0,3100.0
4312252,Minas do Leão - RS,2017,9000.0,9000.0,27000.0,3000.0
4312252,Minas do Leão - RS,2018,9500.0,9500.0,20900.0,2200.0
4312252,Minas do Leão - RS,2019,10000.0,10000.0,28500.0,2850.0
4312252,Minas do Leão - RS,2020,10000.0,10000.0,12000.0,1200.0
4312252,Minas do Leão - RS,2021,10000.0,10000.0,30000.0,3000.0
4312252,Minas do Leão - RS,2022,10500.0,10500.0,25200.0,2400.0
4312252,Minas do Leão - RS,2023,12000.0,12000.0,36000.0,3000.0
4312252,Minas do Leão - RS,2024,12500.0,12500.0,22500.0,1800.0
4312252,Minas do Leão - RS,2025,12500.0,12500.0,15000.0,1200.0
4312302,Miraguaí - RS,2000,4300.0,4300.0,7740.0,1800.0
4312302,Miraguaí - RS,2001,3500.0,3500.0,6615.0,1890.0
4312302,Miraguaí - RS,2002,3500.0,3500.0,2940.0,840.0
4312302,Miraguaí - RS,2003,3500.0,3500.0,7350.0,2100.0
4312302,Miraguaí - RS,2004,4000.0,4000.0,3600.0,900.0
4312302,Miraguaí - RS,2005,4000.0,4000.0,2400.0,600.0
4312302,Miraguaí - RS,2006,4200.0,4200.0,5040.0,1200.0
4312302,Miraguaí - RS,2007,4200.0,4200.0,11340.0,2700.0
4312302,Miraguaí - RS,2008,4000.0,4000.0,5040.0,1260.0
4312302,Miraguaí - RS,2009,4200.0,4200.0,7560.0,1800.0
4312302,Miraguaí - RS,2010,4200.0,4200.0,8114.0,1931.0
4312302,Miraguaí - RS,2011,4200.0,4200.0,12096.0,2880.0
4312302,Miraguaí - RS,2012,4000.0,4000.0,3145.0,786.0
4312302,Miraguaí - RS,2013,4500.0,4500.0,11250.0,2500.0
4312302,Miraguaí - RS,2014,4500.0,4500.0,12150.0,2700.0
4312302,Miraguaí - RS,2015,5200.0,5200.0,14040.0,2700.0
4312302,Miraguaí - RS,2016,5200.0,5200.0,14040.0,2700.0
4312302,Miraguaí - RS,2017,5200.0,5200.0,14040.0,2700.0
4312302,Miraguaí - RS,2018,5400.0,5400.0,17280.0,3200.0
4312302,Miraguaí - RS,2019,5400.0,5400.0,15595.0,2888.0
4312302,Miraguaí - RS,2020,5400.0,5400.0,12960.0,2400.0
4312302,Miraguaí - RS,2021,5400.0,5400.0,19440.0,3600.0
4312302,Miraguaí - RS,2022,5400.0,5400.0,6480.0,1200.0
4312302,Miraguaí - RS,2023,5400.0,5400.0,12960.0,2400.0
4312302,Miraguaí - RS,2024,5400.0,5400.0,12960.0,2400.0
4312302,Miraguaí - RS,2025,5500.0,5500.0,11220.0,2040.0
4312351,Montauri - RS,2000,450.0,450.0,1026.0,2280.0
4312351,Montauri - RS,2001,400.0,400.0,960.0,2400.0
4312351,Montauri - RS,2002,500.0,500.0,1200.0,2400.0
4312351,Montauri - RS,2003,500.0,500.0,1200.0,2400.0
4312351,Montauri - RS,2004,500.0,500.0,840.0,1680.0
4312351,Montauri - RS,2005,2400.0,960.0,576.0,600.0
4312351,Montauri - RS,2006,2100.0,2100.0,5040.0,2400.0
4312351,Montauri - RS,2007,2100.0,2100.0,6300.0,3000.0
4312351,Montauri - RS,2008,2200.0,2200.0,4620.0,2100.0
4312351,Montauri - RS,2009,2200.0,2200.0,5280.0,2400.0
4312351,Montauri - RS,2010,2300.0,2300.0,6900.0,3000.0
4312351,Montauri - RS,2011,2300.0,2300.0,7360.0,3200.0
4312351,Montauri - RS,2012,2000.0,2000.0,4440.0,2220.0
4312351,Montauri - RS,2013,2200.0,2200.0,7700.0,3500.0
4312351,Montauri - RS,2014,2300.0,2300.0,7245.0,3150.0
4312351,Montauri - RS,2015,2600.0,2600.0,9360.0,3600.0
4312351,Montauri - RS,2016,3000.0,3000.0,9600.0,3200.0
4312351,Montauri - RS,2017,2800.0,2800.0,10080.0,3600.0
4312351,Montauri - RS,2018,2900.0,2900.0,10440.0,3600.0
4312351,Montauri - RS,2019,3300.0,3300.0,9900.0,3000.0
4312351,Montauri - RS,2020,3300.0,3300.0,5940.0,1800.0
4312351,Montauri - RS,2021,3300.0,3300.0,11880.0,3600.0
4312351,Montauri - RS,2022,3300.0,3300.0,2970.0,900.0
4312351,Montauri - RS,2023,3300.0,3300.0,6930.0,2100.0
4312351,Montauri - RS,2024,3300.0,3300.0,10989.0,3330.0
4312351,Montauri - RS,2025,3300.0,3300.0,5346.0,1620.0
4312377,Monte Alegre dos Campos - RS,2000,250.0,250.0,600.0,2400.0
4312377,Monte Alegre dos Campos - RS,2001,200.0,200.0,432.0,2160.0
4312377,Monte Alegre dos Campos - RS,2002,350.0,350.0,735.0,2100.0
4312377,Monte Alegre dos Campos - RS,2003,500.0,500.0,1200.0,2400.0
4312377,Monte Alegre dos Campos - RS,2004,500.0,500.0,720.0,1440.0
4312377,Monte Alegre dos Campos - RS,2005,500.0,500.0,945.0,1890.0
4312377,Monte Alegre dos Campos - RS,2006,700.0,700.0,1680.0,2400.0
4312377,Monte Alegre dos Campos - RS,2007,700.0,700.0,1680.0,2400.0
4312377,Monte Alegre dos Campos - RS,2008,750.0,750.0,1260.0,1680.0
4312377,Monte Alegre dos Campos - RS,2009,750.0,750.0,945.0,1260.0
4312377,Monte Alegre dos Campos - RS,2010,990.0,990.0,2352.0,2375.0
4312377,Monte Alegre dos Campos - RS,2011,1250.0,1250.0,3750.0,3000.0
4312377,Monte Alegre dos Campos - RS,2012,1315.0,1315.0,3156.0,2400.0
4312377,Monte Alegre dos Campos - RS,2013,1500.0,1500.0,4200.0,2800.0
4312377,Monte Alegre dos Campos - RS,2014,1500.0,1500.0,3600.0,2400.0
4312377,Monte Alegre dos Campos - RS,2015,2000.0,2000.0,6800.0,3400.0
4312377,Monte Alegre dos Campos - RS,2016,1500.0,1500.0,5040.0,3360.0
4312377,Monte Alegre dos Campos - RS,2017,2750.0,2750.0,9900.0,3600.0
4312377,Monte Alegre dos Campos - RS,2018,3048.0,3048.0,9245.0,3033.0
4312377,Monte Alegre dos Campos - RS,2019,2048.0,2048.0,7578.0,3700.0
4312377,Monte Alegre dos Campos - RS,2020,3670.0,3670.0,11594.0,3159.0
4312377,Monte Alegre dos Campos - RS,2021,2800.0,2800.0,10052.0,3590.0
4312377,Monte Alegre dos Campos - RS,2022,3250.0,3250.0,8190.0,2520.0
4312377,Monte Alegre dos Campos - RS,2023,3500.0,3500.0,12250.0,3500.0
4312377,Monte Alegre dos Campos - RS,2024,2800.0,2100.0,1880.0,895.0
4312377,Monte Alegre dos Campos - RS,2025,2450.0,2450.0,8820.0,3600.0
4312385,Monte Belo do Sul - RS,2000,,,,
4312385,Monte Belo do Sul - RS,2001,,,,
4312385,Monte Belo do Sul - RS,2002,,,,
4312385,Monte Belo do Sul - RS,2003,,,,
4312385,Monte Belo do Sul - RS,2004,,,,
4312385,Monte Belo do Sul - RS,2005,,,,
4312385,Monte Belo do Sul - RS,2006,,,,
4312385,Monte Belo do Sul - RS,2007,,,,
4312385,Monte Belo do Sul - RS,2008,,,,
4312385,Monte Belo do Sul - RS,2009,,,,
4312385,Monte Belo do Sul - RS,2010,,,,
4312385,Monte Belo do Sul - RS,2011,,,,
4312385,Monte Belo do Sul - RS,2012,,,,
4312385,Monte Belo do Sul - RS,2013,,,,
4312385,Monte Belo do Sul - RS,2014,,,,
4312385,Monte Belo do Sul - RS,2015,,,,
4312385,Monte Belo do Sul - RS,2016,,,,
4312385,Monte Belo do Sul - RS,2017,,,,
4312385,Monte Belo do Sul - RS,2018,,,,
4312385,Monte Belo do Sul - RS,2019,,,,
4312385,Monte Belo do Sul - RS,2020,,,,
4312385,Monte Belo do Sul - RS,2021,,,,
4312385,Monte Belo do Sul - RS,2022,,,,
4312385,Monte Belo do Sul - RS,2023,,,,
4312385,Monte Belo do Sul - RS,2024,,,,
4312385,Monte Belo do Sul - RS,2025,,,,
4312401,Montenegro - RS,2000,,,,
4312401,Montenegro - RS,2001,,,,
4312401,Montenegro - RS,2002,,,,
4312401,Montenegro - RS,2003,,,,
4312401,Montenegro - RS,2004,,,,
4312401,Montenegro - RS,2005,,,,
4312401,Montenegro - RS,2006,,,,
4312401,Montenegro - RS,2007,,,,
4312401,Montenegro - RS,2008,,,,
4312401,Montenegro - RS,2009,,,,
4312401,Montenegro - RS,2010,,,,
4312401,Montenegro - RS,2011,,,,
4312401,Montenegro - RS,2012,,,,
4312401,Montenegro - RS,2013,,,,
4312401,Montenegro - RS,2014,,,,
4312401,Montenegro - RS,2015,,,,
4312401,Montenegro - RS,2016,,,,
4312401,Montenegro - RS,2017,,,,
4312401,Montenegro - RS,2018,,,,
4312401,Montenegro - RS,2019,,,,
4312401,Montenegro - RS,2020,,,,
4312401,Montenegro - RS,2021,,,,
4312401,Montenegro - RS,2022,,,,
4312401,Montenegro - RS,2023,130.0,130.0,312.0,2400.0
4312401,Montenegro - RS,2024,160.0,160.0,370.0,2313.0
4312401,Montenegro - RS,2025,160.0,160.0,448.0,2800.0
4312427,Mormaço - RS,2000,6700.0,6700.0,12864.0,1920.0
4312427,Mormaço - RS,2001,6500.0,6500.0,15600.0,2400.0
4312427,Mormaço - RS,2002,6750.0,6750.0,13365.0,1980.0
4312427,Mormaço - RS,2003,7200.0,7200.0,21600.0,3000.0
4312427,Mormaço - RS,2004,8500.0,8500.0,16320.0,1920.0
4312427,Mormaço - RS,2005,8700.0,7395.0,3550.0,480.0
4312427,Mormaço - RS,2006,8300.0,8300.0,18924.0,2280.0
4312427,Mormaço - RS,2007,8600.0,8600.0,25800.0,3000.0
4312427,Mormaço - RS,2008,8500.0,8500.0,15300.0,1800.0
4312427,Mormaço - RS,2009,8500.0,8500.0,19380.0,2280.0
4312427,Mormaço - RS,2010,8700.0,8700.0,21924.0,2520.0
4312427,Mormaço - RS,2011,8500.0,8500.0,25500.0,3000.0
4312427,Mormaço - RS,2012,8500.0,8500.0,16065.0,1890.0
4312427,Mormaço - RS,2013,9000.0,9000.0,23112.0,2568.0
4312427,Mormaço - RS,2014,9000.0,9000.0,21600.0,2400.0
4312427,Mormaço - RS,2015,9000.0,9000.0,29700.0,3300.0
4312427,Mormaço - RS,2016,9015.0,9015.0,24341.0,2700.0
4312427,Mormaço - RS,2017,8800.0,8800.0,31680.0,3600.0
4312427,Mormaço - RS,2018,9015.0,9015.0,34077.0,3780.0
4312427,Mormaço - RS,2019,8800.0,8800.0,29568.0,3360.0
4312427,Mormaço - RS,2020,9000.0,9000.0,4320.0,480.0
4312427,Mormaço - RS,2021,9000.0,9000.0,28980.0,3220.0
4312427,Mormaço - RS,2022,9000.0,9000.0,5400.0,600.0
4312427,Mormaço - RS,2023,9000.0,9000.0,3780.0,420.0
4312427,Mormaço - RS,2024,8000.0,8000.0,23040.0,2880.0
4312427,Mormaço - RS,2025,9500.0,9500.0,19950.0,2100.0
4312443,Morrinhos do Sul - RS,2000,,,,
4312443,Morrinhos do Sul - RS,2001,,,,
4312443,Morrinhos do Sul - RS,2002,,,,
4312443,Morrinhos do Sul - RS,2003,,,,
4312443,Morrinhos do Sul - RS,2004,,,,
4312443,Morrinhos do Sul - RS,2005,,,,
4312443,Morrinhos do Sul - RS,2006,,,,
4312443,Morrinhos do Sul - RS,2007,,,,
4312443,Morrinhos do Sul - RS,2008,,,,
4312443,Morrinhos do Sul - RS,2009,,,,
4312443,Morrinhos do Sul - RS,2010,,,,
4312443,Morrinhos do Sul - RS,2011,,,,
4312443,Morrinhos do Sul - RS,2012,,,,
4312443,Morrinhos do Sul - RS,2013,,,,
4312443,Morrinhos do Sul - RS,2014,,,,
4312443,Morrinhos do Sul - RS,2015,,,,
4312443,Morrinhos do Sul - RS,2016,,,,
4312443,Morrinhos do Sul - RS,2017,,,,
4312443,Morrinhos do Sul - RS,2018,,,,
4312443,Morrinhos do Sul - RS,2019,,,,
4312443,Morrinhos do Sul - RS,2020,,,,
4312443,Morrinhos do Sul - RS,2021,,,,
4312443,Morrinhos do Sul - RS,2022,,,,
4312443,Morrinhos do Sul - RS,2023,180.0,180.0,450.0,2500.0
4312443,Morrinhos do Sul - RS,2024,10.0,10.0,25.0,2500.0
4312443,Morrinhos do Sul - RS,2025,,,,
4312450,Morro Redondo - RS,2000,,,,
4312450,Morro Redondo - RS,2001,,,,
4312450,Morro Redondo - RS,2002,,,,
4312450,Morro Redondo - RS,2003,,,,
4312450,Morro Redondo - RS,2004,,,,
4312450,Morro Redondo - RS,2005,40.0,25.0,35.0,1400.0
4312450,Morro Redondo - RS,2006,20.0,20.0,20.0,1000.0
4312450,Morro Redondo - RS,2007,20.0,20.0,32.0,1600.0
4312450,Morro Redondo - RS,2008,20.0,20.0,36.0,1800.0
4312450,Morro Redondo - RS,2009,50.0,50.0,120.0,2400.0
4312450,Morro Redondo - RS,2010,250.0,250.0,600.0,2400.0
4312450,Morro Redondo - RS,2011,250.0,250.0,600.0,2400.0
4312450,Morro Redondo - RS,2012,400.0,400.0,1080.0,2700.0
4312450,Morro Redondo - RS,2013,400.0,400.0,1081.0,2703.0
4312450,Morro Redondo - RS,2014,600.0,600.0,1620.0,2700.0
4312450,Morro Redondo - RS,2015,600.0,600.0,1080.0,1800.0
4312450,Morro Redondo - RS,2016,1000.0,400.0,324.0,810.0
4312450,Morro Redondo - RS,2017,1000.0,1000.0,2400.0,2400.0
4312450,Morro Redondo - RS,2018,1200.0,1200.0,2700.0,2250.0
4312450,Morro Redondo - RS,2019,1500.0,1500.0,4500.0,3000.0
4312450,Morro Redondo - RS,2020,2000.0,2000.0,1200.0,600.0
4312450,Morro Redondo - RS,2021,2000.0,2000.0,6000.0,3000.0
4312450,Morro Redondo - RS,2022,2000.0,2000.0,5400.0,2700.0
4312450,Morro Redondo - RS,2023,2500.0,2500.0,4500.0,1800.0
4312450,Morro Redondo - RS,2024,2500.0,1750.0,3465.0,1980.0
4312450,Morro Redondo - RS,2025,2500.0,2500.0,7500.0,3000.0
4312476,Morro Reuter - RS,2000,,,,
4312476,Morro Reuter - RS,2001,,,,
4312476,Morro Reuter - RS,2002,,,,
4312476,Morro Reuter - RS,2003,,,,
4312476,Morro Reuter - RS,2004,,,,
4312476,Morro Reuter - RS,2005,,,,
4312476,Morro Reuter - RS,2006,,,,
4312476,Morro Reuter - RS,2007,,,,
4312476,Morro Reuter - RS,2008,,,,
4312476,Morro Reuter - RS,2009,,,,
4312476,Morro Reuter - RS,2010,,,,
4312476,Morro Reuter - RS,2011,,,,
4312476,Morro Reuter - RS,2012,,,,
4312476,Morro Reuter - RS,2013,,,,
4312476,Morro Reuter - RS,2014,,,,
4312476,Morro Reuter - RS,2015,,,,
4312476,Morro Reuter - RS,2016,,,,
4312476,Morro Reuter - RS,2017,,,,
4312476,Morro Reuter - RS,2018,,,,
4312476,Morro Reuter - RS,2019,,,,
4312476,Morro Reuter - RS,2020,,,,
4312476,Morro Reuter - RS,2021,,,,
4312476,Morro Reuter - RS,2022,,,,
4312476,Morro Reuter - RS,2023,,,,
4312476,Morro Reuter - RS,2024,,,,
4312476,Morro Reuter - RS,2025,,,,
4312500,Mostardas - RS,2000,,,,
4312500,Mostardas - RS,2001,,,,
4312500,Mostardas - RS,2002,,,,
4312500,Mostardas - RS,2003,,,,
4312500,Mostardas - RS,2004,90.0,90.0,106.0,1177.0
4312500,Mostardas - RS,2005,90.0,,,
4312500,Mostardas - RS,2006,,,,
4312500,Mostardas - RS,2007,,,,
4312500,Mostardas - RS,2008,,,,
4312500,Mostardas - RS,2009,,,,
4312500,Mostardas - RS,2010,,,,
4312500,Mostardas - RS,2011,,,,
4312500,Mostardas - RS,2012,,,,
4312500,Mostardas - RS,2013,,,,
4312500,Mostardas - RS,2014,5000.0,1500.0,3600.0,2400.0
4312500,Mostardas - RS,2015,4600.0,4600.0,11040.0,2400.0
4312500,Mostardas - RS,2016,6700.0,6700.0,20100.0,3000.0
4312500,Mostardas - RS,2017,5103.0,5103.0,17452.0,3420.0
4312500,Mostardas - RS,2018,5455.0,5455.0,19050.0,3492.0
4312500,Mostardas - RS,2019,8145.0,8145.0,21845.0,2682.0
4312500,Mostardas - RS,2020,7051.0,7051.0,16076.0,2280.0
4312500,Mostardas - RS,2021,7064.0,7064.0,19497.0,2760.0
4312500,Mostardas - RS,2022,8500.0,8500.0,20400.0,2400.0
4312500,Mostardas - RS,2023,9700.0,9700.0,22116.0,2280.0
4312500,Mostardas - RS,2024,8000.0,4400.0,5940.0,1350.0
4312500,Mostardas - RS,2025,8000.0,8000.0,20000.0,2500.0
4312617,Muitos Capões - RS,2000,28000.0,28000.0,50400.0,1800.0
4312617,Muitos Capões - RS,2001,25000.0,25000.0,60000.0,2400.0
4312617,Muitos Capões - RS,2002,45000.0,45000.0,94500.0,2100.0
4312617,Muitos Capões - RS,2003,40000.0,40000.0,116000.0,2900.0
4312617,Muitos Capões - RS,2004,35000.0,35000.0,56000.0,1600.0
4312617,Muitos Capões - RS,2005,40000.0,40000.0,57600.0,1440.0
4312617,Muitos Capões - RS,2006,40000.0,40000.0,108000.0,2700.0
4312617,Muitos Capões - RS,2007,40000.0,40000.0,108000.0,2700.0
4312617,Muitos Capões - RS,2008,40000.0,40000.0,108000.0,2700.0
4312617,Muitos Capões - RS,2009,40000.0,40000.0,80000.0,2000.0
4312617,Muitos Capões - RS,2010,40000.0,40000.0,132000.0,3300.0
4312617,Muitos Capões - RS,2011,40000.0,40000.0,120000.0,3000.0
4312617,Muitos Capões - RS,2012,43000.0,43000.0,94600.0,2200.0
4312617,Muitos Capões - RS,2013,50000.0,50000.0,150000.0,3000.0
4312617,Muitos Capões - RS,2014,60000.0,60000.0,180000.0,3000.0
4312617,Muitos Capões - RS,2015,55000.0,55000.0,198000.0,3600.0
4312617,Muitos Capões - RS,2016,55000.0,55000.0,214500.0,3900.0
4312617,Muitos Capões - RS,2017,43605.0,43605.0,170060.0,3900.0
4312617,Muitos Capões - RS,2018,45000.0,45000.0,175500.0,3900.0
4312617,Muitos Capões - RS,2019,42500.0,42500.0,165750.0,3900.0
4312617,Muitos Capões - RS,2020,50000.0,50000.0,195000.0,3900.0
4312617,Muitos Capões - RS,2021,50000.0,50000.0,195000.0,3900.0
4312617,Muitos Capões - RS,2022,50000.0,50000.0,135000.0,2700.0
4312617,Muitos Capões - RS,2023,53700.0,53700.0,193320.0,3600.0
4312617,Muitos Capões - RS,2024,53700.0,53700.0,193320.0,3600.0
4312617,Muitos Capões - RS,2025,56000.0,56000.0,184800.0,3300.0
4312625,Muliterno - RS,2000,950.0,950.0,2166.0,2280.0
4312625,Muliterno - RS,2001,950.0,950.0,2280.0,2400.0
4312625,Muliterno - RS,2002,1200.0,1200.0,2880.0,2400.0
4312625,Muliterno - RS,2003,1300.0,1300.0,3510.0,2700.0
4312625,Muliterno - RS,2004,1600.0,1600.0,3024.0,1890.0
4312625,Muliterno - RS,2005,2500.0,1000.0,900.0,900.0
4312625,Muliterno - RS,2006,2350.0,2350.0,6345.0,2700.0
4312625,Muliterno - RS,2007,2350.0,2350.0,6345.0,2700.0
4312625,Muliterno - RS,2008,2350.0,2350.0,6345.0,2700.0
4312625,Muliterno - RS,2009,2350.0,2350.0,4935.0,2100.0
4312625,Muliterno - RS,2010,2750.0,2750.0,8250.0,3000.0
4312625,Muliterno - RS,2011,2750.0,2750.0,8250.0,3000.0
4312625,Muliterno - RS,2012,2750.0,2750.0,6600.0,2400.0
4312625,Muliterno - RS,2013,2750.0,2750.0,8250.0,3000.0
4312625,Muliterno - RS,2014,2750.0,2750.0,8250.0,3000.0
4312625,Muliterno - RS,2015,3200.0,3200.0,12480.0,3900.0
4312625,Muliterno - RS,2016,3200.0,3200.0,11200.0,3500.0
4312625,Muliterno - RS,2017,3200.0,3200.0,9600.0,3000.0
4312625,Muliterno - RS,2018,3500.0,3500.0,11760.0,3360.0
4312625,Muliterno - RS,2019,3500.0,3500.0,12180.0,3480.0
4312625,Muliterno - RS,2020,3900.0,3900.0,7098.0,1820.0
4312625,Muliterno - RS,2021,3900.0,3900.0,15210.0,3900.0
4312625,Muliterno - RS,2022,3900.0,3900.0,3900.0,1000.0
4312625,Muliterno - RS,2023,3900.0,3900.0,9360.0,2400.0
4312625,Muliterno - RS,2024,3900.0,3900.0,12870.0,3300.0
4312625,Muliterno - RS,2025,4000.0,4000.0,9600.0,2400.0
4312609,Muçum - RS,2000,200.0,200.0,480.0,2400.0
4312609,Muçum - RS,2001,200.0,200.0,480.0,2400.0
4312609,Muçum - RS,2002,200.0,200.0,360.0,1800.0
4312609,Muçum - RS,2003,200.0,200.0,360.0,1800.0
4312609,Muçum - RS,2004,200.0,100.0,90.0,900.0
4312609,Muçum - RS,2005,200.0,200.0,84.0,420.0
4312609,Muçum - RS,2006,200.0,200.0,300.0,1500.0
4312609,Muçum - RS,2007,200.0,200.0,300.0,1500.0
4312609,Muçum - RS,2008,200.0,200.0,420.0,2100.0
4312609,Muçum - RS,2009,200.0,200.0,480.0,2400.0
4312609,Muçum - RS,2010,200.0,200.0,600.0,3000.0
4312609,Muçum - RS,2011,200.0,200.0,600.0,3000.0
4312609,Muçum - RS,2012,200.0,200.0,360.0,1800.0
4312609,Muçum - RS,2013,200.0,200.0,720.0,3600.0
4312609,Muçum - RS,2014,200.0,200.0,660.0,3300.0
4312609,Muçum - RS,2015,200.0,200.0,720.0,3600.0
4312609,Muçum - RS,2016,400.0,400.0,1440.0,3600.0
4312609,Muçum - RS,2017,422.0,422.0,1646.0,3900.0
4312609,Muçum - RS,2018,525.0,525.0,1890.0,3600.0
4312609,Muçum - RS,2019,550.0,550.0,1980.0,3600.0
4312609,Muçum - RS,2020,650.0,650.0,1698.0,2612.0
4312609,Muçum - RS,2021,650.0,650.0,2405.0,3700.0
4312609,Muçum - RS,2022,600.0,600.0,1110.0,1850.0
4312609,Muçum - RS,2023,360.0,360.0,1037.0,2881.0
4312609,Muçum - RS,2024,360.0,240.0,792.0,3300.0
4312609,Muçum - RS,2025,360.0,360.0,1166.0,3239.0
4312674,Nicolau Vergueiro - RS,2000,8000.0,8000.0,15360.0,1920.0
4312674,Nicolau Vergueiro - RS,2001,7500.0,7500.0,20250.0,2700.0
4312674,Nicolau Vergueiro - RS,2002,8600.0,8600.0,18576.0,2160.0
4312674,Nicolau Vergueiro - RS,2003,8730.0,8730.0,23571.0,2700.0
4312674,Nicolau Vergueiro - RS,2004,9580.0,9580.0,18106.0,1889.0
4312674,Nicolau Vergueiro - RS,2005,10000.0,7000.0,4830.0,690.0
4312674,Nicolau Vergueiro - RS,2006,9000.0,9000.0,21600.0,2400.0
4312674,Nicolau Vergueiro - RS,2007,9500.0,9500.0,24700.0,2600.0
4312674,Nicolau Vergueiro - RS,2008,9800.0,9800.0,21168.0,2160.0
4312674,Nicolau Vergueiro - RS,2009,9800.0,9800.0,17993.0,1836.0
4312674,Nicolau Vergueiro - RS,2010,10300.0,10300.0,27810.0,2700.0
4312674,Nicolau Vergueiro - RS,2011,10400.0,10400.0,34320.0,3300.0
4312674,Nicolau Vergueiro - RS,2012,10300.0,10300.0,23484.0,2280.0
4312674,Nicolau Vergueiro - RS,2013,10300.0,10300.0,30900.0,3000.0
4312674,Nicolau Vergueiro - RS,2014,10350.0,10350.0,24840.0,2400.0
4312674,Nicolau Vergueiro - RS,2015,10350.0,10350.0,34155.0,3300.0
4312674,Nicolau Vergueiro - RS,2016,10350.0,10350.0,32913.0,3180.0
4312674,Nicolau Vergueiro - RS,2017,10500.0,10500.0,39060.0,3720.0
4312674,Nicolau Vergueiro - RS,2018,10350.0,10350.0,38502.0,3720.0
4312674,Nicolau Vergueiro - RS,2019,10350.0,10350.0,34155.0,3300.0
4312674,Nicolau Vergueiro - RS,2020,10350.0,10350.0,18630.0,1800.0
4312674,Nicolau Vergueiro - RS,2021,10350.0,10350.0,40365.0,3900.0
4312674,Nicolau Vergueiro - RS,2022,10350.0,10350.0,15525.0,1500.0
4312674,Nicolau Vergueiro - RS,2023,10350.0,10350.0,22356.0,2160.0
4312674,Nicolau Vergueiro - RS,2024,10350.0,10350.0,34776.0,3360.0
4312674,Nicolau Vergueiro - RS,2025,10350.0,10350.0,18630.0,1800.0
4312708,Nonoai - RS,2000,16000.0,16000.0,29440.0,1840.0
4312708,Nonoai - RS,2001,15000.0,15000.0,36000.0,2400.0
4312708,Nonoai - RS,2002,17000.0,17000.0,12240.0,720.0
4312708,Nonoai - RS,2003,17000.0,17000.0,44200.0,2600.0
4312708,Nonoai - RS,2004,17000.0,17000.0,30600.0,1800.0
4312708,Nonoai - RS,2005,17000.0,17000.0,7650.0,450.0
4312708,Nonoai - RS,2006,17000.0,17000.0,45900.0,2700.0
4312708,Nonoai - RS,2007,17000.0,17000.0,51000.0,3000.0
4312708,Nonoai - RS,2008,17000.0,17000.0,40800.0,2400.0
4312708,Nonoai - RS,2009,17000.0,17000.0,35700.0,2100.0
4312708,Nonoai - RS,2010,20000.0,20000.0,54000.0,2700.0
4312708,Nonoai - RS,2011,17000.0,17000.0,61200.0,3600.0
4312708,Nonoai - RS,2012,16500.0,16500.0,35640.0,2160.0
4312708,Nonoai - RS,2013,17000.0,17000.0,54230.0,3190.0
4312708,Nonoai - RS,2014,17500.0,17500.0,47250.0,2700.0
4312708,Nonoai - RS,2015,18000.0,18000.0,57600.0,3200.0
4312708,Nonoai - RS,2016,19500.0,19500.0,63180.0,3240.0
4312708,Nonoai - RS,2017,18400.0,18400.0,66240.0,3600.0
4312708,Nonoai - RS,2018,19000.0,19000.0,68400.0,3600.0
4312708,Nonoai - RS,2019,15000.0,15000.0,58500.0,3900.0
4312708,Nonoai - RS,2020,15000.0,15000.0,45000.0,3000.0
4312708,Nonoai - RS,2021,15000.0,15000.0,54000.0,3600.0
4312708,Nonoai - RS,2022,15600.0,15600.0,23400.0,1500.0
4312708,Nonoai - RS,2023,16000.0,16000.0,45600.0,2850.0
4312708,Nonoai - RS,2024,15500.0,15500.0,55800.0,3600.0
4312708,Nonoai - RS,2025,16800.0,16800.0,50400.0,3000.0
4312757,Nova Alvorada - RS,2000,1500.0,1500.0,2764.0,1842.0
4312757,Nova Alvorada - RS,2001,1200.0,1200.0,3240.0,2700.0
4312757,Nova Alvorada - RS,2002,1500.0,1500.0,3600.0,2400.0
4312757,Nova Alvorada - RS,2003,1750.0,1750.0,5250.0,3000.0
4312757,Nova Alvorada - RS,2004,2200.0,2200.0,4422.0,2010.0
4312757,Nova Alvorada - RS,2005,2650.0,2650.0,1908.0,720.0
4312757,Nova Alvorada - RS,2006,3100.0,3100.0,6200.0,2000.0
4312757,Nova Alvorada - RS,2007,3100.0,3100.0,8060.0,2600.0
4312757,Nova Alvorada - RS,2008,3100.0,3100.0,6851.0,2210.0
4312757,Nova Alvorada - RS,2009,3100.0,3100.0,8060.0,2600.0
4312757,Nova Alvorada - RS,2010,4500.0,4500.0,10800.0,2400.0
4312757,Nova Alvorada - RS,2011,4000.0,4000.0,12000.0,3000.0
4312757,Nova Alvorada - RS,2012,4200.0,4200.0,8820.0,2100.0
4312757,Nova Alvorada - RS,2013,4500.0,4500.0,14850.0,3300.0
4312757,Nova Alvorada - RS,2014,4600.0,4600.0,16008.0,3480.0
4312757,Nova Alvorada - RS,2015,4800.0,4800.0,16704.0,3480.0
4312757,Nova Alvorada - RS,2016,4850.0,4850.0,16878.0,3480.0
4312757,Nova Alvorada - RS,2017,4900.0,4900.0,19110.0,3900.0
4312757,Nova Alvorada - RS,2018,4950.0,4950.0,19305.0,3900.0
4312757,Nova Alvorada - RS,2019,4950.0,4950.0,17226.0,3480.0
4312757,Nova Alvorada - RS,2020,5000.0,5000.0,13000.0,2600.0
4312757,Nova Alvorada - RS,2021,5000.0,5000.0,17500.0,3500.0
4312757,Nova Alvorada - RS,2022,4900.0,4900.0,7350.0,1500.0
4312757,Nova Alvorada - RS,2023,5150.0,5150.0,14832.0,2880.0
4312757,Nova Alvorada - RS,2024,5150.0,5150.0,18200.0,3534.0
4312757,Nova Alvorada - RS,2025,5250.0,5250.0,13309.0,2535.0
4312807,Nova Araçá - RS,2000,,,,
4312807,Nova Araçá - RS,2001,,,,
4312807,Nova Araçá - RS,2002,,,,
4312807,Nova Araçá - RS,2003,5.0,5.0,10.0,2000.0
4312807,Nova Araçá - RS,2004,50.0,50.0,90.0,1800.0
4312807,Nova Araçá - RS,2005,150.0,150.0,135.0,900.0
4312807,Nova Araçá - RS,2006,150.0,150.0,360.0,2400.0
4312807,Nova Araçá - RS,2007,150.0,150.0,450.0,3000.0
4312807,Nova Araçá - RS,2008,150.0,150.0,360.0,2400.0
4312807,Nova Araçá - RS,2009,150.0,150.0,435.0,2900.0
4312807,Nova Araçá - RS,2010,300.0,300.0,1044.0,3480.0
4312807,Nova Araçá - RS,2011,400.0,400.0,1448.0,3620.0
4312807,Nova Araçá - RS,2012,400.0,400.0,960.0,2400.0
4312807,Nova Araçá - RS,2013,500.0,500.0,1800.0,3600.0
4312807,Nova Araçá - RS,2014,515.0,515.0,1700.0,3301.0
4312807,Nova Araçá - RS,2015,515.0,515.0,1982.0,3849.0
4312807,Nova Araçá - RS,2016,600.0,600.0,2178.0,3630.0
4312807,Nova Araçá - RS,2017,410.0,410.0,1673.0,4080.0
4312807,Nova Araçá - RS,2018,640.0,640.0,2240.0,3500.0
4312807,Nova Araçá - RS,2019,610.0,610.0,2318.0,3800.0
4312807,Nova Araçá - RS,2020,610.0,610.0,950.0,1557.0
4312807,Nova Araçá - RS,2021,640.0,640.0,2560.0,4000.0
4312807,Nova Araçá - RS,2022,650.0,650.0,936.0,1440.0
4312807,Nova Araçá - RS,2023,650.0,650.0,1359.0,2091.0
4312807,Nova Araçá - RS,2024,650.0,650.0,1755.0,2700.0
4312807,Nova Araçá - RS,2025,650.0,650.0,1502.0,2311.0
4312906,Nova Bassano - RS,2000,5.0,5.0,5.0,1000.0
4312906,Nova Bassano - RS,2001,10.0,10.0,18.0,1800.0
4312906,Nova Bassano - RS,2002,100.0,100.0,240.0,2400.0
4312906,Nova Bassano - RS,2003,250.0,250.0,750.0,3000.0
4312906,Nova Bassano - RS,2004,500.0,500.0,1125.0,2250.0
4312906,Nova Bassano - RS,2005,1000.0,1000.0,540.0,540.0
4312906,Nova Bassano - RS,2006,1000.0,1000.0,2700.0,2700.0
4312906,Nova Bassano - RS,2007,1000.0,1000.0,3300.0,3300.0
4312906,Nova Bassano - RS,2008,1000.0,1000.0,3300.0,3300.0
4312906,Nova Bassano - RS,2009,1000.0,1000.0,3000.0,3000.0
4312906,Nova Bassano - RS,2010,1000.0,1000.0,3000.0,3000.0
4312906,Nova Bassano - RS,2011,1000.0,1000.0,3300.0,3300.0
4312906,Nova Bassano - RS,2012,1000.0,1000.0,1900.0,1900.0
4312906,Nova Bassano - RS,2013,1000.0,1000.0,3650.0,3650.0
4312906,Nova Bassano - RS,2014,3000.0,3000.0,9600.0,3200.0
4312906,Nova Bassano - RS,2015,2500.0,2500.0,12000.0,4800.0
4312906,Nova Bassano - RS,2016,2500.0,2500.0,9250.0,3700.0
4312906,Nova Bassano - RS,2017,2000.0,2000.0,7654.0,3827.0
4312906,Nova Bassano - RS,2018,2000.0,2000.0,7400.0,3700.0
4312906,Nova Bassano - RS,2019,2500.0,2500.0,10000.0,4000.0
4312906,Nova Bassano - RS,2020,2500.0,2500.0,3633.0,1453.0
4312906,Nova Bassano - RS,2021,2500.0,2500.0,10000.0,4000.0
4312906,Nova Bassano - RS,2022,2300.0,2300.0,4255.0,1850.0
4312906,Nova Bassano - RS,2023,2800.0,2800.0,8400.0,3000.0
4312906,Nova Bassano - RS,2024,2500.0,2500.0,5958.0,2383.0
4312906,Nova Bassano - RS,2025,2300.0,2300.0,6210.0,2700.0
4312955,Nova Boa Vista - RS,2000,4200.0,4200.0,8211.0,1955.0
4312955,Nova Boa Vista - RS,2001,4100.0,4100.0,9840.0,2400.0
4312955,Nova Boa Vista - RS,2002,4100.0,4100.0,8856.0,2160.0
4312955,Nova Boa Vista - RS,2003,4300.0,4300.0,11610.0,2700.0
4312955,Nova Boa Vista - RS,2004,4700.0,4700.0,7896.0,1680.0
4312955,Nova Boa Vista - RS,2005,4600.0,4000.0,1200.0,300.0
4312955,Nova Boa Vista - RS,2006,4400.0,4400.0,10560.0,2400.0
4312955,Nova Boa Vista - RS,2007,4400.0,4400.0,11880.0,2700.0
4312955,Nova Boa Vista - RS,2008,4300.0,4300.0,7805.0,1815.0
4312955,Nova Boa Vista - RS,2009,4400.0,4400.0,8316.0,1890.0
4312955,Nova Boa Vista - RS,2010,4500.0,4500.0,12150.0,2700.0
4312955,Nova Boa Vista - RS,2011,4500.0,4500.0,13500.0,3000.0
4312955,Nova Boa Vista - RS,2012,4300.0,4300.0,6450.0,1500.0
4312955,Nova Boa Vista - RS,2013,4400.0,4400.0,11880.0,2700.0
4312955,Nova Boa Vista - RS,2014,4650.0,4650.0,12555.0,2700.0
4312955,Nova Boa Vista - RS,2015,4800.0,4800.0,15552.0,3240.0
4312955,Nova Boa Vista - RS,2016,4950.0,4950.0,16335.0,3300.0
4312955,Nova Boa Vista - RS,2017,4300.0,4300.0,15480.0,3600.0
4312955,Nova Boa Vista - RS,2018,4700.0,4700.0,16920.0,3600.0
4312955,Nova Boa Vista - RS,2019,4800.0,4800.0,17856.0,3720.0
4312955,Nova Boa Vista - RS,2020,4500.0,4500.0,14400.0,3200.0
4312955,Nova Boa Vista - RS,2021,4500.0,4500.0,16200.0,3600.0
4312955,Nova Boa Vista - RS,2022,4500.0,4500.0,9000.0,2000.0
4312955,Nova Boa Vista - RS,2023,4500.0,4500.0,6750.0,1500.0
4312955,Nova Boa Vista - RS,2024,4500.0,4500.0,13230.0,2940.0
4312955,Nova Boa Vista - RS,2025,4850.0,4850.0,10185.0,2100.0
4313003,Nova Bréscia - RS,2000,,,,
4313003,Nova Bréscia - RS,2001,,,,
4313003,Nova Bréscia - RS,2002,,,,
4313003,Nova Bréscia - RS,2003,,,,
4313003,Nova Bréscia - RS,2004,,,,
4313003,Nova Bréscia - RS,2005,,,,
4313003,Nova Bréscia - RS,2006,,,,
4313003,Nova Bréscia - RS,2007,30.0,30.0,45.0,1500.0
4313003,Nova Bréscia - RS,2008,,,,
4313003,Nova Bréscia - RS,2009,,,,
4313003,Nova Bréscia - RS,2010,20.0,20.0,48.0,2400.0
4313003,Nova Bréscia - RS,2011,20.0,20.0,72.0,3600.0
4313003,Nova Bréscia - RS,2012,20.0,20.0,40.0,2000.0
4313003,Nova Bréscia - RS,2013,20.0,20.0,72.0,3600.0
4313003,Nova Bréscia - RS,2014,20.0,20.0,72.0,3600.0
4313003,Nova Bréscia - RS,2015,20.0,20.0,72.0,3600.0
4313003,Nova Bréscia - RS,2016,20.0,20.0,72.0,3600.0
4313003,Nova Bréscia - RS,2017,20.0,20.0,72.0,3600.0
4313003,Nova Bréscia - RS,2018,,,,
4313003,Nova Bréscia - RS,2019,,,,
4313003,Nova Bréscia - RS,2020,,,,
4313003,Nova Bréscia - RS,2021,,,,
4313003,Nova Bréscia - RS,2022,,,,
4313003,Nova Bréscia - RS,2023,,,,
4313003,Nova Bréscia - RS,2024,,,,
4313003,Nova Bréscia - RS,2025,,,,
4313011,Nova Candelária - RS,2000,3600.0,3600.0,4838.0,1343.0
4313011,Nova Candelária - RS,2001,3600.0,3600.0,5616.0,1560.0
4313011,Nova Candelária - RS,2002,3700.0,3700.0,4618.0,1248.0
4313011,Nova Candelária - RS,2003,3800.0,3800.0,8664.0,2280.0
4313011,Nova Candelária - RS,2004,3900.0,3900.0,2621.0,672.0
4313011,Nova Candelária - RS,2005,3800.0,2280.0,730.0,320.0
4313011,Nova Candelária - RS,2006,3400.0,3400.0,4590.0,1350.0
4313011,Nova Candelária - RS,2007,3000.0,3000.0,7200.0,2400.0
4313011,Nova Candelária - RS,2008,3000.0,3000.0,2880.0,960.0
4313011,Nova Candelária - RS,2009,2700.0,2700.0,4860.0,1800.0
4313011,Nova Candelária - RS,2010,2700.0,2700.0,6156.0,2280.0
4313011,Nova Candelária - RS,2011,2700.0,2700.0,7776.0,2880.0
4313011,Nova Candelária - RS,2012,2025.0,2025.0,972.0,480.0
4313011,Nova Candelária - RS,2013,2700.0,2700.0,6480.0,2400.0
4313011,Nova Candelária - RS,2014,2700.0,2700.0,5184.0,1920.0
4313011,Nova Candelária - RS,2015,2700.0,2700.0,7290.0,2700.0
4313011,Nova Candelária - RS,2016,2700.0,2700.0,8424.0,3120.0
4313011,Nova Candelária - RS,2017,2800.0,2800.0,9744.0,3480.0
4313011,Nova Candelária - RS,2018,3000.0,3000.0,9540.0,3180.0
4313011,Nova Candelária - RS,2019,3000.0,3000.0,8640.0,2880.0
4313011,Nova Candelária - RS,2020,2600.0,2600.0,6864.0,2640.0
4313011,Nova Candelária - RS,2021,2600.0,2600.0,7644.0,2940.0
4313011,Nova Candelária - RS,2022,2700.0,2700.0,2916.0,1080.0
4313011,Nova Candelária - RS,2023,2700.0,2700.0,4535.0,1680.0
4313011,Nova Candelária - RS,2024,2800.0,2800.0,9240.0,3300.0
4313011,Nova Candelária - RS,2025,3000.0,3000.0,8640.0,2880.0
4313037,Nova Esperança do Sul - RS,2000,3300.0,3300.0,4950.0,1500.0
4313037,Nova Esperança do Sul - RS,2001,3300.0,3300.0,8910.0,2700.0
4313037,Nova Esperança do Sul - RS,2002,3300.0,3300.0,5544.0,1680.0
4313037,Nova Esperança do Sul - RS,2003,3500.0,3500.0,9450.0,2700.0
4313037,Nova Esperança do Sul - RS,2004,3700.0,3700.0,5106.0,1380.0
4313037,Nova Esperança do Sul - RS,2005,3700.0,3700.0,4440.0,1200.0
4313037,Nova Esperança do Sul - RS,2006,3700.0,3700.0,8880.0,2400.0
4313037,Nova Esperança do Sul - RS,2007,3700.0,3700.0,8658.0,2340.0
4313037,Nova Esperança do Sul - RS,2008,3700.0,3700.0,7770.0,2100.0
4313037,Nova Esperança do Sul - RS,2009,3700.0,3700.0,8436.0,2280.0
4313037,Nova Esperança do Sul - RS,2010,3200.0,3200.0,8640.0,2700.0
4313037,Nova Esperança do Sul - RS,2011,2700.0,2700.0,8100.0,3000.0
4313037,Nova Esperança do Sul - RS,2012,2900.0,2900.0,6960.0,2400.0
4313037,Nova Esperança do Sul - RS,2013,3100.0,3100.0,10230.0,3300.0
4313037,Nova Esperança do Sul - RS,2014,3200.0,3200.0,7680.0,2400.0
4313037,Nova Esperança do Sul - RS,2015,3250.0,3250.0,9750.0,3000.0
4313037,Nova Esperança do Sul - RS,2016,3250.0,3250.0,10725.0,3300.0
4313037,Nova Esperança do Sul - RS,2017,3300.0,3300.0,11880.0,3600.0
4313037,Nova Esperança do Sul - RS,2018,3300.0,3300.0,10890.0,3300.0
4313037,Nova Esperança do Sul - RS,2019,4280.0,4280.0,12840.0,3000.0
4313037,Nova Esperança do Sul - RS,2020,4280.0,4280.0,7062.0,1650.0
4313037,Nova Esperança do Sul - RS,2021,4350.0,4350.0,14407.0,3312.0
4313037,Nova Esperança do Sul - RS,2022,4350.0,4350.0,1436.0,330.0
4313037,Nova Esperança do Sul - RS,2023,3300.0,3300.0,1634.0,495.0
4313037,Nova Esperança do Sul - RS,2024,4500.0,4500.0,13500.0,3000.0
4313037,Nova Esperança do Sul - RS,2025,4500.0,4500.0,6750.0,1500.0
4313060,Nova Hartz - RS,2000,,,,
4313060,Nova Hartz - RS,2001,,,,
4313060,Nova Hartz - RS,2002,,,,
4313060,Nova Hartz - RS,2003,,,,
4313060,Nova Hartz - RS,2004,,,,
4313060,Nova Hartz - RS,2005,,,,
4313060,Nova Hartz - RS,2006,,,,
4313060,Nova Hartz - RS,2007,,,,
4313060,Nova Hartz - RS,2008,,,,
4313060,Nova Hartz - RS,2009,,,,
4313060,Nova Hartz - RS,2010,,,,
4313060,Nova Hartz - RS,2011,,,,
4313060,Nova Hartz - RS,2012,,,,
4313060,Nova Hartz - RS,2013,,,,
4313060,Nova Hartz - RS,2014,,,,
4313060,Nova Hartz - RS,2015,,,,
4313060,Nova Hartz - RS,2016,,,,
4313060,Nova Hartz - RS,2017,,,,
4313060,Nova Hartz - RS,2018,10.0,10.0,28.0,2800.0
4313060,Nova Hartz - RS,2019,10.0,10.0,28.0,2800.0
4313060,Nova Hartz - RS,2020,10.0,10.0,26.0,2600.0
4313060,Nova Hartz - RS,2021,10.0,10.0,26.0,2600.0
4313060,Nova Hartz - RS,2022,55.0,55.0,116.0,2109.0
4313060,Nova Hartz - RS,2023,40.0,40.0,26.0,650.0
4313060,Nova Hartz - RS,2024,,,,
4313060,Nova Hartz - RS,2025,,,,
4313102,Nova Palma - RS,2000,4000.0,4000.0,7600.0,1900.0
4313102,Nova Palma - RS,2001,4000.0,4000.0,9600.0,2400.0
4313102,Nova Palma - RS,2002,4200.0,4200.0,8820.0,2100.0
4313102,Nova Palma - RS,2003,4300.0,4300.0,12900.0,3000.0
4313102,Nova Palma - RS,2004,4500.0,4500.0,6750.0,1500.0
4313102,Nova Palma - RS,2005,4700.0,4200.0,2016.0,480.0
4313102,Nova Palma - RS,2006,4500.0,4500.0,9450.0,2100.0
4313102,Nova Palma - RS,2007,4000.0,4000.0,10400.0,2600.0
4313102,Nova Palma - RS,2008,4000.0,4000.0,9600.0,2400.0
4313102,Nova Palma - RS,2009,4000.0,4000.0,9600.0,2400.0
4313102,Nova Palma - RS,2010,4500.0,4500.0,12150.0,2700.0
4313102,Nova Palma - RS,2011,4500.0,4500.0,13500.0,3000.0
4313102,Nova Palma - RS,2012,4500.0,4500.0,5625.0,1250.0
4313102,Nova Palma - RS,2013,5500.0,5500.0,16500.0,3000.0
4313102,Nova Palma - RS,2014,6000.0,6000.0,18000.0,3000.0
4313102,Nova Palma - RS,2015,6000.0,6000.0,19800.0,3300.0
4313102,Nova Palma - RS,2016,6400.0,6400.0,21120.0,3300.0
4313102,Nova Palma - RS,2017,6400.0,6400.0,24320.0,3800.0
4313102,Nova Palma - RS,2018,6400.0,6400.0,24320.0,3800.0
4313102,Nova Palma - RS,2019,10000.0,10000.0,38000.0,3800.0
4313102,Nova Palma - RS,2020,10000.0,10000.0,15000.0,1500.0
4313102,Nova Palma - RS,2021,10000.0,10000.0,35000.0,3500.0
4313102,Nova Palma - RS,2022,10000.0,10000.0,12000.0,1200.0
4313102,Nova Palma - RS,2023,10300.0,10300.0,18540.0,1800.0
4313102,Nova Palma - RS,2024,10300.0,10250.0,30750.0,3000.0
4313102,Nova Palma - RS,2025,10300.0,10300.0,24720.0,2400.0
4313201,Nova Petrópolis - RS,2000,,,,
4313201,Nova Petrópolis - RS,2001,,,,
4313201,Nova Petrópolis - RS,2002,,,,
4313201,Nova Petrópolis - RS,2003,,,,
4313201,Nova Petrópolis - RS,2004,,,,
4313201,Nova Petrópolis - RS,2005,,,,
4313201,Nova Petrópolis - RS,2006,,,,
4313201,Nova Petrópolis - RS,2007,,,,
4313201,Nova Petrópolis - RS,2008,,,,
4313201,Nova Petrópolis - RS,2009,,,,
4313201,Nova Petrópolis - RS,2010,,,,
4313201,Nova Petrópolis - RS,2011,,,,
4313201,Nova Petrópolis - RS,2012,,,,
4313201,Nova Petrópolis - RS,2013,,,,
4313201,Nova Petrópolis - RS,2014,,,,
4313201,Nova Petrópolis - RS,2015,,,,
4313201,Nova Petrópolis - RS,2016,,,,
4313201,Nova Petrópolis - RS,2017,,,,
4313201,Nova Petrópolis - RS,2018,,,,
4313201,Nova Petrópolis - RS,2019,,,,
4313201,Nova Petrópolis - RS,2020,,,,
4313201,Nova Petrópolis - RS,2021,,,,
4313201,Nova Petrópolis - RS,2022,,,,
4313201,Nova Petrópolis - RS,2023,,,,
4313201,Nova Petrópolis - RS,2024,,,,
4313201,Nova Petrópolis - RS,2025,,,,
4313300,Nova Prata - RS,2000,300.0,300.0,450.0,1500.0
4313300,Nova Prata - RS,2001,300.0,300.0,660.0,2200.0
4313300,Nova Prata - RS,2002,450.0,450.0,1080.0,2400.0
4313300,Nova Prata - RS,2003,500.0,500.0,1350.0,2700.0
4313300,Nova Prata - RS,2004,500.0,500.0,900.0,1800.0
4313300,Nova Prata - RS,2005,1000.0,1000.0,600.0,600.0
4313300,Nova Prata - RS,2006,1000.0,1000.0,2400.0,2400.0
4313300,Nova Prata - RS,2007,1000.0,1000.0,2700.0,2700.0
4313300,Nova Prata - RS,2008,1000.0,1000.0,2400.0,2400.0
4313300,Nova Prata - RS,2009,1000.0,1000.0,2400.0,2400.0
4313300,Nova Prata - RS,2010,1000.0,1000.0,2400.0,2400.0
4313300,Nova Prata - RS,2011,1000.0,1000.0,3200.0,3200.0
4313300,Nova Prata - RS,2012,1000.0,1000.0,1200.0,1200.0
4313300,Nova Prata - RS,2013,1300.0,1300.0,3900.0,3000.0
4313300,Nova Prata - RS,2014,1500.0,1500.0,4500.0,3000.0
4313300,Nova Prata - RS,2015,3000.0,3000.0,10800.0,3600.0
4313300,Nova Prata - RS,2016,2000.0,2000.0,7200.0,3600.0
4313300,Nova Prata - RS,2017,2200.0,2200.0,7480.0,3400.0
4313300,Nova Prata - RS,2018,2200.0,2200.0,7700.0,3500.0
4313300,Nova Prata - RS,2019,2200.0,2200.0,8140.0,3700.0
4313300,Nova Prata - RS,2020,3500.0,3500.0,7315.0,2090.0
4313300,Nova Prata - RS,2021,3500.0,3500.0,12250.0,3500.0
4313300,Nova Prata - RS,2022,3500.0,3500.0,5250.0,1500.0
4313300,Nova Prata - RS,2023,3650.0,3650.0,7848.0,2150.0
4313300,Nova Prata - RS,2024,3500.0,3500.0,7487.0,2139.0
4313300,Nova Prata - RS,2025,3800.0,3800.0,10792.0,2840.0
4313086,Nova Pádua - RS,2000,,,,
4313086,Nova Pádua - RS,2001,,,,
4313086,Nova Pádua - RS,2002,,,,
4313086,Nova Pádua - RS,2003,,,,
4313086,Nova Pádua - RS,2004,,,,
4313086,Nova Pádua - RS,2005,,,,
4313086,Nova Pádua - RS,2006,,,,
4313086,Nova Pádua - RS,2007,,,,
4313086,Nova Pádua - RS,2008,,,,
4313086,Nova Pádua - RS,2009,,,,
4313086,Nova Pádua - RS,2010,,,,
4313086,Nova Pádua - RS,2011,,,,
4313086,Nova Pádua - RS,2012,,,,
4313086,Nova Pádua - RS,2013,,,,
4313086,Nova Pádua - RS,2014,,,,
4313086,Nova Pádua - RS,2015,,,,
4313086,Nova Pádua - RS,2016,,,,
4313086,Nova Pádua - RS,2017,,,,
4313086,Nova Pádua - RS,2018,,,,
4313086,Nova Pádua - RS,2019,,,,
4313086,Nova Pádua - RS,2020,,,,
4313086,Nova Pádua - RS,2021,,,,
4313086,Nova Pádua - RS,2022,,,,
4313086,Nova Pádua - RS,2023,,,,
4313086,Nova Pádua - RS,2024,,,,
4313086,Nova Pádua - RS,2025,,,,
4313334,Nova Ramada - RS,2000,13700.0,13700.0,18906.0,1380.0
4313334,Nova Ramada - RS,2001,13200.0,13200.0,31680.0,2400.0
4313334,Nova Ramada - RS,2002,13700.0,13700.0,21372.0,1560.0
4313334,Nova Ramada - RS,2003,14000.0,14000.0,36400.0,2600.0
4313334,Nova Ramada - RS,2004,14200.0,14200.0,19596.0,1380.0
4313334,Nova Ramada - RS,2005,14500.0,14000.0,2940.0,210.0
4313334,Nova Ramada - RS,2006,13700.0,13700.0,18906.0,1380.0
4313334,Nova Ramada - RS,2007,13700.0,13700.0,36990.0,2700.0
4313334,Nova Ramada - RS,2008,13700.0,13700.0,32880.0,2400.0
4313334,Nova Ramada - RS,2009,13700.0,13700.0,32880.0,2400.0
4313334,Nova Ramada - RS,2010,12700.0,12700.0,34290.0,2700.0
4313334,Nova Ramada - RS,2011,13700.0,13700.0,41100.0,3000.0
4313334,Nova Ramada - RS,2012,13600.0,12600.0,9072.0,720.0
4313334,Nova Ramada - RS,2013,14300.0,14300.0,36036.0,2520.0
4313334,Nova Ramada - RS,2014,13600.0,13600.0,31008.0,2280.0
4313334,Nova Ramada - RS,2015,14080.0,14080.0,42192.0,2997.0
4313334,Nova Ramada - RS,2016,14500.0,14500.0,52200.0,3600.0
4313334,Nova Ramada - RS,2017,14600.0,14600.0,54276.0,3718.0
4313334,Nova Ramada - RS,2018,14240.0,14240.0,51360.0,3607.0
4313334,Nova Ramada - RS,2019,15165.0,15165.0,54660.0,3604.0
4313334,Nova Ramada - RS,2020,15080.0,15080.0,31812.0,2110.0
4313334,Nova Ramada - RS,2021,15080.0,15080.0,55892.0,3706.0
4313334,Nova Ramada - RS,2022,15550.0,14050.0,12261.0,873.0
4313334,Nova Ramada - RS,2023,15937.0,15937.0,24706.0,1550.0
4313334,Nova Ramada - RS,2024,16330.0,16330.0,57732.0,3535.0
4313334,Nova Ramada - RS,2025,16560.0,16560.0,30901.0,1866.0
4313359,Nova Roma do Sul - RS,2000,,,,
4313359,Nova Roma do Sul - RS,2001,,,,
4313359,Nova Roma do Sul - RS,2002,,,,
4313359,Nova Roma do Sul - RS,2003,,,,
4313359,Nova Roma do Sul - RS,2004,,,,
4313359,Nova Roma do Sul - RS,2005,,,,
4313359,Nova Roma do Sul - RS,2006,,,,
4313359,Nova Roma do Sul - RS,2007,,,,
4313359,Nova Roma do Sul - RS,2008,,,,
4313359,Nova Roma do Sul - RS,2009,,,,
4313359,Nova Roma do Sul - RS,2010,,,,
4313359,Nova Roma do Sul - RS,2011,,,,
4313359,Nova Roma do Sul - RS,2012,,,,
4313359,Nova Roma do Sul - RS,2013,,,,
4313359,Nova Roma do Sul - RS,2014,,,,
4313359,Nova Roma do Sul - RS,2015,,,,
4313359,Nova Roma do Sul - RS,2016,,,,
4313359,Nova Roma do Sul - RS,2017,15.0,15.0,45.0,3000.0
4313359,Nova Roma do Sul - RS,2018,5.0,5.0,15.0,3000.0
4313359,Nova Roma do Sul - RS,2019,15.0,15.0,50.0,3333.0
4313359,Nova Roma do Sul - RS,2020,25.0,25.0,72.0,2880.0
4313359,Nova Roma do Sul - RS,2021,35.0,35.0,116.0,3314.0
4313359,Nova Roma do Sul - RS,2022,50.0,50.0,80.0,1600.0
4313359,Nova Roma do Sul - RS,2023,50.0,50.0,165.0,3300.0
4313359,Nova Roma do Sul - RS,2024,50.0,50.0,150.0,3000.0
4313359,Nova Roma do Sul - RS,2025,10.0,10.0,36.0,3600.0
4313375,Nova Santa Rita - RS,2000,,,,
4313375,Nova Santa Rita - RS,2001,,,,
4313375,Nova Santa Rita - RS,2002,,,,
4313375,Nova Santa Rita - RS,2003,,,,
4313375,Nova Santa Rita - RS,2004,,,,
4313375,Nova Santa Rita - RS,2005,,,,
4313375,Nova Santa Rita - RS,2006,,,,
4313375,Nova Santa Rita - RS,2007,,,,
4313375,Nova Santa Rita - RS,2008,,,,
4313375,Nova Santa Rita - RS,2009,,,,
4313375,Nova Santa Rita - RS,2010,,,,
4313375,Nova Santa Rita - RS,2011,,,,
4313375,Nova Santa Rita - RS,2012,,,,
4313375,Nova Santa Rita - RS,2013,,,,
4313375,Nova Santa Rita - RS,2014,,,,
4313375,Nova Santa Rita - RS,2015,,,,
4313375,Nova Santa Rita - RS,2016,,,,
4313375,Nova Santa Rita - RS,2017,,,,
4313375,Nova Santa Rita - RS,2018,,,,
4313375,Nova Santa Rita - RS,2019,,,,
4313375,Nova Santa Rita - RS,2020,,,,
4313375,Nova Santa Rita - RS,2021,,,,
4313375,Nova Santa Rita - RS,2022,,,,
4313375,Nova Santa Rita - RS,2023,,,,
4313375,Nova Santa Rita - RS,2024,,,,
4313375,Nova Santa Rita - RS,2025,,,,
4313490,Novo Barreiro - RS,2000,4500.0,4500.0,6885.0,1530.0
4313490,Novo Barreiro - RS,2001,4500.0,4500.0,9000.0,2000.0
4313490,Novo Barreiro - RS,2002,4500.0,4500.0,6480.0,1440.0
4313490,Novo Barreiro - RS,2003,4500.0,4500.0,9000.0,2000.0
4313490,Novo Barreiro - RS,2004,5500.0,5500.0,6050.0,1100.0
4313490,Novo Barreiro - RS,2005,5800.0,5800.0,1769.0,305.0
4313490,Novo Barreiro - RS,2006,5300.0,5300.0,9540.0,1800.0
4313490,Novo Barreiro - RS,2007,5300.0,5300.0,13436.0,2535.0
4313490,Novo Barreiro - RS,2008,3000.0,3000.0,6075.0,2025.0
4313490,Novo Barreiro - RS,2009,3000.0,3000.0,7290.0,2430.0
4313490,Novo Barreiro - RS,2010,3000.0,3000.0,8100.0,2700.0
4313490,Novo Barreiro - RS,2011,3000.0,3000.0,8100.0,2700.0
4313490,Novo Barreiro - RS,2012,3500.0,3500.0,4200.0,1200.0
4313490,Novo Barreiro - RS,2013,3700.0,3700.0,11100.0,3000.0
4313490,Novo Barreiro - RS,2014,4000.0,4000.0,10960.0,2740.0
4313490,Novo Barreiro - RS,2015,4000.0,4000.0,12000.0,3000.0
4313490,Novo Barreiro - RS,2016,4500.0,4500.0,13500.0,3000.0
4313490,Novo Barreiro - RS,2017,4500.0,4500.0,16200.0,3600.0
4313490,Novo Barreiro - RS,2018,4700.0,4700.0,16920.0,3600.0
4313490,Novo Barreiro - RS,2019,4700.0,4700.0,16920.0,3600.0
4313490,Novo Barreiro - RS,2020,4500.0,4500.0,10800.0,2400.0
4313490,Novo Barreiro - RS,2021,4500.0,4500.0,16200.0,3600.0
4313490,Novo Barreiro - RS,2022,4900.0,4900.0,5880.0,1200.0
4313490,Novo Barreiro - RS,2023,4900.0,4900.0,11760.0,2400.0
4313490,Novo Barreiro - RS,2024,5000.0,5000.0,18000.0,3600.0
4313490,Novo Barreiro - RS,2025,5000.0,5000.0,12000.0,2400.0
4313391,Novo Cabrais - RS,2000,1500.0,1500.0,3240.0,2160.0
4313391,Novo Cabrais - RS,2001,2000.0,2000.0,4320.0,2160.0
4313391,Novo Cabrais - RS,2002,2000.0,2000.0,3600.0,1800.0
4313391,Novo Cabrais - RS,2003,2100.0,2100.0,4536.0,2160.0
4313391,Novo Cabrais - RS,2004,2400.0,2400.0,3110.0,1295.0
4313391,Novo Cabrais - RS,2005,2400.0,2400.0,2592.0,1080.0
4313391,Novo Cabrais - RS,2006,2320.0,2320.0,5011.0,2159.0
4313391,Novo Cabrais - RS,2007,2320.0,2320.0,5290.0,2280.0
4313391,Novo Cabrais - RS,2008,2400.0,2400.0,5184.0,2160.0
4313391,Novo Cabrais - RS,2009,2400.0,2400.0,5184.0,2160.0
4313391,Novo Cabrais - RS,2010,2900.0,2900.0,6264.0,2160.0
4313391,Novo Cabrais - RS,2011,3000.0,3000.0,8640.0,2880.0
4313391,Novo Cabrais - RS,2012,3200.0,3200.0,5376.0,1680.0
4313391,Novo Cabrais - RS,2013,3400.0,3400.0,8568.0,2520.0
4313391,Novo Cabrais - RS,2014,4400.0,4400.0,12408.0,2820.0
4313391,Novo Cabrais - RS,2015,5000.0,5000.0,13395.0,2679.0
4313391,Novo Cabrais - RS,2016,5500.0,5500.0,15114.0,2748.0
4313391,Novo Cabrais - RS,2017,6500.0,6500.0,18434.0,2836.0
4313391,Novo Cabrais - RS,2018,6500.0,6500.0,18434.0,2836.0
4313391,Novo Cabrais - RS,2019,6500.0,6500.0,21450.0,3300.0
4313391,Novo Cabrais - RS,2020,6500.0,6500.0,8320.0,1280.0
4313391,Novo Cabrais - RS,2021,6500.0,6500.0,18246.0,2807.0
4313391,Novo Cabrais - RS,2022,6700.0,6700.0,18077.0,2698.0
4313391,Novo Cabrais - RS,2023,7100.0,7100.0,10650.0,1500.0
4313391,Novo Cabrais - RS,2024,6700.0,6700.0,16750.0,2500.0
4313391,Novo Cabrais - RS,2025,6500.0,6500.0,13650.0,2100.0
4313409,Novo Hamburgo - RS,2000,,,,
4313409,Novo Hamburgo - RS,2001,,,,
4313409,Novo Hamburgo - RS,2002,,,,
4313409,Novo Hamburgo - RS,2003,,,,
4313409,Novo Hamburgo - RS,2004,60.0,60.0,90.0,1500.0
4313409,Novo Hamburgo - RS,2005,105.0,105.0,50.0,476.0
4313409,Novo Hamburgo - RS,2006,10.0,10.0,10.0,1000.0
4313409,Novo Hamburgo - RS,2007,50.0,50.0,125.0,2500.0
4313409,Novo Hamburgo - RS,2008,50.0,50.0,125.0,2500.0
4313409,Novo Hamburgo - RS,2009,50.0,50.0,105.0,2100.0
4313409,Novo Hamburgo - RS,2010,50.0,50.0,120.0,2400.0
4313409,Novo Hamburgo - RS,2011,20.0,20.0,56.0,2800.0
4313409,Novo Hamburgo - RS,2012,20.0,20.0,60.0,3000.0
4313409,Novo Hamburgo - RS,2013,60.0,60.0,150.0,2500.0
4313409,Novo Hamburgo - RS,2014,60.0,60.0,150.0,2500.0
4313409,Novo Hamburgo - RS,2015,60.0,60.0,150.0,2500.0
4313409,Novo Hamburgo - RS,2016,60.0,60.0,150.0,2500.0
4313409,Novo Hamburgo - RS,2017,60.0,60.0,150.0,2500.0
4313409,Novo Hamburgo - RS,2018,60.0,60.0,161.0,2683.0
4313409,Novo Hamburgo - RS,2019,60.0,60.0,150.0,2500.0
4313409,Novo Hamburgo - RS,2020,60.0,60.0,150.0,2500.0
4313409,Novo Hamburgo - RS,2021,150.0,150.0,495.0,3300.0
4313409,Novo Hamburgo - RS,2022,300.0,300.0,743.0,2477.0
4313409,Novo Hamburgo - RS,2023,300.0,300.0,652.0,2173.0
4313409,Novo Hamburgo - RS,2024,450.0,450.0,644.0,1431.0
4313409,Novo Hamburgo - RS,2025,450.0,450.0,960.0,2133.0
4313425,Novo Machado - RS,2000,11000.0,11000.0,13200.0,1200.0
4313425,Novo Machado - RS,2001,11000.0,11000.0,24750.0,2250.0
4313425,Novo Machado - RS,2002,12000.0,12000.0,21000.0,1750.0
4313425,Novo Machado - RS,2003,12500.0,12500.0,36000.0,2880.0
4313425,Novo Machado - RS,2004,12500.0,12500.0,13500.0,1080.0
4313425,Novo Machado - RS,2005,12700.0,10160.0,2438.0,239.0
4313425,Novo Machado - RS,2006,12000.0,12000.0,25200.0,2100.0
4313425,Novo Machado - RS,2007,12000.0,12000.0,26400.0,2200.0
4313425,Novo Machado - RS,2008,12000.0,12000.0,14520.0,1210.0
4313425,Novo Machado - RS,2009,11450.0,11450.0,21297.0,1860.0
4313425,Novo Machado - RS,2010,11450.0,11450.0,25190.0,2200.0
4313425,Novo Machado - RS,2011,11000.0,11000.0,29700.0,2700.0
4313425,Novo Machado - RS,2012,11000.0,11000.0,10395.0,945.0
4313425,Novo Machado - RS,2013,11000.0,11000.0,21780.0,1980.0
4313425,Novo Machado - RS,2014,11000.0,11000.0,21120.0,1920.0
4313425,Novo Machado - RS,2015,11000.0,11000.0,29700.0,2700.0
4313425,Novo Machado - RS,2016,11000.0,11000.0,29700.0,2700.0
4313425,Novo Machado - RS,2017,11100.0,11100.0,33300.0,3000.0
4313425,Novo Machado - RS,2018,11100.0,11100.0,27417.0,2470.0
4313425,Novo Machado - RS,2019,11100.0,11100.0,31968.0,2880.0
4313425,Novo Machado - RS,2020,11100.0,11100.0,26640.0,2400.0
4313425,Novo Machado - RS,2021,11100.0,11100.0,31080.0,2800.0
4313425,Novo Machado - RS,2022,11600.0,11600.0,12690.0,1094.0
4313425,Novo Machado - RS,2023,11600.0,11600.0,18900.0,1629.0
4313425,Novo Machado - RS,2024,11680.0,11680.0,33653.0,2881.0
4313425,Novo Machado - RS,2025,11650.0,11650.0,17835.0,1531.0
4313441,Novo Tiradentes - RS,2000,4000.0,4000.0,5400.0,1350.0
4313441,Novo Tiradentes - RS,2001,4700.0,4700.0,7990.0,1700.0
4313441,Novo Tiradentes - RS,2002,5200.0,5200.0,3744.0,720.0
4313441,Novo Tiradentes - RS,2003,4600.0,4600.0,8280.0,1800.0
4313441,Novo Tiradentes - RS,2004,3900.0,3900.0,1053.0,270.0
4313441,Novo Tiradentes - RS,2005,3800.0,3800.0,1368.0,360.0
4313441,Novo Tiradentes - RS,2006,1000.0,1000.0,1900.0,1900.0
4313441,Novo Tiradentes - RS,2007,1000.0,1000.0,2400.0,2400.0
4313441,Novo Tiradentes - RS,2008,1000.0,1000.0,1800.0,1800.0
4313441,Novo Tiradentes - RS,2009,1000.0,1000.0,2000.0,2000.0
4313441,Novo Tiradentes - RS,2010,1000.0,1000.0,2700.0,2700.0
4313441,Novo Tiradentes - RS,2011,1500.0,1500.0,4050.0,2700.0
4313441,Novo Tiradentes - RS,2012,1500.0,1500.0,1800.0,1200.0
4313441,Novo Tiradentes - RS,2013,1500.0,1500.0,4500.0,3000.0
4313441,Novo Tiradentes - RS,2014,1200.0,1200.0,3240.0,2700.0
4313441,Novo Tiradentes - RS,2015,1400.0,1400.0,4620.0,3300.0
4313441,Novo Tiradentes - RS,2016,1960.0,1960.0,6468.0,3300.0
4313441,Novo Tiradentes - RS,2017,1960.0,1960.0,6468.0,3300.0
4313441,Novo Tiradentes - RS,2018,2400.0,2400.0,7920.0,3300.0
4313441,Novo Tiradentes - RS,2019,2500.0,2500.0,9000.0,3600.0
4313441,Novo Tiradentes - RS,2020,2500.0,2500.0,7500.0,3000.0
4313441,Novo Tiradentes - RS,2021,2500.0,2500.0,9000.0,3600.0
4313441,Novo Tiradentes - RS,2022,2600.0,2600.0,6000.0,2308.0
4313441,Novo Tiradentes - RS,2023,2600.0,2600.0,7020.0,2700.0
4313441,Novo Tiradentes - RS,2024,2600.0,2600.0,7280.0,2800.0
4313441,Novo Tiradentes - RS,2025,2800.0,2800.0,5880.0,2100.0
4313466,Novo Xingu - RS,2000,,,,
4313466,Novo Xingu - RS,2001,3300.0,3300.0,7326.0,2220.0
4313466,Novo Xingu - RS,2002,3300.0,3300.0,3960.0,1200.0
4313466,Novo Xingu - RS,2003,3500.0,3500.0,8400.0,2400.0
4313466,Novo Xingu - RS,2004,3800.0,3100.0,2325.0,750.0
4313466,Novo Xingu - RS,2005,3000.0,3000.0,1080.0,360.0
4313466,Novo Xingu - RS,2006,2800.0,2800.0,5124.0,1830.0
4313466,Novo Xingu - RS,2007,4000.0,4000.0,10800.0,2700.0
4313466,Novo Xingu - RS,2008,3000.0,3000.0,7200.0,2400.0
4313466,Novo Xingu - RS,2009,3000.0,3000.0,6930.0,2310.0
4313466,Novo Xingu - RS,2010,4200.0,4200.0,10143.0,2415.0
4313466,Novo Xingu - RS,2011,3150.0,3150.0,9450.0,3000.0
4313466,Novo Xingu - RS,2012,3100.0,3100.0,2558.0,825.0
4313466,Novo Xingu - RS,2013,3300.0,3300.0,8623.0,2613.0
4313466,Novo Xingu - RS,2014,3300.0,3300.0,8514.0,2580.0
4313466,Novo Xingu - RS,2015,3400.0,3400.0,11900.0,3500.0
4313466,Novo Xingu - RS,2016,3700.0,3700.0,12210.0,3300.0
4313466,Novo Xingu - RS,2017,3700.0,3700.0,12210.0,3300.0
4313466,Novo Xingu - RS,2018,3750.0,3750.0,13500.0,3600.0
4313466,Novo Xingu - RS,2019,3500.0,3500.0,12075.0,3450.0
4313466,Novo Xingu - RS,2020,3700.0,3700.0,5328.0,1440.0
4313466,Novo Xingu - RS,2021,3600.0,3600.0,10584.0,2940.0
4313466,Novo Xingu - RS,2022,3600.0,3600.0,4536.0,1260.0
4313466,Novo Xingu - RS,2023,3400.0,3400.0,3927.0,1155.0
4313466,Novo Xingu - RS,2024,3500.0,3500.0,11550.0,3300.0
4313466,Novo Xingu - RS,2025,3500.0,3500.0,7812.0,2232.0
4312658,Não-Me-Toque - RS,2000,20100.0,20100.0,39798.0,1980.0
4312658,Não-Me-Toque - RS,2001,18000.0,18000.0,43200.0,2400.0
4312658,Não-Me-Toque - RS,2002,18900.0,18900.0,40824.0,2160.0
4312658,Não-Me-Toque - RS,2003,20000.0,20000.0,60000.0,3000.0
4312658,Não-Me-Toque - RS,2004,20400.0,20400.0,36720.0,1800.0
4312658,Não-Me-Toque - RS,2005,20400.0,20400.0,14688.0,720.0
4312658,Não-Me-Toque - RS,2006,19600.0,19600.0,47040.0,2400.0
4312658,Não-Me-Toque - RS,2007,20600.0,20600.0,58092.0,2820.0
4312658,Não-Me-Toque - RS,2008,20500.0,20500.0,52583.0,2565.0
4312658,Não-Me-Toque - RS,2009,20500.0,20500.0,53300.0,2600.0
4312658,Não-Me-Toque - RS,2010,21000.0,21000.0,63000.0,3000.0
4312658,Não-Me-Toque - RS,2011,21500.0,21500.0,79980.0,3720.0
4312658,Não-Me-Toque - RS,2012,21300.0,21300.0,38340.0,1800.0
4312658,Não-Me-Toque - RS,2013,22100.0,22100.0,77571.0,3510.0
4312658,Não-Me-Toque - RS,2014,22500.0,22500.0,65250.0,2900.0
4312658,Não-Me-Toque - RS,2015,22200.0,22200.0,73260.0,3300.0
4312658,Não-Me-Toque - RS,2016,22700.0,22700.0,77634.0,3420.0
4312658,Não-Me-Toque - RS,2017,23000.0,23000.0,92000.0,4000.0
4312658,Não-Me-Toque - RS,2018,23000.0,23000.0,96600.0,4200.0
4312658,Não-Me-Toque - RS,2019,22500.0,22500.0,85500.0,3800.0
4312658,Não-Me-Toque - RS,2020,22370.0,22370.0,44670.0,1997.0
4312658,Não-Me-Toque - RS,2021,22370.0,22370.0,94005.0,4202.0
4312658,Não-Me-Toque - RS,2022,22340.0,22340.0,40788.0,1826.0
4312658,Não-Me-Toque - RS,2023,22300.0,22300.0,60510.0,2713.0
4312658,Não-Me-Toque - RS,2024,22300.0,22300.0,87150.0,3908.0
4312658,Não-Me-Toque - RS,2025,23200.0,23200.0,51040.0,2200.0
4313508,Osório - RS,2000,,,,
4313508,Osório - RS,2001,,,,
4313508,Osório - RS,2002,,,,
4313508,Osório - RS,2003,,,,
4313508,Osório - RS,2004,,,,
4313508,Osório - RS,2005,,,,
4313508,Osório - RS,2006,,,,
4313508,Osório - RS,2007,,,,
4313508,Osório - RS,2008,,,,
4313508,Osório - RS,2009,,,,
4313508,Osório - RS,2010,,,,
4313508,Osório - RS,2011,,,,
4313508,Osório - RS,2012,,,,
4313508,Osório - RS,2013,242.0,242.0,436.0,1802.0
4313508,Osório - RS,2014,450.0,450.0,811.0,1802.0
4313508,Osório - RS,2015,437.0,437.0,787.0,1801.0
4313508,Osório - RS,2016,800.0,800.0,1440.0,1800.0
4313508,Osório - RS,2017,1500.0,1500.0,3600.0,2400.0
4313508,Osório - RS,2018,1500.0,1500.0,3600.0,2400.0
4313508,Osório - RS,2019,1800.0,1800.0,4320.0,2400.0
4313508,Osório - RS,2020,2000.0,2000.0,3600.0,1800.0
4313508,Osório - RS,2021,2000.0,2000.0,4800.0,2400.0
4313508,Osório - RS,2022,2200.0,2200.0,5280.0,2400.0
4313508,Osório - RS,2023,2200.0,2200.0,5500.0,2500.0
4313508,Osório - RS,2024,2200.0,2200.0,3080.0,1400.0
4313508,Osório - RS,2025,2200.0,2200.0,4400.0,2000.0
4313607,Paim Filho - RS,2000,1200.0,1200.0,2520.0,2100.0
4313607,Paim Filho - RS,2001,1000.0,1000.0,2400.0,2400.0
4313607,Paim Filho - RS,2002,2100.0,2100.0,4410.0,2100.0
4313607,Paim Filho - RS,2003,2500.0,2500.0,7500.0,3000.0
4313607,Paim Filho - RS,2004,3000.0,3000.0,5760.0,1920.0
4313607,Paim Filho - RS,2005,3000.0,2200.0,1320.0,600.0
4313607,Paim Filho - RS,2006,2500.0,2500.0,6750.0,2700.0
4313607,Paim Filho - RS,2007,3000.0,3000.0,9000.0,3000.0
4313607,Paim Filho - RS,2008,3300.0,3300.0,7920.0,2400.0
4313607,Paim Filho - RS,2009,3500.0,3500.0,8505.0,2430.0
4313607,Paim Filho - RS,2010,3900.0,3900.0,12870.0,3300.0
4313607,Paim Filho - RS,2011,4200.0,4200.0,13860.0,3300.0
4313607,Paim Filho - RS,2012,3500.0,3500.0,9450.0,2700.0
4313607,Paim Filho - RS,2013,3800.0,3800.0,9120.0,2400.0
4313607,Paim Filho - RS,2014,4800.0,4800.0,14400.0,3000.0
4313607,Paim Filho - RS,2015,5300.0,5300.0,17490.0,3300.0
4313607,Paim Filho - RS,2016,5500.0,5500.0,19800.0,3600.0
4313607,Paim Filho - RS,2017,5100.0,5100.0,16524.0,3240.0
4313607,Paim Filho - RS,2018,5400.0,5400.0,19440.0,3600.0
4313607,Paim Filho - RS,2019,5400.0,5400.0,20250.0,3750.0
4313607,Paim Filho - RS,2020,5400.0,5400.0,11340.0,2100.0
4313607,Paim Filho - RS,2021,5400.0,5400.0,17820.0,3300.0
4313607,Paim Filho - RS,2022,5400.0,5400.0,6480.0,1200.0
4313607,Paim Filho - RS,2023,5700.0,5700.0,20520.0,3600.0
4313607,Paim Filho - RS,2024,5700.0,5700.0,18810.0,3300.0
4313607,Paim Filho - RS,2025,5900.0,5900.0,14160.0,2400.0
4313656,Palmares do Sul - RS,2000,,,,
4313656,Palmares do Sul - RS,2001,,,,
4313656,Palmares do Sul - RS,2002,,,,
4313656,Palmares do Sul - RS,2003,,,,
4313656,Palmares do Sul - RS,2004,,,,
4313656,Palmares do Sul - RS,2005,,,,
4313656,Palmares do Sul - RS,2006,,,,
4313656,Palmares do Sul - RS,2007,,,,
4313656,Palmares do Sul - RS,2008,,,,
4313656,Palmares do Sul - RS,2009,,,,
4313656,Palmares do Sul - RS,2010,,,,
4313656,Palmares do Sul - RS,2011,,,,
4313656,Palmares do Sul - RS,2012,60.0,60.0,150.0,2500.0
4313656,Palmares do Sul - RS,2013,300.0,300.0,750.0,2500.0
4313656,Palmares do Sul - RS,2014,1100.0,1100.0,2750.0,2500.0
4313656,Palmares do Sul - RS,2015,2200.0,2200.0,7656.0,3480.0
4313656,Palmares do Sul - RS,2016,3000.0,3000.0,11160.0,3720.0
4313656,Palmares do Sul - RS,2017,4000.0,4000.0,15600.0,3900.0
4313656,Palmares do Sul - RS,2018,3500.0,3500.0,12250.0,3500.0
4313656,Palmares do Sul - RS,2019,4090.0,4090.0,15460.0,3780.0
4313656,Palmares do Sul - RS,2020,6573.0,6573.0,17747.0,2700.0
4313656,Palmares do Sul - RS,2021,8000.0,8000.0,24000.0,3000.0
4313656,Palmares do Sul - RS,2022,9000.0,9000.0,27000.0,3000.0
4313656,Palmares do Sul - RS,2023,10000.0,10000.0,28000.0,2800.0
4313656,Palmares do Sul - RS,2024,7500.0,3750.0,5074.0,1353.0
4313656,Palmares do Sul - RS,2025,7500.0,7500.0,24750.0,3300.0
4313706,Palmeira das Missões - RS,2000,85000.0,85000.0,168300.0,1980.0
4313706,Palmeira das Missões - RS,2001,78000.0,78000.0,171600.0,2200.0
4313706,Palmeira das Missões - RS,2002,90000.0,90000.0,145800.0,1620.0
4313706,Palmeira das Missões - RS,2003,90000.0,90000.0,297000.0,3300.0
4313706,Palmeira das Missões - RS,2004,92000.0,92000.0,154560.0,1680.0
4313706,Palmeira das Missões - RS,2005,92000.0,92000.0,49680.0,540.0
4313706,Palmeira das Missões - RS,2006,90000.0,90000.0,198000.0,2200.0
4313706,Palmeira das Missões - RS,2007,93000.0,93000.0,316200.0,3400.0
4313706,Palmeira das Missões - RS,2008,90000.0,90000.0,194400.0,2160.0
4313706,Palmeira das Missões - RS,2009,88000.0,88000.0,272800.0,3100.0
4313706,Palmeira das Missões - RS,2010,92000.0,92000.0,220800.0,2400.0
4313706,Palmeira das Missões - RS,2011,90000.0,90000.0,270000.0,3000.0
4313706,Palmeira das Missões - RS,2012,89000.0,89000.0,161256.0,1812.0
4313706,Palmeira das Missões - RS,2013,93500.0,93500.0,253350.0,2710.0
4313706,Palmeira das Missões - RS,2014,93500.0,93500.0,281100.0,3006.0
4313706,Palmeira das Missões - RS,2015,95000.0,95000.0,285600.0,3006.0
4313706,Palmeira das Missões - RS,2016,97000.0,97000.0,312800.0,3225.0
4313706,Palmeira das Missões - RS,2017,90000.0,90000.0,316400.0,3516.0
4313706,Palmeira das Missões - RS,2018,90400.0,90400.0,318100.0,3519.0
4313706,Palmeira das Missões - RS,2019,105000.0,105000.0,384000.0,3657.0
4313706,Palmeira das Missões - RS,2020,105000.0,105000.0,260000.0,2476.0
4313706,Palmeira das Missões - RS,2021,105000.0,105000.0,381000.0,3629.0
4313706,Palmeira das Missões - RS,2022,110000.0,110000.0,144000.0,1309.0
4313706,Palmeira das Missões - RS,2023,110000.0,110000.0,204000.0,1855.0
4313706,Palmeira das Missões - RS,2024,110000.0,110000.0,363000.0,3300.0
4313706,Palmeira das Missões - RS,2025,110000.0,110000.0,322500.0,2932.0
4313805,Palmitinho - RS,2000,1000.0,1000.0,1170.0,1170.0
4313805,Palmitinho - RS,2001,1200.0,1200.0,1440.0,1200.0
4313805,Palmitinho - RS,2002,1500.0,1500.0,1913.0,1275.0
4313805,Palmitinho - RS,2003,1800.0,1800.0,2700.0,1500.0
4313805,Palmitinho - RS,2004,1800.0,1800.0,972.0,540.0
4313805,Palmitinho - RS,2005,1800.0,1800.0,713.0,396.0
4313805,Palmitinho - RS,2006,1600.0,1600.0,1440.0,900.0
4313805,Palmitinho - RS,2007,1200.0,1200.0,2160.0,1800.0
4313805,Palmitinho - RS,2008,1200.0,1200.0,1728.0,1440.0
4313805,Palmitinho - RS,2009,1080.0,1080.0,778.0,720.0
4313805,Palmitinho - RS,2010,800.0,800.0,1200.0,1500.0
4313805,Palmitinho - RS,2011,1200.0,1200.0,2128.0,1773.0
4313805,Palmitinho - RS,2012,900.0,900.0,972.0,1080.0
4313805,Palmitinho - RS,2013,900.0,900.0,1890.0,2100.0
4313805,Palmitinho - RS,2014,700.0,700.0,1470.0,2100.0
4313805,Palmitinho - RS,2015,600.0,600.0,1620.0,2700.0
4313805,Palmitinho - RS,2016,600.0,600.0,1620.0,2700.0
4313805,Palmitinho - RS,2017,600.0,420.0,1260.0,3000.0
4313805,Palmitinho - RS,2018,650.0,650.0,1950.0,3000.0
4313805,Palmitinho - RS,2019,675.0,675.0,2098.0,3108.0
4313805,Palmitinho - RS,2020,650.0,650.0,1288.0,1982.0
4313805,Palmitinho - RS,2021,650.0,650.0,2035.0,3131.0
4313805,Palmitinho - RS,2022,610.0,400.0,264.0,660.0
4313805,Palmitinho - RS,2023,650.0,650.0,1365.0,2100.0
4313805,Palmitinho - RS,2024,650.0,650.0,1495.0,2300.0
4313805,Palmitinho - RS,2025,650.0,650.0,1170.0,1800.0
4313904,Panambi - RS,2000,28000.0,28000.0,50400.0,1800.0
4313904,Panambi - RS,2001,26400.0,26400.0,71280.0,2700.0
4313904,Panambi - RS,2002,28000.0,28000.0,57120.0,2040.0
4313904,Panambi - RS,2003,29000.0,29000.0,87000.0,3000.0
4313904,Panambi - RS,2004,30000.0,30000.0,42000.0,1400.0
4313904,Panambi - RS,2005,31000.0,31000.0,16740.0,540.0
4313904,Panambi - RS,2006,29000.0,29000.0,65250.0,2250.0
4313904,Panambi - RS,2007,29000.0,29000.0,78300.0,2700.0
4313904,Panambi - RS,2008,29000.0,29000.0,57420.0,1980.0
4313904,Panambi - RS,2009,29000.0,29000.0,69600.0,2400.0
4313904,Panambi - RS,2010,30000.0,30000.0,86400.0,2880.0
4313904,Panambi - RS,2011,30300.0,30300.0,98172.0,3240.0
4313904,Panambi - RS,2012,30000.0,30000.0,30600.0,1020.0
4313904,Panambi - RS,2013,29100.0,29100.0,80025.0,2750.0
4313904,Panambi - RS,2014,29100.0,29100.0,78570.0,2700.0
4313904,Panambi - RS,2015,28655.0,28655.0,104877.0,3660.0
4313904,Panambi - RS,2016,29580.0,29580.0,113935.0,3852.0
4313904,Panambi - RS,2017,29080.0,29080.0,113552.0,3905.0
4313904,Panambi - RS,2018,29480.0,29480.0,115841.0,3929.0
4313904,Panambi - RS,2019,25928.0,25928.0,94334.0,3638.0
4313904,Panambi - RS,2020,26000.0,26000.0,59000.0,2269.0
4313904,Panambi - RS,2021,26000.0,26000.0,101940.0,3921.0
4313904,Panambi - RS,2022,26000.0,26000.0,36642.0,1409.0
4313904,Panambi - RS,2023,26000.0,26000.0,56760.0,2183.0
4313904,Panambi - RS,2024,26000.0,24900.0,97560.0,3918.0
4313904,Panambi - RS,2025,26000.0,26000.0,61008.0,2346.0
4313953,Pantano Grande - RS,2000,4500.0,4500.0,7425.0,1650.0
4313953,Pantano Grande - RS,2001,4500.0,4500.0,10800.0,2400.0
4313953,Pantano Grande - RS,2002,5000.0,5000.0,10500.0,2100.0
4313953,Pantano Grande - RS,2003,7000.0,7000.0,16800.0,2400.0
4313953,Pantano Grande - RS,2004,9000.0,9000.0,9720.0,1080.0
4313953,Pantano Grande - RS,2005,9000.0,9000.0,8640.0,960.0
4313953,Pantano Grande - RS,2006,9000.0,9000.0,13500.0,1500.0
4313953,Pantano Grande - RS,2007,9000.0,9000.0,13500.0,1500.0
4313953,Pantano Grande - RS,2008,9000.0,9000.0,21600.0,2400.0
4313953,Pantano Grande - RS,2009,9000.0,9000.0,24300.0,2700.0
4313953,Pantano Grande - RS,2010,9000.0,9000.0,21600.0,2400.0
4313953,Pantano Grande - RS,2011,9000.0,9000.0,27000.0,3000.0
4313953,Pantano Grande - RS,2012,10000.0,10000.0,18000.0,1800.0
4313953,Pantano Grande - RS,2013,11500.0,11500.0,27600.0,2400.0
4313953,Pantano Grande - RS,2014,12650.0,12650.0,30360.0,2400.0
4313953,Pantano Grande - RS,2015,12450.0,12450.0,33615.0,2700.0
4313953,Pantano Grande - RS,2016,12500.0,11550.0,31185.0,2700.0
4313953,Pantano Grande - RS,2017,12500.0,12200.0,35136.0,2880.0
4313953,Pantano Grande - RS,2018,20200.0,20200.0,42420.0,2100.0
4313953,Pantano Grande - RS,2019,21200.0,20500.0,59040.0,2880.0
4313953,Pantano Grande - RS,2020,21300.0,21300.0,13680.0,642.0
4313953,Pantano Grande - RS,2021,21300.0,21300.0,58260.0,2735.0
4313953,Pantano Grande - RS,2022,22500.0,21500.0,32850.0,1528.0
4313953,Pantano Grande - RS,2023,21900.0,21900.0,27240.0,1244.0
4313953,Pantano Grande - RS,2024,21900.0,18400.0,25200.0,1370.0
4313953,Pantano Grande - RS,2025,21900.0,21900.0,20550.0,938.0
4314001,Paraí - RS,2000,8.0,8.0,10.0,1250.0
4314001,Paraí - RS,2001,8.0,8.0,14.0,1750.0
4314001,Paraí - RS,2002,8.0,8.0,14.0,1750.0
4314001,Paraí - RS,2003,130.0,130.0,429.0,3300.0
4314001,Paraí - RS,2004,150.0,150.0,248.0,1653.0
4314001,Paraí - RS,2005,450.0,450.0,405.0,900.0
4314001,Paraí - RS,2006,450.0,450.0,1080.0,2400.0
4314001,Paraí - RS,2007,450.0,450.0,1485.0,3300.0
4314001,Paraí - RS,2008,450.0,450.0,1350.0,3000.0
4314001,Paraí - RS,2009,580.0,450.0,1328.0,2951.0
4314001,Paraí - RS,2010,600.0,600.0,2100.0,3500.0
4314001,Paraí - RS,2011,600.0,600.0,2190.0,3650.0
4314001,Paraí - RS,2012,800.0,800.0,1700.0,2125.0
4314001,Paraí - RS,2013,800.0,800.0,2880.0,3600.0
4314001,Paraí - RS,2014,850.0,850.0,2958.0,3480.0
4314001,Paraí - RS,2015,1000.0,1000.0,3900.0,3900.0
4314001,Paraí - RS,2016,1400.0,1400.0,4900.0,3500.0
4314001,Paraí - RS,2017,950.0,950.0,3876.0,4080.0
4314001,Paraí - RS,2018,1000.0,1000.0,4788.0,4788.0
4314001,Paraí - RS,2019,1400.0,1400.0,5500.0,3929.0
4314001,Paraí - RS,2020,1400.0,1400.0,3108.0,2220.0
4314001,Paraí - RS,2021,1400.0,1400.0,5302.0,3787.0
4314001,Paraí - RS,2022,1400.0,1400.0,1365.0,975.0
4314001,Paraí - RS,2023,1500.0,1500.0,2250.0,1500.0
4314001,Paraí - RS,2024,1500.0,1500.0,3488.0,2325.0
4314001,Paraí - RS,2025,1500.0,1500.0,3150.0,2100.0
4314027,Paraíso do Sul - RS,2000,160.0,160.0,336.0,2100.0
4314027,Paraíso do Sul - RS,2001,160.0,160.0,336.0,2100.0
4314027,Paraíso do Sul - RS,2002,470.0,470.0,987.0,2100.0
4314027,Paraíso do Sul - RS,2003,500.0,500.0,1200.0,2400.0
4314027,Paraíso do Sul - RS,2004,800.0,800.0,768.0,960.0
4314027,Paraíso do Sul - RS,2005,800.0,670.0,643.0,959.0
4314027,Paraíso do Sul - RS,2006,800.0,800.0,1680.0,2100.0
4314027,Paraíso do Sul - RS,2007,800.0,800.0,2160.0,2700.0
4314027,Paraíso do Sul - RS,2008,1000.0,1000.0,2700.0,2700.0
4314027,Paraíso do Sul - RS,2009,1000.0,1000.0,2400.0,2400.0
4314027,Paraíso do Sul - RS,2010,1000.0,1000.0,2280.0,2280.0
4314027,Paraíso do Sul - RS,2011,1000.0,1000.0,2580.0,2580.0
4314027,Paraíso do Sul - RS,2012,1240.0,1240.0,1761.0,1420.0
4314027,Paraíso do Sul - RS,2013,1325.0,1325.0,3710.0,2800.0
4314027,Paraíso do Sul - RS,2014,1900.0,1900.0,5700.0,3000.0
4314027,Paraíso do Sul - RS,2015,2400.0,2400.0,7200.0,3000.0
4314027,Paraíso do Sul - RS,2016,2400.0,2400.0,6703.0,2793.0
4314027,Paraíso do Sul - RS,2017,3000.0,3000.0,8400.0,2800.0
4314027,Paraíso do Sul - RS,2018,2400.0,2400.0,7200.0,3000.0
4314027,Paraíso do Sul - RS,2019,2700.0,2700.0,8100.0,3000.0
4314027,Paraíso do Sul - RS,2020,3000.0,3000.0,2700.0,900.0
4314027,Paraíso do Sul - RS,2021,3000.0,3000.0,8592.0,2864.0
4314027,Paraíso do Sul - RS,2022,3000.0,3000.0,6930.0,2310.0
4314027,Paraíso do Sul - RS,2023,4000.0,4000.0,8640.0,2160.0
4314027,Paraíso do Sul - RS,2024,4000.0,4000.0,8800.0,2200.0
4314027,Paraíso do Sul - RS,2025,4000.0,4000.0,8960.0,2240.0
4314035,Pareci Novo - RS,2000,,,,
4314035,Pareci Novo - RS,2001,,,,
4314035,Pareci Novo - RS,2002,,,,
4314035,Pareci Novo - RS,2003,,,,
4314035,Pareci Novo - RS,2004,,,,
4314035,Pareci Novo - RS,2005,,,,
4314035,Pareci Novo - RS,2006,,,,
4314035,Pareci Novo - RS,2007,,,,
4314035,Pareci Novo - RS,2008,,,,
4314035,Pareci Novo - RS,2009,,,,
4314035,Pareci Novo - RS,2010,,,,
4314035,Pareci Novo - RS,2011,,,,
4314035,Pareci Novo - RS,2012,,,,
4314035,Pareci Novo - RS,2013,,,,
4314035,Pareci Novo - RS,2014,,,,
4314035,Pareci Novo - RS,2015,,,,
4314035,Pareci Novo - RS,2016,,,,
4314035,Pareci Novo - RS,2017,,,,
4314035,Pareci Novo - RS,2018,,,,
4314035,Pareci Novo - RS,2019,,,,
4314035,Pareci Novo - RS,2020,,,,
4314035,Pareci Novo - RS,2021,,,,
4314035,Pareci Novo - RS,2022,,,,
4314035,Pareci Novo - RS,2023,,,,
4314035,Pareci Novo - RS,2024,,,,
4314035,Pareci Novo - RS,2025,,,,
4314050,Parobé - RS,2000,,,,
4314050,Parobé - RS,2001,,,,
4314050,Parobé - RS,2002,1.0,1.0,2.0,2000.0
4314050,Parobé - RS,2003,1.0,1.0,2.0,2000.0
4314050,Parobé - RS,2004,1.0,1.0,2.0,2000.0
4314050,Parobé - RS,2005,1.0,1.0,2.0,2000.0
4314050,Parobé - RS,2006,1.0,1.0,1.0,1000.0
4314050,Parobé - RS,2007,,,,
4314050,Parobé - RS,2008,,,,
4314050,Parobé - RS,2009,,,,
4314050,Parobé - RS,2010,,,,
4314050,Parobé - RS,2011,,,,
4314050,Parobé - RS,2012,,,,
4314050,Parobé - RS,2013,,,,
4314050,Parobé - RS,2014,,,,
4314050,Parobé - RS,2015,120.0,120.0,360.0,3000.0
4314050,Parobé - RS,2016,150.0,150.0,405.0,2700.0
4314050,Parobé - RS,2017,50.0,50.0,135.0,2700.0
4314050,Parobé - RS,2018,4.0,4.0,12.0,3000.0
4314050,Parobé - RS,2019,4.0,4.0,12.0,3000.0
4314050,Parobé - RS,2020,17.0,,,
4314050,Parobé - RS,2021,50.0,50.0,150.0,3000.0
4314050,Parobé - RS,2022,60.0,60.0,192.0,3200.0
4314050,Parobé - RS,2023,60.0,60.0,108.0,1800.0
4314050,Parobé - RS,2024,,,,
4314050,Parobé - RS,2025,,,,
4314068,Passa Sete - RS,2000,600.0,600.0,1620.0,2700.0
4314068,Passa Sete - RS,2001,900.0,900.0,2916.0,3240.0
4314068,Passa Sete - RS,2002,900.0,900.0,2103.0,2336.0
4314068,Passa Sete - RS,2003,1200.0,1200.0,3240.0,2700.0
4314068,Passa Sete - RS,2004,1400.0,1400.0,2520.0,1800.0
4314068,Passa Sete - RS,2005,1700.0,1530.0,1652.0,1079.0
4314068,Passa Sete - RS,2006,1700.0,1700.0,3876.0,2280.0
4314068,Passa Sete - RS,2007,1700.0,1700.0,4131.0,2430.0
4314068,Passa Sete - RS,2008,1900.0,1900.0,4560.0,2400.0
4314068,Passa Sete - RS,2009,1900.0,1900.0,4750.0,2500.0
4314068,Passa Sete - RS,2010,2100.0,2100.0,5460.0,2600.0
4314068,Passa Sete - RS,2011,2000.0,2000.0,5640.0,2820.0
4314068,Passa Sete - RS,2012,2200.0,2200.0,4356.0,1980.0
4314068,Passa Sete - RS,2013,2300.0,2300.0,6900.0,3000.0
4314068,Passa Sete - RS,2014,2500.0,2500.0,6750.0,2700.0
4314068,Passa Sete - RS,2015,2500.0,2500.0,6750.0,2700.0
4314068,Passa Sete - RS,2016,2500.0,2500.0,7500.0,3000.0
4314068,Passa Sete - RS,2017,3500.0,3500.0,12600.0,3600.0
4314068,Passa Sete - RS,2018,2500.0,2500.0,8400.0,3360.0
4314068,Passa Sete - RS,2019,5000.0,5000.0,15000.0,3000.0
4314068,Passa Sete - RS,2020,5100.0,5100.0,7650.0,1500.0
4314068,Passa Sete - RS,2021,5100.0,5100.0,15912.0,3120.0
4314068,Passa Sete - RS,2022,5000.0,5000.0,11000.0,2200.0
4314068,Passa Sete - RS,2023,5000.0,5000.0,11700.0,2340.0
4314068,Passa Sete - RS,2024,5000.0,5000.0,13500.0,2700.0
4314068,Passa Sete - RS,2025,5000.0,5000.0,15600.0,3120.0
4314100,Passo Fundo - RS,2000,34600.0,34600.0,72660.0,2100.0
4314100,Passo Fundo - RS,2001,34000.0,34000.0,91800.0,2700.0
4314100,Passo Fundo - RS,2002,35300.0,35300.0,81190.0,2300.0
4314100,Passo Fundo - RS,2003,36000.0,36000.0,108000.0,3000.0
4314100,Passo Fundo - RS,2004,37400.0,37400.0,78540.0,2100.0
4314100,Passo Fundo - RS,2005,37500.0,36000.0,27000.0,750.0
4314100,Passo Fundo - RS,2006,37000.0,37000.0,92500.0,2500.0
4314100,Passo Fundo - RS,2007,37600.0,37600.0,112800.0,3000.0
4314100,Passo Fundo - RS,2008,37700.0,37700.0,92365.0,2450.0
4314100,Passo Fundo - RS,2009,37700.0,37700.0,90480.0,2400.0
4314100,Passo Fundo - RS,2010,38300.0,38300.0,103410.0,2700.0
4314100,Passo Fundo - RS,2011,38300.0,38300.0,130220.0,3400.0
4314100,Passo Fundo - RS,2012,37500.0,37500.0,85500.0,2280.0
4314100,Passo Fundo - RS,2013,38200.0,38200.0,114600.0,3000.0
4314100,Passo Fundo - RS,2014,38700.0,38700.0,108360.0,2800.0
4314100,Passo Fundo - RS,2015,39100.0,39100.0,140760.0,3600.0
4314100,Passo Fundo - RS,2016,40000.0,40000.0,136000.0,3400.0
4314100,Passo Fundo - RS,2017,40000.0,40000.0,156000.0,3900.0
4314100,Passo Fundo - RS,2018,41000.0,41000.0,133333.0,3252.0
4314100,Passo Fundo - RS,2019,41000.0,41000.0,159900.0,3900.0
4314100,Passo Fundo - RS,2020,41000.0,41000.0,98400.0,2400.0
4314100,Passo Fundo - RS,2021,41000.0,41000.0,144197.0,3517.0
4314100,Passo Fundo - RS,2022,41000.0,41000.0,86100.0,2100.0
4314100,Passo Fundo - RS,2023,41000.0,41000.0,123000.0,3000.0
4314100,Passo Fundo - RS,2024,41000.0,41000.0,135300.0,3300.0
4314100,Passo Fundo - RS,2025,41000.0,41000.0,98400.0,2400.0
4314076,Passo do Sobrado - RS,2000,510.0,510.0,918.0,1800.0
4314076,Passo do Sobrado - RS,2001,510.0,510.0,918.0,1800.0
4314076,Passo do Sobrado - RS,2002,620.0,620.0,1488.0,2400.0
4314076,Passo do Sobrado - RS,2003,700.0,700.0,1680.0,2400.0
4314076,Passo do Sobrado - RS,2004,700.0,700.0,1008.0,1440.0
4314076,Passo do Sobrado - RS,2005,700.0,700.0,504.0,720.0
4314076,Passo do Sobrado - RS,2006,700.0,700.0,1540.0,2200.0
4314076,Passo do Sobrado - RS,2007,700.0,700.0,1540.0,2200.0
4314076,Passo do Sobrado - RS,2008,1000.0,1000.0,2700.0,2700.0
4314076,Passo do Sobrado - RS,2009,1000.0,1000.0,2280.0,2280.0
4314076,Passo do Sobrado - RS,2010,1510.0,1510.0,3322.0,2200.0
4314076,Passo do Sobrado - RS,2011,1650.0,1650.0,4950.0,3000.0
4314076,Passo do Sobrado - RS,2012,2500.0,2500.0,6750.0,2700.0
4314076,Passo do Sobrado - RS,2013,4100.0,4100.0,13530.0,3300.0
4314076,Passo do Sobrado - RS,2014,4300.0,4300.0,12900.0,3000.0
4314076,Passo do Sobrado - RS,2015,4300.0,4300.0,12900.0,3000.0
4314076,Passo do Sobrado - RS,2016,4300.0,4300.0,12900.0,3000.0
4314076,Passo do Sobrado - RS,2017,4560.0,4560.0,13680.0,3000.0
4314076,Passo do Sobrado - RS,2018,4950.0,4950.0,15840.0,3200.0
4314076,Passo do Sobrado - RS,2019,5000.0,5000.0,16000.0,3200.0
4314076,Passo do Sobrado - RS,2020,5800.0,5800.0,7656.0,1320.0
4314076,Passo do Sobrado - RS,2021,8100.0,8100.0,26730.0,3300.0
4314076,Passo do Sobrado - RS,2022,10500.0,10000.0,27000.0,2700.0
4314076,Passo do Sobrado - RS,2023,11000.0,11000.0,25080.0,2280.0
4314076,Passo do Sobrado - RS,2024,10500.0,6300.0,18900.0,3000.0
4314076,Passo do Sobrado - RS,2025,11000.0,11000.0,23100.0,2100.0
4314134,Paulo Bento - RS,2000,,,,
4314134,Paulo Bento - RS,2001,3910.0,3910.0,9384.0,2400.0
4314134,Paulo Bento - RS,2002,3910.0,3910.0,6569.0,1680.0
4314134,Paulo Bento - RS,2003,5166.0,5166.0,13948.0,2699.0
4314134,Paulo Bento - RS,2004,5445.0,5445.0,7204.0,1323.0
4314134,Paulo Bento - RS,2005,6700.0,4700.0,2820.0,600.0
4314134,Paulo Bento - RS,2006,6420.0,6420.0,19132.0,2980.0
4314134,Paulo Bento - RS,2007,7000.0,7000.0,20580.0,2940.0
4314134,Paulo Bento - RS,2008,6900.0,6900.0,16560.0,2400.0
4314134,Paulo Bento - RS,2009,6900.0,6900.0,13455.0,1950.0
4314134,Paulo Bento - RS,2010,6420.0,6420.0,19260.0,3000.0
4314134,Paulo Bento - RS,2011,6500.0,6500.0,21450.0,3300.0
4314134,Paulo Bento - RS,2012,6500.0,6500.0,11700.0,1800.0
4314134,Paulo Bento - RS,2013,6600.0,6600.0,19800.0,3000.0
4314134,Paulo Bento - RS,2014,6700.0,6700.0,22110.0,3300.0
4314134,Paulo Bento - RS,2015,7000.0,7000.0,23100.0,3300.0
4314134,Paulo Bento - RS,2016,7300.0,7300.0,26280.0,3600.0
4314134,Paulo Bento - RS,2017,7500.0,7500.0,27000.0,3600.0
4314134,Paulo Bento - RS,2018,6500.0,6500.0,22750.0,3500.0
4314134,Paulo Bento - RS,2019,6260.0,6260.0,22536.0,3600.0
4314134,Paulo Bento - RS,2020,6150.0,6150.0,12300.0,2000.0
4314134,Paulo Bento - RS,2021,6150.0,6150.0,22140.0,3600.0
4314134,Paulo Bento - RS,2022,6100.0,6100.0,13176.0,2160.0
4314134,Paulo Bento - RS,2023,6300.0,6300.0,19278.0,3060.0
4314134,Paulo Bento - RS,2024,6500.0,6500.0,23400.0,3600.0
4314134,Paulo Bento - RS,2025,6500.0,6500.0,15600.0,2400.0
4314159,Paverama - RS,2000,350.0,350.0,632.0,1805.0
4314159,Paverama - RS,2001,350.0,350.0,532.0,1520.0
4314159,Paverama - RS,2002,320.0,320.0,578.0,1806.0
4314159,Paverama - RS,2003,200.0,200.0,600.0,3000.0
4314159,Paverama - RS,2004,200.0,200.0,210.0,1050.0
4314159,Paverama - RS,2005,200.0,,,
4314159,Paverama - RS,2006,200.0,200.0,320.0,1600.0
4314159,Paverama - RS,2007,200.0,200.0,540.0,2700.0
4314159,Paverama - RS,2008,200.0,200.0,540.0,2700.0
4314159,Paverama - RS,2009,200.0,200.0,600.0,3000.0
4314159,Paverama - RS,2010,200.0,200.0,600.0,3000.0
4314159,Paverama - RS,2011,200.0,200.0,600.0,3000.0
4314159,Paverama - RS,2012,300.0,300.0,810.0,2700.0
4314159,Paverama - RS,2013,400.0,400.0,1320.0,3300.0
4314159,Paverama - RS,2014,400.0,400.0,1320.0,3300.0
4314159,Paverama - RS,2015,500.0,500.0,1650.0,3300.0
4314159,Paverama - RS,2016,500.0,500.0,1650.0,3300.0
4314159,Paverama - RS,2017,500.0,500.0,1700.0,3400.0
4314159,Paverama - RS,2018,500.0,500.0,1800.0,3600.0
4314159,Paverama - RS,2019,400.0,400.0,1280.0,3200.0
4314159,Paverama - RS,2020,400.0,400.0,856.0,2140.0
4314159,Paverama - RS,2021,700.0,700.0,2310.0,3300.0
4314159,Paverama - RS,2022,800.0,800.0,1056.0,1320.0
4314159,Paverama - RS,2023,800.0,800.0,1613.0,2016.0
4314159,Paverama - RS,2024,800.0,800.0,2650.0,3313.0
4314159,Paverama - RS,2025,800.0,800.0,1520.0,1900.0
4314175,Pedras Altas - RS,2000,,,,
4314175,Pedras Altas - RS,2001,100.0,100.0,90.0,900.0
4314175,Pedras Altas - RS,2002,700.0,700.0,630.0,900.0
4314175,Pedras Altas - RS,2003,700.0,700.0,630.0,900.0
4314175,Pedras Altas - RS,2004,1700.0,1700.0,2244.0,1320.0
4314175,Pedras Altas - RS,2005,1700.0,1700.0,898.0,528.0
4314175,Pedras Altas - RS,2006,2200.0,2200.0,2904.0,1320.0
4314175,Pedras Altas - RS,2007,2200.0,2200.0,3432.0,1560.0
4314175,Pedras Altas - RS,2008,2200.0,2200.0,3432.0,1560.0
4314175,Pedras Altas - RS,2009,2200.0,2200.0,3432.0,1560.0
4314175,Pedras Altas - RS,2010,2200.0,2200.0,3432.0,1560.0
4314175,Pedras Altas - RS,2011,2500.0,2500.0,3750.0,1500.0
4314175,Pedras Altas - RS,2012,3055.0,1081.0,1946.0,1800.0
4314175,Pedras Altas - RS,2013,4000.0,4000.0,7608.0,1902.0
4314175,Pedras Altas - RS,2014,4000.0,4000.0,7608.0,1902.0
4314175,Pedras Altas - RS,2015,28000.0,28000.0,45360.0,1620.0
4314175,Pedras Altas - RS,2016,32000.0,20800.0,33696.0,1620.0
4314175,Pedras Altas - RS,2017,30000.0,30000.0,48600.0,1620.0
4314175,Pedras Altas - RS,2018,32000.0,16000.0,33600.0,2100.0
4314175,Pedras Altas - RS,2019,36000.0,35970.0,97119.0,2700.0
4314175,Pedras Altas - RS,2020,40000.0,40000.0,48000.0,1200.0
4314175,Pedras Altas - RS,2021,44200.0,44200.0,140556.0,3180.0
4314175,Pedras Altas - RS,2022,45800.0,45800.0,123660.0,2700.0
4314175,Pedras Altas - RS,2023,46400.0,46400.0,55680.0,1200.0
4314175,Pedras Altas - RS,2024,48500.0,48500.0,82935.0,1710.0
4314175,Pedras Altas - RS,2025,48600.0,48600.0,102060.0,2100.0
4314209,Pedro Osório - RS,2000,1200.0,1200.0,1728.0,1440.0
4314209,Pedro Osório - RS,2001,1200.0,1200.0,2280.0,1900.0
4314209,Pedro Osório - RS,2002,1500.0,1500.0,3150.0,2100.0
4314209,Pedro Osório - RS,2003,1800.0,1800.0,3780.0,2100.0
4314209,Pedro Osório - RS,2004,2002.0,2002.0,2402.0,1199.0
4314209,Pedro Osório - RS,2005,3000.0,3000.0,3015.0,1005.0
4314209,Pedro Osório - RS,2006,900.0,900.0,1350.0,1500.0
4314209,Pedro Osório - RS,2007,1200.0,1000.0,1080.0,1080.0
4314209,Pedro Osório - RS,2008,1000.0,1000.0,2200.0,2200.0
4314209,Pedro Osório - RS,2009,1200.0,1200.0,2016.0,1680.0
4314209,Pedro Osório - RS,2010,1500.0,1500.0,3150.0,2100.0
4314209,Pedro Osório - RS,2011,1100.0,1100.0,1386.0,1260.0
4314209,Pedro Osório - RS,2012,1500.0,1500.0,2205.0,1470.0
4314209,Pedro Osório - RS,2013,2000.0,2000.0,3300.0,1650.0
4314209,Pedro Osório - RS,2014,7853.0,7853.0,12926.0,1646.0
4314209,Pedro Osório - RS,2015,8000.0,8000.0,12600.0,1575.0
4314209,Pedro Osório - RS,2016,8000.0,8000.0,9600.0,1200.0
4314209,Pedro Osório - RS,2017,8200.0,8200.0,22960.0,2800.0
4314209,Pedro Osório - RS,2018,8910.0,8910.0,17464.0,1960.0
4314209,Pedro Osório - RS,2019,9100.0,9100.0,19110.0,2100.0
4314209,Pedro Osório - RS,2020,9100.0,9100.0,8080.0,888.0
4314209,Pedro Osório - RS,2021,10500.0,10500.0,39690.0,3780.0
4314209,Pedro Osório - RS,2022,10900.0,10900.0,29430.0,2700.0
4314209,Pedro Osório - RS,2023,11100.0,11100.0,23310.0,2100.0
4314209,Pedro Osório - RS,2024,11000.0,11000.0,21450.0,1950.0
4314209,Pedro Osório - RS,2025,12000.0,12000.0,32400.0,2700.0
4314308,Pejuçara - RS,2000,26900.0,26900.0,41964.0,1560.0
4314308,Pejuçara - RS,2001,26000.0,26000.0,70200.0,2700.0
4314308,Pejuçara - RS,2002,27500.0,27500.0,49500.0,1800.0
4314308,Pejuçara - RS,2003,27600.0,27600.0,86112.0,3120.0
4314308,Pejuçara - RS,2004,28000.0,28000.0,52080.0,1860.0
4314308,Pejuçara - RS,2005,28000.0,27000.0,13500.0,500.0
4314308,Pejuçara - RS,2006,26800.0,26800.0,77184.0,2880.0
4314308,Pejuçara - RS,2007,26800.0,26800.0,85224.0,3180.0
4314308,Pejuçara - RS,2008,26800.0,26800.0,64320.0,2400.0
4314308,Pejuçara - RS,2009,26800.0,26800.0,80400.0,3000.0
4314308,Pejuçara - RS,2010,28300.0,28300.0,89994.0,3180.0
4314308,Pejuçara - RS,2011,28800.0,28800.0,95040.0,3300.0
4314308,Pejuçara - RS,2012,28850.0,28850.0,32645.0,1132.0
4314308,Pejuçara - RS,2013,29100.0,29100.0,89370.0,3071.0
4314308,Pejuçara - RS,2014,29300.0,29300.0,94080.0,3211.0
4314308,Pejuçara - RS,2015,29900.0,29900.0,107640.0,3600.0
4314308,Pejuçara - RS,2016,30500.0,30500.0,119450.0,3916.0
4314308,Pejuçara - RS,2017,30000.0,30000.0,126750.0,4225.0
4314308,Pejuçara - RS,2018,30000.0,30000.0,120600.0,4020.0
4314308,Pejuçara - RS,2019,30000.0,30000.0,116100.0,3870.0
4314308,Pejuçara - RS,2020,30000.0,30000.0,76800.0,2560.0
4314308,Pejuçara - RS,2021,30000.0,30000.0,125520.0,4184.0
4314308,Pejuçara - RS,2022,29700.0,29200.0,33384.0,1143.0
4314308,Pejuçara - RS,2023,29700.0,29700.0,62550.0,2106.0
4314308,Pejuçara - RS,2024,29400.0,29400.0,122544.0,4168.0
4314308,Pejuçara - RS,2025,29600.0,29600.0,87900.0,2970.0
4314407,Pelotas - RS,2000,3000.0,3000.0,4350.0,1450.0
4314407,Pelotas - RS,2001,2998.0,2998.0,6296.0,2100.0
4314407,Pelotas - RS,2002,4000.0,4000.0,7200.0,1800.0
4314407,Pelotas - RS,2003,4000.0,4000.0,7200.0,1800.0
4314407,Pelotas - RS,2004,6000.0,6000.0,10800.0,1800.0
4314407,Pelotas - RS,2005,6000.0,6000.0,6300.0,1050.0
4314407,Pelotas - RS,2006,5000.0,5000.0,9240.0,1848.0
4314407,Pelotas - RS,2007,5000.0,5000.0,11100.0,2220.0
4314407,Pelotas - RS,2008,5000.0,5000.0,10800.0,2160.0
4314407,Pelotas - RS,2009,5000.0,4750.0,9975.0,2100.0
4314407,Pelotas - RS,2010,6000.0,6000.0,12600.0,2100.0
4314407,Pelotas - RS,2011,6000.0,6000.0,16200.0,2700.0
4314407,Pelotas - RS,2012,6800.0,6800.0,20400.0,3000.0
4314407,Pelotas - RS,2013,12000.0,12000.0,36000.0,3000.0
4314407,Pelotas - RS,2014,18000.0,18000.0,48600.0,2700.0
4314407,Pelotas - RS,2015,18000.0,18000.0,46440.0,2580.0
4314407,Pelotas - RS,2016,18000.0,18000.0,21600.0,1200.0
4314407,Pelotas - RS,2017,18000.0,18000.0,68400.0,3800.0
4314407,Pelotas - RS,2018,18000.0,18000.0,43200.0,2400.0
4314407,Pelotas - RS,2019,22000.0,22000.0,61600.0,2800.0
4314407,Pelotas - RS,2020,22000.0,22000.0,24134.0,1097.0
4314407,Pelotas - RS,2021,22000.0,22000.0,79200.0,3600.0
4314407,Pelotas - RS,2022,24400.0,24400.0,69540.0,2850.0
4314407,Pelotas - RS,2023,27816.0,27816.0,50069.0,1800.0
4314407,Pelotas - RS,2024,28372.0,24117.0,43411.0,1800.0
4314407,Pelotas - RS,2025,28372.0,28372.0,85116.0,3000.0
4314423,Picada Café - RS,2000,,,,
4314423,Picada Café - RS,2001,,,,
4314423,Picada Café - RS,2002,,,,
4314423,Picada Café - RS,2003,,,,
4314423,Picada Café - RS,2004,,,,
4314423,Picada Café - RS,2005,,,,
4314423,Picada Café - RS,2006,,,,
4314423,Picada Café - RS,2007,,,,
4314423,Picada Café - RS,2008,,,,
4314423,Picada Café - RS,2009,,,,
4314423,Picada Café - RS,2010,,,,
4314423,Picada Café - RS,2011,,,,
4314423,Picada Café - RS,2012,1.0,1.0,2.0,2000.0
4314423,Picada Café - RS,2013,1.0,1.0,2.0,2000.0
4314423,Picada Café - RS,2014,1.0,1.0,2.0,2000.0
4314423,Picada Café - RS,2015,1.0,1.0,2.0,2000.0
4314423,Picada Café - RS,2016,1.0,1.0,2.0,2000.0
4314423,Picada Café - RS,2017,1.0,1.0,2.0,2000.0
4314423,Picada Café - RS,2018,1.0,1.0,2.0,2000.0
4314423,Picada Café - RS,2019,1.0,1.0,2.0,2000.0
4314423,Picada Café - RS,2020,,,,
4314423,Picada Café - RS,2021,,,,
4314423,Picada Café - RS,2022,,,,
4314423,Picada Café - RS,2023,,,,
4314423,Picada Café - RS,2024,,,,
4314423,Picada Café - RS,2025,,,,
4314456,Pinhal - RS,2000,1700.0,1700.0,3060.0,1800.0
4314456,Pinhal - RS,2001,1700.0,1700.0,3570.0,2100.0
4314456,Pinhal - RS,2002,1700.0,1700.0,1785.0,1050.0
4314456,Pinhal - RS,2003,1700.0,1700.0,3400.0,2000.0
4314456,Pinhal - RS,2004,2000.0,2000.0,1300.0,650.0
4314456,Pinhal - RS,2005,1800.0,1800.0,1080.0,600.0
4314456,Pinhal - RS,2006,2000.0,2000.0,3200.0,1600.0
4314456,Pinhal - RS,2007,2500.0,2500.0,5250.0,2100.0
4314456,Pinhal - RS,2008,1500.0,1500.0,1950.0,1300.0
4314456,Pinhal - RS,2009,1200.0,1200.0,2400.0,2000.0
4314456,Pinhal - RS,2010,1200.0,1200.0,2880.0,2400.0
4314456,Pinhal - RS,2011,1000.0,1000.0,2400.0,2400.0
4314456,Pinhal - RS,2012,1000.0,1000.0,600.0,600.0
4314456,Pinhal - RS,2013,1200.0,1200.0,3240.0,2700.0
4314456,Pinhal - RS,2014,1100.0,1100.0,2750.0,2500.0
4314456,Pinhal - RS,2015,1100.0,1100.0,3630.0,3300.0
4314456,Pinhal - RS,2016,1100.0,1100.0,3374.0,3067.0
4314456,Pinhal - RS,2017,1100.0,1100.0,3520.0,3200.0
4314456,Pinhal - RS,2018,1000.0,1000.0,3000.0,3000.0
4314456,Pinhal - RS,2019,1000.0,1000.0,3000.0,3000.0
4314456,Pinhal - RS,2020,1000.0,1000.0,2400.0,2400.0
4314456,Pinhal - RS,2021,1000.0,1000.0,3600.0,3600.0
4314456,Pinhal - RS,2022,1100.0,1100.0,3000.0,2727.0
4314456,Pinhal - RS,2023,1100.0,1100.0,2838.0,2580.0
4314456,Pinhal - RS,2024,1200.0,1200.0,3600.0,3000.0
4314456,Pinhal - RS,2025,1200.0,1200.0,2400.0,2000.0
4314472,Pinhal Grande - RS,2000,8500.0,8500.0,14280.0,1680.0
4314472,Pinhal Grande - RS,2001,10500.0,10500.0,25200.0,2400.0
4314472,Pinhal Grande - RS,2002,10500.0,10500.0,22050.0,2100.0
4314472,Pinhal Grande - RS,2003,12500.0,12500.0,35000.0,2800.0
4314472,Pinhal Grande - RS,2004,13000.0,13000.0,20020.0,1540.0
4314472,Pinhal Grande - RS,2005,13000.0,13000.0,8190.0,630.0
4314472,Pinhal Grande - RS,2006,11800.0,11800.0,26904.0,2280.0
4314472,Pinhal Grande - RS,2007,11800.0,11800.0,31860.0,2700.0
4314472,Pinhal Grande - RS,2008,13000.0,13000.0,32760.0,2520.0
4314472,Pinhal Grande - RS,2009,13500.0,13500.0,32400.0,2400.0
4314472,Pinhal Grande - RS,2010,14200.0,14200.0,38340.0,2700.0
4314472,Pinhal Grande - RS,2011,14200.0,14200.0,38340.0,2700.0
4314472,Pinhal Grande - RS,2012,13585.0,13585.0,10270.0,756.0
4314472,Pinhal Grande - RS,2013,16000.0,16000.0,46080.0,2880.0
4314472,Pinhal Grande - RS,2014,16350.0,16350.0,54045.0,3306.0
4314472,Pinhal Grande - RS,2015,18000.0,18000.0,63030.0,3502.0
4314472,Pinhal Grande - RS,2016,18100.0,18100.0,58490.0,3231.0
4314472,Pinhal Grande - RS,2017,18900.0,18900.0,72380.0,3830.0
4314472,Pinhal Grande - RS,2018,19350.0,19350.0,64520.0,3334.0
4314472,Pinhal Grande - RS,2019,19400.0,19400.0,63574.0,3277.0
4314472,Pinhal Grande - RS,2020,20200.0,20200.0,32448.0,1606.0
4314472,Pinhal Grande - RS,2021,20900.0,20900.0,73550.0,3519.0
4314472,Pinhal Grande - RS,2022,21350.0,21350.0,35406.0,1658.0
4314472,Pinhal Grande - RS,2023,21350.0,21350.0,45375.0,2125.0
4314472,Pinhal Grande - RS,2024,21350.0,21350.0,83355.0,3904.0
4314472,Pinhal Grande - RS,2025,22000.0,22000.0,51087.0,2322.0
4314464,Pinhal da Serra - RS,2000,,,,
4314464,Pinhal da Serra - RS,2001,3000.0,3000.0,7500.0,2500.0
4314464,Pinhal da Serra - RS,2002,3000.0,3000.0,5400.0,1800.0
4314464,Pinhal da Serra - RS,2003,3500.0,3500.0,10500.0,3000.0
4314464,Pinhal da Serra - RS,2004,3700.0,3700.0,7030.0,1900.0
4314464,Pinhal da Serra - RS,2005,6000.0,5500.0,6600.0,1200.0
4314464,Pinhal da Serra - RS,2006,6000.0,6000.0,14400.0,2400.0
4314464,Pinhal da Serra - RS,2007,6000.0,6000.0,14400.0,2400.0
4314464,Pinhal da Serra - RS,2008,6000.0,6000.0,14400.0,2400.0
4314464,Pinhal da Serra - RS,2009,6000.0,6000.0,12600.0,2100.0
4314464,Pinhal da Serra - RS,2010,7000.0,7000.0,16800.0,2400.0
4314464,Pinhal da Serra - RS,2011,6500.0,6500.0,22750.0,3500.0
4314464,Pinhal da Serra - RS,2012,7000.0,7000.0,16800.0,2400.0
4314464,Pinhal da Serra - RS,2013,8000.0,8000.0,20000.0,2500.0
4314464,Pinhal da Serra - RS,2014,8000.0,8000.0,21104.0,2638.0
4314464,Pinhal da Serra - RS,2015,10500.0,10500.0,36225.0,3450.0
4314464,Pinhal da Serra - RS,2016,11200.0,11200.0,39200.0,3500.0
4314464,Pinhal da Serra - RS,2017,11500.0,11500.0,41400.0,3600.0
4314464,Pinhal da Serra - RS,2018,5500.0,5500.0,18700.0,3400.0
4314464,Pinhal da Serra - RS,2019,6000.0,6000.0,24000.0,4000.0
4314464,Pinhal da Serra - RS,2020,7000.0,7000.0,14700.0,2100.0
4314464,Pinhal da Serra - RS,2021,7000.0,7000.0,27300.0,3900.0
4314464,Pinhal da Serra - RS,2022,7500.0,7500.0,16650.0,2220.0
4314464,Pinhal da Serra - RS,2023,7500.0,7500.0,30750.0,4100.0
4314464,Pinhal da Serra - RS,2024,7800.0,7800.0,28080.0,3600.0
4314464,Pinhal da Serra - RS,2025,7800.0,7800.0,23587.0,3024.0
4314498,Pinheirinho do Vale - RS,2000,1000.0,1000.0,1620.0,1620.0
4314498,Pinheirinho do Vale - RS,2001,800.0,800.0,1600.0,2000.0
4314498,Pinheirinho do Vale - RS,2002,1000.0,1000.0,1080.0,1080.0
4314498,Pinheirinho do Vale - RS,2003,1000.0,1000.0,2400.0,2400.0
4314498,Pinheirinho do Vale - RS,2004,1000.0,1000.0,744.0,744.0
4314498,Pinheirinho do Vale - RS,2005,1600.0,1600.0,1344.0,840.0
4314498,Pinheirinho do Vale - RS,2006,1000.0,1000.0,1800.0,1800.0
4314498,Pinheirinho do Vale - RS,2007,600.0,600.0,1440.0,2400.0
4314498,Pinheirinho do Vale - RS,2008,600.0,600.0,720.0,1200.0
4314498,Pinheirinho do Vale - RS,2009,800.0,800.0,1200.0,1500.0
4314498,Pinheirinho do Vale - RS,2010,800.0,800.0,1680.0,2100.0
4314498,Pinheirinho do Vale - RS,2011,1100.0,1100.0,2620.0,2382.0
4314498,Pinheirinho do Vale - RS,2012,800.0,800.0,1283.0,1604.0
4314498,Pinheirinho do Vale - RS,2013,900.0,900.0,1728.0,1920.0
4314498,Pinheirinho do Vale - RS,2014,900.0,900.0,1980.0,2200.0
4314498,Pinheirinho do Vale - RS,2015,1000.0,1000.0,2700.0,2700.0
4314498,Pinheirinho do Vale - RS,2016,1300.0,1300.0,3120.0,2400.0
4314498,Pinheirinho do Vale - RS,2017,1300.0,1000.0,2700.0,2700.0
4314498,Pinheirinho do Vale - RS,2018,1000.0,1000.0,2700.0,2700.0
4314498,Pinheirinho do Vale - RS,2019,900.0,900.0,2520.0,2800.0
4314498,Pinheirinho do Vale - RS,2020,900.0,900.0,1868.0,2076.0
4314498,Pinheirinho do Vale - RS,2021,1000.0,1000.0,2700.0,2700.0
4314498,Pinheirinho do Vale - RS,2022,1100.0,800.0,864.0,1080.0
4314498,Pinheirinho do Vale - RS,2023,1000.0,1000.0,2400.0,2400.0
4314498,Pinheirinho do Vale - RS,2024,1000.0,1000.0,2500.0,2500.0
4314498,Pinheirinho do Vale - RS,2025,1000.0,1000.0,2220.0,2220.0
4314506,Pinheiro Machado - RS,2000,220.0,220.0,198.0,900.0
4314506,Pinheiro Machado - RS,2001,220.0,220.0,198.0,900.0
4314506,Pinheiro Machado - RS,2002,220.0,220.0,198.0,900.0
4314506,Pinheiro Machado - RS,2003,220.0,220.0,198.0,900.0
4314506,Pinheiro Machado - RS,2004,220.0,220.0,198.0,900.0
4314506,Pinheiro Machado - RS,2005,800.0,800.0,768.0,960.0
4314506,Pinheiro Machado - RS,2006,1200.0,1200.0,1538.0,1281.0
4314506,Pinheiro Machado - RS,2007,1200.0,1200.0,2232.0,1860.0
4314506,Pinheiro Machado - RS,2008,1200.0,1200.0,2232.0,1860.0
4314506,Pinheiro Machado - RS,2009,1200.0,1200.0,2232.0,1860.0
4314506,Pinheiro Machado - RS,2010,1200.0,1200.0,2232.0,1860.0
4314506,Pinheiro Machado - RS,2011,1000.0,1000.0,2400.0,2400.0
4314506,Pinheiro Machado - RS,2012,1100.0,1100.0,1540.0,1400.0
4314506,Pinheiro Machado - RS,2013,2100.0,2100.0,4284.0,2040.0
4314506,Pinheiro Machado - RS,2014,2700.0,2700.0,6480.0,2400.0
4314506,Pinheiro Machado - RS,2015,2700.0,2700.0,6480.0,2400.0
4314506,Pinheiro Machado - RS,2016,5000.0,2000.0,5060.0,2530.0
4314506,Pinheiro Machado - RS,2017,5000.0,5000.0,12650.0,2530.0
4314506,Pinheiro Machado - RS,2018,5000.0,3000.0,7020.0,2340.0
4314506,Pinheiro Machado - RS,2019,5800.0,5800.0,13340.0,2300.0
4314506,Pinheiro Machado - RS,2020,6300.0,6300.0,4536.0,720.0
4314506,Pinheiro Machado - RS,2021,6800.0,6800.0,17952.0,2640.0
4314506,Pinheiro Machado - RS,2022,8800.0,8800.0,18850.0,2142.0
4314506,Pinheiro Machado - RS,2023,10000.0,10000.0,18980.0,1898.0
4314506,Pinheiro Machado - RS,2024,12000.0,12000.0,11604.0,967.0
4314506,Pinheiro Machado - RS,2025,11300.0,11300.0,27685.0,2450.0
4314548,Pinto Bandeira - RS,2000,,,,
4314548,Pinto Bandeira - RS,2001,,,,
4314548,Pinto Bandeira - RS,2002,,,,
4314548,Pinto Bandeira - RS,2003,,,,
4314548,Pinto Bandeira - RS,2004,,,,
4314548,Pinto Bandeira - RS,2005,,,,
4314548,Pinto Bandeira - RS,2006,,,,
4314548,Pinto Bandeira - RS,2007,,,,
4314548,Pinto Bandeira - RS,2008,,,,
4314548,Pinto Bandeira - RS,2009,,,,
4314548,Pinto Bandeira - RS,2010,,,,
4314548,Pinto Bandeira - RS,2011,,,,
4314548,Pinto Bandeira - RS,2012,,,,
4314548,Pinto Bandeira - RS,2013,,,,
4314548,Pinto Bandeira - RS,2014,,,,
4314548,Pinto Bandeira - RS,2015,,,,
4314548,Pinto Bandeira - RS,2016,,,,
4314548,Pinto Bandeira - RS,2017,,,,
4314548,Pinto Bandeira - RS,2018,,,,
4314548,Pinto Bandeira - RS,2019,,,,
4314548,Pinto Bandeira - RS,2020,,,,
4314548,Pinto Bandeira - RS,2021,,,,
4314548,Pinto Bandeira - RS,2022,,,,
4314548,Pinto Bandeira - RS,2023,,,,
4314548,Pinto Bandeira - RS,2024,,,,
4314548,Pinto Bandeira - RS,2025,,,,
4314555,Pirapó - RS,2000,4600.0,4140.0,2989.0,721.0
4314555,Pirapó - RS,2001,2800.0,2800.0,4704.0,1680.0
4314555,Pirapó - RS,2002,3000.0,3000.0,3240.0,1080.0
4314555,Pirapó - RS,2003,3000.0,3000.0,5400.0,1800.0
4314555,Pirapó - RS,2004,3500.0,3200.0,1728.0,540.0
4314555,Pirapó - RS,2005,3500.0,2500.0,1350.0,540.0
4314555,Pirapó - RS,2006,3250.0,3250.0,4680.0,1440.0
4314555,Pirapó - RS,2007,3000.0,3000.0,7200.0,2400.0
4314555,Pirapó - RS,2008,2500.0,2500.0,4800.0,1920.0
4314555,Pirapó - RS,2009,2500.0,2500.0,3750.0,1500.0
4314555,Pirapó - RS,2010,2900.0,2900.0,7308.0,2520.0
4314555,Pirapó - RS,2011,3100.0,3100.0,7440.0,2400.0
4314555,Pirapó - RS,2012,3300.0,3300.0,4752.0,1440.0
4314555,Pirapó - RS,2013,3600.0,3600.0,7200.0,2000.0
4314555,Pirapó - RS,2014,4300.0,4300.0,9030.0,2100.0
4314555,Pirapó - RS,2015,4570.0,4570.0,10968.0,2400.0
4314555,Pirapó - RS,2016,4500.0,4500.0,13500.0,3000.0
4314555,Pirapó - RS,2017,4906.0,4906.0,16158.0,3294.0
4314555,Pirapó - RS,2018,5500.0,5500.0,18030.0,3278.0
4314555,Pirapó - RS,2019,6000.0,6000.0,17940.0,2990.0
4314555,Pirapó - RS,2020,6200.0,6200.0,14100.0,2274.0
4314555,Pirapó - RS,2021,6800.0,6800.0,14580.0,2144.0
4314555,Pirapó - RS,2022,7000.0,3600.0,1704.0,473.0
4314555,Pirapó - RS,2023,6974.0,6974.0,7709.0,1105.0
4314555,Pirapó - RS,2024,7374.0,7374.0,19983.0,2710.0
4314555,Pirapó - RS,2025,7200.0,7200.0,7392.0,1027.0
4314605,Piratini - RS,2000,7000.0,7000.0,10710.0,1530.0
4314605,Piratini - RS,2001,7000.0,7000.0,12600.0,1800.0
4314605,Piratini - RS,2002,8000.0,8000.0,12000.0,1500.0
4314605,Piratini - RS,2003,9000.0,9000.0,16200.0,1800.0
4314605,Piratini - RS,2004,11000.0,11000.0,12870.0,1170.0
4314605,Piratini - RS,2005,9000.0,8700.0,7830.0,900.0
4314605,Piratini - RS,2006,9000.0,9000.0,5400.0,600.0
4314605,Piratini - RS,2007,7000.0,7000.0,17850.0,2550.0
4314605,Piratini - RS,2008,8500.0,8500.0,20400.0,2400.0
4314605,Piratini - RS,2009,9500.0,9500.0,22800.0,2400.0
4314605,Piratini - RS,2010,11000.0,11000.0,22000.0,2000.0
4314605,Piratini - RS,2011,12500.0,12500.0,30000.0,2400.0
4314605,Piratini - RS,2012,15300.0,15300.0,32130.0,2100.0
4314605,Piratini - RS,2013,23000.0,23000.0,51060.0,2220.0
4314605,Piratini - RS,2014,29000.0,29000.0,69600.0,2400.0
4314605,Piratini - RS,2015,30000.0,30000.0,72000.0,2400.0
4314605,Piratini - RS,2016,33000.0,33000.0,55440.0,1680.0
4314605,Piratini - RS,2017,37264.0,37264.0,111792.0,3000.0
4314605,Piratini - RS,2018,39000.0,39000.0,70200.0,1800.0
4314605,Piratini - RS,2019,40000.0,40000.0,103200.0,2580.0
4314605,Piratini - RS,2020,40000.0,40000.0,28000.0,700.0
4314605,Piratini - RS,2021,40000.0,40000.0,152000.0,3800.0
4314605,Piratini - RS,2022,45000.0,45000.0,137700.0,3060.0
4314605,Piratini - RS,2023,45000.0,45000.0,133875.0,2975.0
4314605,Piratini - RS,2024,50000.0,50000.0,75000.0,1500.0
4314605,Piratini - RS,2025,50000.0,50000.0,135000.0,2700.0
4314704,Planalto - RS,2000,1800.0,1800.0,3240.0,1800.0
4314704,Planalto - RS,2001,1800.0,1800.0,3240.0,1800.0
4314704,Planalto - RS,2002,1800.0,1800.0,1080.0,600.0
4314704,Planalto - RS,2003,1800.0,1800.0,3780.0,2100.0
4314704,Planalto - RS,2004,1800.0,1800.0,1296.0,720.0
4314704,Planalto - RS,2005,1200.0,1200.0,648.0,540.0
4314704,Planalto - RS,2006,1200.0,1200.0,864.0,720.0
4314704,Planalto - RS,2007,700.0,700.0,1260.0,1800.0
4314704,Planalto - RS,2008,400.0,400.0,432.0,1080.0
4314704,Planalto - RS,2009,150.0,150.0,270.0,1800.0
4314704,Planalto - RS,2010,1200.0,1200.0,3600.0,3000.0
4314704,Planalto - RS,2011,900.0,900.0,2700.0,3000.0
4314704,Planalto - RS,2012,700.0,700.0,630.0,900.0
4314704,Planalto - RS,2013,900.0,900.0,2160.0,2400.0
4314704,Planalto - RS,2014,1200.0,1200.0,2160.0,1800.0
4314704,Planalto - RS,2015,1800.0,1800.0,5076.0,2820.0
4314704,Planalto - RS,2016,1900.0,1900.0,5700.0,3000.0
4314704,Planalto - RS,2017,1900.0,1840.0,5520.0,3000.0
4314704,Planalto - RS,2018,2100.0,2100.0,5250.0,2500.0
4314704,Planalto - RS,2019,2200.0,2200.0,7260.0,3300.0
4314704,Planalto - RS,2020,2300.0,2300.0,3869.0,1682.0
4314704,Planalto - RS,2021,2500.0,2500.0,5550.0,2220.0
4314704,Planalto - RS,2022,2800.0,2000.0,2700.0,1350.0
4314704,Planalto - RS,2023,2800.0,2800.0,5880.0,2100.0
4314704,Planalto - RS,2024,3000.0,3000.0,6750.0,2250.0
4314704,Planalto - RS,2025,2500.0,2500.0,4500.0,1800.0
4314787,Ponte Preta - RS,2000,3500.0,3500.0,7000.0,2000.0
4314787,Ponte Preta - RS,2001,3115.0,3115.0,6230.0,2000.0
4314787,Ponte Preta - RS,2002,3650.0,3650.0,6570.0,1800.0
4314787,Ponte Preta - RS,2003,4100.0,4100.0,8200.0,2000.0
4314787,Ponte Preta - RS,2004,4300.0,4300.0,4644.0,1080.0
4314787,Ponte Preta - RS,2005,4800.0,4800.0,2880.0,600.0
4314787,Ponte Preta - RS,2006,4500.0,4500.0,13500.0,3000.0
4314787,Ponte Preta - RS,2007,4500.0,4500.0,9450.0,2100.0
4314787,Ponte Preta - RS,2008,4500.0,4500.0,8492.0,1887.0
4314787,Ponte Preta - RS,2009,4500.0,4500.0,8991.0,1998.0
4314787,Ponte Preta - RS,2010,4600.0,4600.0,12420.0,2700.0
4314787,Ponte Preta - RS,2011,4800.0,4800.0,15840.0,3300.0
4314787,Ponte Preta - RS,2012,4500.0,4500.0,8400.0,1867.0
4314787,Ponte Preta - RS,2013,4700.0,4700.0,14100.0,3000.0
4314787,Ponte Preta - RS,2014,5100.0,5100.0,13005.0,2550.0
4314787,Ponte Preta - RS,2015,5300.0,5300.0,14840.0,2800.0
4314787,Ponte Preta - RS,2016,5600.0,5600.0,18480.0,3300.0
4314787,Ponte Preta - RS,2017,5500.0,5500.0,19800.0,3600.0
4314787,Ponte Preta - RS,2018,5800.0,5800.0,20880.0,3600.0
4314787,Ponte Preta - RS,2019,4500.0,4500.0,16200.0,3600.0
4314787,Ponte Preta - RS,2020,4700.0,4700.0,10575.0,2250.0
4314787,Ponte Preta - RS,2021,4700.0,4700.0,16920.0,3600.0
4314787,Ponte Preta - RS,2022,4700.0,4700.0,7050.0,1500.0
4314787,Ponte Preta - RS,2023,4800.0,4800.0,12960.0,2700.0
4314787,Ponte Preta - RS,2024,5300.0,5300.0,17490.0,3300.0
4314787,Ponte Preta - RS,2025,5300.0,5300.0,11448.0,2160.0
4314779,Pontão - RS,2000,22000.0,22000.0,44880.0,2040.0
4314779,Pontão - RS,2001,21000.0,21000.0,50400.0,2400.0
4314779,Pontão - RS,2002,23000.0,23000.0,44160.0,1920.0
4314779,Pontão - RS,2003,23000.0,23000.0,62100.0,2700.0
4314779,Pontão - RS,2004,23000.0,23000.0,41400.0,1800.0
4314779,Pontão - RS,2005,28000.0,27000.0,23517.0,871.0
4314779,Pontão - RS,2006,27000.0,27000.0,72900.0,2700.0
4314779,Pontão - RS,2007,28000.0,28000.0,75600.0,2700.0
4314779,Pontão - RS,2008,28000.0,28000.0,67200.0,2400.0
4314779,Pontão - RS,2009,26000.0,26000.0,49140.0,1890.0
4314779,Pontão - RS,2010,29000.0,29000.0,87000.0,3000.0
4314779,Pontão - RS,2011,30500.0,30500.0,91500.0,3000.0
4314779,Pontão - RS,2012,30200.0,30200.0,72480.0,2400.0
4314779,Pontão - RS,2013,33000.0,33000.0,99000.0,3000.0
4314779,Pontão - RS,2014,34000.0,34000.0,54400.0,1600.0
4314779,Pontão - RS,2015,34000.0,34000.0,112200.0,3300.0
4314779,Pontão - RS,2016,34500.0,34500.0,124200.0,3600.0
4314779,Pontão - RS,2017,34000.0,34000.0,122400.0,3600.0
4314779,Pontão - RS,2018,34500.0,34500.0,82800.0,2400.0
4314779,Pontão - RS,2019,34500.0,34500.0,113850.0,3300.0
4314779,Pontão - RS,2020,33500.0,33500.0,110550.0,3300.0
4314779,Pontão - RS,2021,33500.0,33500.0,113900.0,3400.0
4314779,Pontão - RS,2022,32850.0,32850.0,78840.0,2400.0
4314779,Pontão - RS,2023,33500.0,33500.0,75978.0,2268.0
4314779,Pontão - RS,2024,33500.0,33500.0,117250.0,3500.0
4314779,Pontão - RS,2025,33500.0,33500.0,87938.0,2625.0
4314902,Porto Alegre - RS,2000,,,,
4314902,Porto Alegre - RS,2001,,,,
4314902,Porto Alegre - RS,2002,,,,
4314902,Porto Alegre - RS,2003,,,,
4314902,Porto Alegre - RS,2004,,,,
4314902,Porto Alegre - RS,2005,,,,
4314902,Porto Alegre - RS,2006,,,,
4314902,Porto Alegre - RS,2007,,,,
4314902,Porto Alegre - RS,2008,,,,
4314902,Porto Alegre - RS,2009,,,,
4314902,Porto Alegre - RS,2010,,,,
4314902,Porto Alegre - RS,2011,,,,
4314902,Porto Alegre - RS,2012,,,,
4314902,Porto Alegre - RS,2013,,,,
4314902,Porto Alegre - RS,2014,,,,
4314902,Porto Alegre - RS,2015,,,,
4314902,Porto Alegre - RS,2016,80.0,,,
4314902,Porto Alegre - RS,2017,106.0,106.0,318.0,3000.0
4314902,Porto Alegre - RS,2018,130.0,130.0,367.0,2823.0
4314902,Porto Alegre - RS,2019,180.0,180.0,508.0,2822.0
4314902,Porto Alegre - RS,2020,242.0,242.0,678.0,2802.0
4314902,Porto Alegre - RS,2021,398.0,398.0,1393.0,3500.0
4314902,Porto Alegre - RS,2022,398.0,398.0,1194.0,3000.0
4314902,Porto Alegre - RS,2023,450.0,450.0,1551.0,3447.0
4314902,Porto Alegre - RS,2024,450.0,15.0,41.0,2733.0
4314902,Porto Alegre - RS,2025,450.0,450.0,1370.0,3044.0
4315008,Porto Lucena - RS,2000,7000.0,7000.0,5880.0,840.0
4315008,Porto Lucena - RS,2001,5500.0,5500.0,8910.0,1620.0
4315008,Porto Lucena - RS,2002,5900.0,5900.0,6372.0,1080.0
4315008,Porto Lucena - RS,2003,5000.0,5000.0,9000.0,1800.0
4315008,Porto Lucena - RS,2004,5000.0,4500.0,3510.0,780.0
4315008,Porto Lucena - RS,2005,4500.0,3200.0,960.0,300.0
4315008,Porto Lucena - RS,2006,4000.0,4000.0,5040.0,1260.0
4315008,Porto Lucena - RS,2007,4000.0,4000.0,8400.0,2100.0
4315008,Porto Lucena - RS,2008,4000.0,4000.0,3360.0,840.0
4315008,Porto Lucena - RS,2009,3900.0,3900.0,2866.0,734.0
4315008,Porto Lucena - RS,2010,4000.0,4000.0,7392.0,1848.0
4315008,Porto Lucena - RS,2011,4200.0,4200.0,11340.0,2700.0
4315008,Porto Lucena - RS,2012,4200.0,4200.0,2016.0,480.0
4315008,Porto Lucena - RS,2013,4500.0,4500.0,9450.0,2100.0
4315008,Porto Lucena - RS,2014,4600.0,4600.0,8280.0,1800.0
4315008,Porto Lucena - RS,2015,4800.0,4800.0,11520.0,2400.0
4315008,Porto Lucena - RS,2016,4803.0,4803.0,15371.0,3200.0
4315008,Porto Lucena - RS,2017,4803.0,4803.0,15846.0,3299.0
4315008,Porto Lucena - RS,2018,4803.0,4803.0,13833.0,2880.0
4315008,Porto Lucena - RS,2019,4003.0,4003.0,12209.0,3050.0
4315008,Porto Lucena - RS,2020,4008.0,4008.0,11024.0,2750.0
4315008,Porto Lucena - RS,2021,4104.0,4104.0,10346.0,2521.0
4315008,Porto Lucena - RS,2022,4508.0,4208.0,3034.0,721.0
4315008,Porto Lucena - RS,2023,4800.0,4800.0,5760.0,1200.0
4315008,Porto Lucena - RS,2024,4500.0,4500.0,13500.0,3000.0
4315008,Porto Lucena - RS,2025,4800.0,4800.0,6048.0,1260.0
4315057,Porto Mauá - RS,2000,4000.0,4000.0,4680.0,1170.0
4315057,Porto Mauá - RS,2001,4000.0,4000.0,7800.0,1950.0
4315057,Porto Mauá - RS,2002,4000.0,4000.0,4680.0,1170.0
4315057,Porto Mauá - RS,2003,4200.0,4200.0,8190.0,1950.0
4315057,Porto Mauá - RS,2004,4250.0,4250.0,3315.0,780.0
4315057,Porto Mauá - RS,2005,4300.0,3440.0,709.0,206.0
4315057,Porto Mauá - RS,2006,4000.0,4000.0,7800.0,1950.0
4315057,Porto Mauá - RS,2007,4000.0,4000.0,9600.0,2400.0
4315057,Porto Mauá - RS,2008,4000.0,4000.0,3840.0,960.0
4315057,Porto Mauá - RS,2009,4000.0,4000.0,7440.0,1860.0
4315057,Porto Mauá - RS,2010,4000.0,4000.0,8400.0,2100.0
4315057,Porto Mauá - RS,2011,4000.0,4000.0,10320.0,2580.0
4315057,Porto Mauá - RS,2012,4000.0,4000.0,8400.0,2100.0
4315057,Porto Mauá - RS,2013,4000.0,4000.0,6720.0,1680.0
4315057,Porto Mauá - RS,2014,4000.0,4000.0,8400.0,2100.0
4315057,Porto Mauá - RS,2015,4200.0,4200.0,11340.0,2700.0
4315057,Porto Mauá - RS,2016,4200.0,4200.0,11340.0,2700.0
4315057,Porto Mauá - RS,2017,4200.0,4200.0,12600.0,3000.0
4315057,Porto Mauá - RS,2018,4200.0,4200.0,11844.0,2820.0
4315057,Porto Mauá - RS,2019,3500.0,3500.0,10500.0,3000.0
4315057,Porto Mauá - RS,2020,3200.0,3200.0,7296.0,2280.0
4315057,Porto Mauá - RS,2021,3200.0,3200.0,10560.0,3300.0
4315057,Porto Mauá - RS,2022,3200.0,3200.0,2640.0,825.0
4315057,Porto Mauá - RS,2023,3300.0,3300.0,3960.0,1200.0
4315057,Porto Mauá - RS,2024,3300.0,3300.0,9900.0,3000.0
4315057,Porto Mauá - RS,2025,3300.0,3300.0,4950.0,1500.0
4315073,Porto Vera Cruz - RS,2000,2136.0,2136.0,1630.0,763.0
4315073,Porto Vera Cruz - RS,2001,1850.0,1850.0,2877.0,1555.0
4315073,Porto Vera Cruz - RS,2002,2050.0,2050.0,2214.0,1080.0
4315073,Porto Vera Cruz - RS,2003,2320.0,2320.0,5025.0,2165.0
4315073,Porto Vera Cruz - RS,2004,2590.0,2590.0,1829.0,706.0
4315073,Porto Vera Cruz - RS,2005,1650.0,200.0,72.0,360.0
4315073,Porto Vera Cruz - RS,2006,1000.0,1000.0,1200.0,1200.0
4315073,Porto Vera Cruz - RS,2007,800.0,800.0,1200.0,1500.0
4315073,Porto Vera Cruz - RS,2008,550.0,550.0,644.0,1170.0
4315073,Porto Vera Cruz - RS,2009,450.0,450.0,243.0,540.0
4315073,Porto Vera Cruz - RS,2010,450.0,450.0,1215.0,2700.0
4315073,Porto Vera Cruz - RS,2011,450.0,450.0,1620.0,3600.0
4315073,Porto Vera Cruz - RS,2012,400.0,400.0,120.0,300.0
4315073,Porto Vera Cruz - RS,2013,400.0,400.0,960.0,2400.0
4315073,Porto Vera Cruz - RS,2014,400.0,400.0,1104.0,2760.0
4315073,Porto Vera Cruz - RS,2015,400.0,400.0,1104.0,2760.0
4315073,Porto Vera Cruz - RS,2016,400.0,400.0,1200.0,3000.0
4315073,Porto Vera Cruz - RS,2017,400.0,400.0,1440.0,3600.0
4315073,Porto Vera Cruz - RS,2018,400.0,400.0,1200.0,3000.0
4315073,Porto Vera Cruz - RS,2019,350.0,350.0,1176.0,3360.0
4315073,Porto Vera Cruz - RS,2020,350.0,350.0,672.0,1920.0
4315073,Porto Vera Cruz - RS,2021,500.0,500.0,1500.0,3000.0
4315073,Porto Vera Cruz - RS,2022,550.0,550.0,264.0,480.0
4315073,Porto Vera Cruz - RS,2023,550.0,550.0,660.0,1200.0
4315073,Porto Vera Cruz - RS,2024,650.0,650.0,1685.0,2592.0
4315073,Porto Vera Cruz - RS,2025,650.0,650.0,1427.0,2195.0
4315107,Porto Xavier - RS,2000,3500.0,3500.0,1680.0,480.0
4315107,Porto Xavier - RS,2001,3500.0,3500.0,4830.0,1380.0
4315107,Porto Xavier - RS,2002,3500.0,3500.0,3150.0,900.0
4315107,Porto Xavier - RS,2003,2500.0,2500.0,3000.0,1200.0
4315107,Porto Xavier - RS,2004,2800.0,2240.0,1008.0,450.0
4315107,Porto Xavier - RS,2005,2500.0,2000.0,480.0,240.0
4315107,Porto Xavier - RS,2006,2300.0,2300.0,2484.0,1080.0
4315107,Porto Xavier - RS,2007,2000.0,2000.0,3600.0,1800.0
4315107,Porto Xavier - RS,2008,1500.0,1500.0,1350.0,900.0
4315107,Porto Xavier - RS,2009,1500.0,1500.0,1080.0,720.0
4315107,Porto Xavier - RS,2010,1200.0,1200.0,2160.0,1800.0
4315107,Porto Xavier - RS,2011,1200.0,1200.0,2160.0,1800.0
4315107,Porto Xavier - RS,2012,1200.0,1200.0,504.0,420.0
4315107,Porto Xavier - RS,2013,1300.0,1300.0,2340.0,1800.0
4315107,Porto Xavier - RS,2014,1300.0,1300.0,2808.0,2160.0
4315107,Porto Xavier - RS,2015,1300.0,1300.0,3120.0,2400.0
4315107,Porto Xavier - RS,2016,1350.0,1350.0,3240.0,2400.0
4315107,Porto Xavier - RS,2017,1450.0,1450.0,4350.0,3000.0
4315107,Porto Xavier - RS,2018,1450.0,1450.0,4350.0,3000.0
4315107,Porto Xavier - RS,2019,1200.0,1200.0,2880.0,2400.0
4315107,Porto Xavier - RS,2020,1200.0,1200.0,2880.0,2400.0
4315107,Porto Xavier - RS,2021,1300.0,1300.0,2925.0,2250.0
4315107,Porto Xavier - RS,2022,1350.0,1350.0,486.0,360.0
4315107,Porto Xavier - RS,2023,1454.0,1454.0,793.0,545.0
4315107,Porto Xavier - RS,2024,1815.0,1815.0,4361.0,2403.0
4315107,Porto Xavier - RS,2025,1850.0,1850.0,1443.0,780.0
4314803,Portão - RS,2000,,,,
4314803,Portão - RS,2001,,,,
4314803,Portão - RS,2002,,,,
4314803,Portão - RS,2003,,,,
4314803,Portão - RS,2004,,,,
4314803,Portão - RS,2005,,,,
4314803,Portão - RS,2006,,,,
4314803,Portão - RS,2007,,,,
4314803,Portão - RS,2008,,,,
4314803,Portão - RS,2009,,,,
4314803,Portão - RS,2010,,,,
4314803,Portão - RS,2011,,,,
4314803,Portão - RS,2012,,,,
4314803,Portão - RS,2013,,,,
4314803,Portão - RS,2014,,,,
4314803,Portão - RS,2015,,,,
4314803,Portão - RS,2016,,,,
4314803,Portão - RS,2017,,,,
4314803,Portão - RS,2018,,,,
4314803,Portão - RS,2019,160.0,160.0,480.0,3000.0
4314803,Portão - RS,2020,450.0,450.0,486.0,1080.0
4314803,Portão - RS,2021,450.0,450.0,720.0,1600.0
4314803,Portão - RS,2022,450.0,450.0,1485.0,3300.0
4314803,Portão - RS,2023,450.0,450.0,990.0,2200.0
4314803,Portão - RS,2024,450.0,447.0,1118.0,2501.0
4314803,Portão - RS,2025,500.0,500.0,1250.0,2500.0
4315131,Pouso Novo - RS,2000,30.0,30.0,54.0,1800.0
4315131,Pouso Novo - RS,2001,30.0,30.0,54.0,1800.0
4315131,Pouso Novo - RS,2002,35.0,35.0,63.0,1800.0
4315131,Pouso Novo - RS,2003,40.0,40.0,96.0,2400.0
4315131,Pouso Novo - RS,2004,40.0,40.0,67.0,1675.0
4315131,Pouso Novo - RS,2005,30.0,30.0,27.0,900.0
4315131,Pouso Novo - RS,2006,20.0,20.0,46.0,2300.0
4315131,Pouso Novo - RS,2007,20.0,20.0,53.0,2650.0
4315131,Pouso Novo - RS,2008,20.0,20.0,48.0,2400.0
4315131,Pouso Novo - RS,2009,,,,
4315131,Pouso Novo - RS,2010,,,,
4315131,Pouso Novo - RS,2011,,,,
4315131,Pouso Novo - RS,2012,,,,
4315131,Pouso Novo - RS,2013,,,,
4315131,Pouso Novo - RS,2014,12.0,12.0,36.0,3000.0
4315131,Pouso Novo - RS,2015,12.0,12.0,36.0,3000.0
4315131,Pouso Novo - RS,2016,12.0,12.0,36.0,3000.0
4315131,Pouso Novo - RS,2017,12.0,12.0,36.0,3000.0
4315131,Pouso Novo - RS,2018,12.0,12.0,36.0,3000.0
4315131,Pouso Novo - RS,2019,12.0,12.0,36.0,3000.0
4315131,Pouso Novo - RS,2020,12.0,12.0,36.0,3000.0
4315131,Pouso Novo - RS,2021,30.0,30.0,90.0,3000.0
4315131,Pouso Novo - RS,2022,30.0,30.0,87.0,2900.0
4315131,Pouso Novo - RS,2023,45.0,45.0,131.0,2911.0
4315131,Pouso Novo - RS,2024,45.0,25.0,25.0,1000.0
4315131,Pouso Novo - RS,2025,50.0,50.0,50.0,1000.0
4314753,Poço das Antas - RS,2000,,,,
4314753,Poço das Antas - RS,2001,,,,
4314753,Poço das Antas - RS,2002,,,,
4314753,Poço das Antas - RS,2003,,,,
4314753,Poço das Antas - RS,2004,,,,
4314753,Poço das Antas - RS,2005,,,,
4314753,Poço das Antas - RS,2006,,,,
4314753,Poço das Antas - RS,2007,,,,
4314753,Poço das Antas - RS,2008,,,,
4314753,Poço das Antas - RS,2009,,,,
4314753,Poço das Antas - RS,2010,,,,
4314753,Poço das Antas - RS,2011,,,,
4314753,Poço das Antas - RS,2012,,,,
4314753,Poço das Antas - RS,2013,,,,
4314753,Poço das Antas - RS,2014,,,,
4314753,Poço das Antas - RS,2015,,,,
4314753,Poço das Antas - RS,2016,,,,
4314753,Poço das Antas - RS,2017,,,,
4314753,Poço das Antas - RS,2018,,,,
4314753,Poço das Antas - RS,2019,,,,
4314753,Poço das Antas - RS,2020,,,,
4314753,Poço das Antas - RS,2021,,,,
4314753,Poço das Antas - RS,2022,,,,
4314753,Poço das Antas - RS,2023,,,,
4314753,Poço das Antas - RS,2024,,,,
4314753,Poço das Antas - RS,2025,,,,
4315149,Presidente Lucena - RS,2000,,,,
4315149,Presidente Lucena - RS,2001,,,,
4315149,Presidente Lucena - RS,2002,,,,
4315149,Presidente Lucena - RS,2003,,,,
4315149,Presidente Lucena - RS,2004,,,,
4315149,Presidente Lucena - RS,2005,,,,
4315149,Presidente Lucena - RS,2006,,,,
4315149,Presidente Lucena - RS,2007,,,,
4315149,Presidente Lucena - RS,2008,,,,
4315149,Presidente Lucena - RS,2009,,,,
4315149,Presidente Lucena - RS,2010,,,,
4315149,Presidente Lucena - RS,2011,,,,
4315149,Presidente Lucena - RS,2012,,,,
4315149,Presidente Lucena - RS,2013,,,,
4315149,Presidente Lucena - RS,2014,,,,
4315149,Presidente Lucena - RS,2015,,,,
4315149,Presidente Lucena - RS,2016,,,,
4315149,Presidente Lucena - RS,2017,,,,
4315149,Presidente Lucena - RS,2018,,,,
4315149,Presidente Lucena - RS,2019,,,,
4315149,Presidente Lucena - RS,2020,,,,
4315149,Presidente Lucena - RS,2021,,,,
4315149,Presidente Lucena - RS,2022,,,,
4315149,Presidente Lucena - RS,2023,,,,
4315149,Presidente Lucena - RS,2024,,,,
4315149,Presidente Lucena - RS,2025,,,,
4315156,Progresso - RS,2000,12.0,12.0,22.0,1833.0
4315156,Progresso - RS,2001,8.0,8.0,14.0,1750.0
4315156,Progresso - RS,2002,8.0,8.0,14.0,1750.0
4315156,Progresso - RS,2003,10.0,10.0,18.0,1800.0
4315156,Progresso - RS,2004,,,,
4315156,Progresso - RS,2005,,,,
4315156,Progresso - RS,2006,10.0,10.0,18.0,1800.0
4315156,Progresso - RS,2007,10.0,10.0,20.0,2000.0
4315156,Progresso - RS,2008,10.0,10.0,24.0,2400.0
4315156,Progresso - RS,2009,6.0,6.0,10.0,1666.0
4315156,Progresso - RS,2010,2.0,2.0,6.0,3000.0
4315156,Progresso - RS,2011,,,,
4315156,Progresso - RS,2012,,,,
4315156,Progresso - RS,2013,1.0,1.0,3.0,3000.0
4315156,Progresso - RS,2014,1.0,1.0,3.0,3000.0
4315156,Progresso - RS,2015,19.0,19.0,57.0,3000.0
4315156,Progresso - RS,2016,40.0,40.0,120.0,3000.0
4315156,Progresso - RS,2017,40.0,40.0,132.0,3300.0
4315156,Progresso - RS,2018,64.0,64.0,192.0,3000.0
4315156,Progresso - RS,2019,64.0,44.0,132.0,3000.0
4315156,Progresso - RS,2020,96.0,96.0,101.0,1052.0
4315156,Progresso - RS,2021,96.0,96.0,288.0,3000.0
4315156,Progresso - RS,2022,100.0,100.0,120.0,1200.0
4315156,Progresso - RS,2023,100.0,100.0,225.0,2250.0
4315156,Progresso - RS,2024,100.0,100.0,153.0,1530.0
4315156,Progresso - RS,2025,100.0,100.0,350.0,3500.0
4315172,Protásio Alves - RS,2000,150.0,150.0,180.0,1200.0
4315172,Protásio Alves - RS,2001,150.0,150.0,270.0,1800.0
4315172,Protásio Alves - RS,2002,250.0,250.0,450.0,1800.0
4315172,Protásio Alves - RS,2003,300.0,300.0,690.0,2300.0
4315172,Protásio Alves - RS,2004,500.0,500.0,1013.0,2026.0
4315172,Protásio Alves - RS,2005,700.0,700.0,284.0,405.0
4315172,Protásio Alves - RS,2006,700.0,700.0,1344.0,1920.0
4315172,Protásio Alves - RS,2007,700.0,700.0,2100.0,3000.0
4315172,Protásio Alves - RS,2008,700.0,700.0,1680.0,2400.0
4315172,Protásio Alves - RS,2009,700.0,700.0,1932.0,2760.0
4315172,Protásio Alves - RS,2010,700.0,700.0,1932.0,2760.0
4315172,Protásio Alves - RS,2011,900.0,900.0,2376.0,2640.0
4315172,Protásio Alves - RS,2012,900.0,900.0,1620.0,1800.0
4315172,Protásio Alves - RS,2013,900.0,900.0,2700.0,3000.0
4315172,Protásio Alves - RS,2014,900.0,900.0,2700.0,3000.0
4315172,Protásio Alves - RS,2015,900.0,900.0,3150.0,3500.0
4315172,Protásio Alves - RS,2016,1030.0,1030.0,3090.0,3000.0
4315172,Protásio Alves - RS,2017,1030.0,1030.0,3708.0,3600.0
4315172,Protásio Alves - RS,2018,1210.0,1210.0,3872.0,3200.0
4315172,Protásio Alves - RS,2019,1513.0,1513.0,4841.0,3200.0
4315172,Protásio Alves - RS,2020,1484.0,1484.0,3562.0,2400.0
4315172,Protásio Alves - RS,2021,1540.0,1540.0,5028.0,3265.0
4315172,Protásio Alves - RS,2022,1920.0,1920.0,3759.0,1958.0
4315172,Protásio Alves - RS,2023,2140.0,2140.0,5031.0,2351.0
4315172,Protásio Alves - RS,2024,2230.0,2230.0,5084.0,2280.0
4315172,Protásio Alves - RS,2025,2280.0,2280.0,7524.0,3300.0
4315206,Putinga - RS,2000,,,,
4315206,Putinga - RS,2001,,,,
4315206,Putinga - RS,2002,,,,
4315206,Putinga - RS,2003,16.0,16.0,34.0,2125.0
4315206,Putinga - RS,2004,20.0,20.0,25.0,1250.0
4315206,Putinga - RS,2005,20.0,,,
4315206,Putinga - RS,2006,30.0,30.0,22.0,733.0
4315206,Putinga - RS,2007,60.0,60.0,18.0,300.0
4315206,Putinga - RS,2008,26.0,26.0,55.0,2115.0
4315206,Putinga - RS,2009,10.0,10.0,18.0,1800.0
4315206,Putinga - RS,2010,24.0,24.0,43.0,1791.0
4315206,Putinga - RS,2011,30.0,30.0,81.0,2700.0
4315206,Putinga - RS,2012,,,,
4315206,Putinga - RS,2013,15.0,15.0,45.0,3000.0
4315206,Putinga - RS,2014,50.0,50.0,150.0,3000.0
4315206,Putinga - RS,2015,50.0,50.0,150.0,3000.0
4315206,Putinga - RS,2016,100.0,100.0,300.0,3000.0
4315206,Putinga - RS,2017,150.0,150.0,450.0,3000.0
4315206,Putinga - RS,2018,300.0,300.0,1080.0,3600.0
4315206,Putinga - RS,2019,400.0,400.0,1200.0,3000.0
4315206,Putinga - RS,2020,500.0,500.0,680.0,1360.0
4315206,Putinga - RS,2021,400.0,400.0,1200.0,3000.0
4315206,Putinga - RS,2022,500.0,500.0,750.0,1500.0
4315206,Putinga - RS,2023,500.0,500.0,825.0,1650.0
4315206,Putinga - RS,2024,500.0,500.0,952.0,1904.0
4315206,Putinga - RS,2025,500.0,500.0,1500.0,3000.0
4315305,Quaraí - RS,2000,,,,
4315305,Quaraí - RS,2001,,,,
4315305,Quaraí - RS,2002,,,,
4315305,Quaraí - RS,2003,,,,
4315305,Quaraí - RS,2004,,,,
4315305,Quaraí - RS,2005,,,,
4315305,Quaraí - RS,2006,230.0,230.0,115.0,500.0
4315305,Quaraí - RS,2007,,,,
4315305,Quaraí - RS,2008,100.0,100.0,125.0,1250.0
4315305,Quaraí - RS,2009,100.0,100.0,125.0,1250.0
4315305,Quaraí - RS,2010,,,,
4315305,Quaraí - RS,2011,,,,
4315305,Quaraí - RS,2012,,,,
4315305,Quaraí - RS,2013,,,,
4315305,Quaraí - RS,2014,,,,
4315305,Quaraí - RS,2015,,,,
4315305,Quaraí - RS,2016,,,,
4315305,Quaraí - RS,2017,280.0,280.0,504.0,1800.0
4315305,Quaraí - RS,2018,300.0,300.0,450.0,1500.0
4315305,Quaraí - RS,2019,400.0,400.0,800.0,2000.0
4315305,Quaraí - RS,2020,400.0,400.0,480.0,1200.0
4315305,Quaraí - RS,2021,600.0,600.0,1500.0,2500.0
4315305,Quaraí - RS,2022,1200.0,1200.0,1200.0,1000.0
4315305,Quaraí - RS,2023,1000.0,800.0,336.0,420.0
4315305,Quaraí - RS,2024,960.0,960.0,1632.0,1700.0
4315305,Quaraí - RS,2025,590.0,590.0,891.0,1510.0
4315313,Quatro Irmãos - RS,2000,,,,
4315313,Quatro Irmãos - RS,2001,11175.0,11175.0,33525.0,3000.0
4315313,Quatro Irmãos - RS,2002,13400.0,13400.0,28140.0,2100.0
4315313,Quatro Irmãos - RS,2003,14500.0,14300.0,37752.0,2640.0
4315313,Quatro Irmãos - RS,2004,15875.0,15875.0,31750.0,2000.0
4315313,Quatro Irmãos - RS,2005,15000.0,15000.0,15390.0,1026.0
4315313,Quatro Irmãos - RS,2006,14300.0,14300.0,38610.0,2700.0
4315313,Quatro Irmãos - RS,2007,15710.0,15710.0,48701.0,3100.0
4315313,Quatro Irmãos - RS,2008,15500.0,15500.0,32550.0,2100.0
4315313,Quatro Irmãos - RS,2009,15500.0,15500.0,27900.0,1800.0
4315313,Quatro Irmãos - RS,2010,16600.0,16600.0,54780.0,3300.0
4315313,Quatro Irmãos - RS,2011,16600.0,16600.0,54780.0,3300.0
4315313,Quatro Irmãos - RS,2012,16600.0,16600.0,29880.0,1800.0
4315313,Quatro Irmãos - RS,2013,17100.0,17100.0,41040.0,2400.0
4315313,Quatro Irmãos - RS,2014,17500.0,17500.0,52500.0,3000.0
4315313,Quatro Irmãos - RS,2015,18000.0,18000.0,64800.0,3600.0
4315313,Quatro Irmãos - RS,2016,18550.0,18550.0,61215.0,3300.0
4315313,Quatro Irmãos - RS,2017,17250.0,17250.0,67275.0,3900.0
4315313,Quatro Irmãos - RS,2018,19000.0,19000.0,79800.0,4200.0
4315313,Quatro Irmãos - RS,2019,14000.0,14000.0,56000.0,4000.0
4315313,Quatro Irmãos - RS,2020,13000.0,13000.0,35100.0,2700.0
4315313,Quatro Irmãos - RS,2021,13000.0,13000.0,48529.0,3733.0
4315313,Quatro Irmãos - RS,2022,12700.0,12700.0,30925.0,2435.0
4315313,Quatro Irmãos - RS,2023,13000.0,13000.0,31200.0,2400.0
4315313,Quatro Irmãos - RS,2024,16700.0,16700.0,70524.0,4223.0
4315313,Quatro Irmãos - RS,2025,17400.0,17400.0,39672.0,2280.0
4315321,Quevedos - RS,2000,10500.0,10500.0,11340.0,1080.0
4315321,Quevedos - RS,2001,13000.0,13000.0,31200.0,2400.0
4315321,Quevedos - RS,2002,15000.0,15000.0,31500.0,2100.0
4315321,Quevedos - RS,2003,18000.0,18000.0,43200.0,2400.0
4315321,Quevedos - RS,2004,18000.0,18000.0,27000.0,1500.0
4315321,Quevedos - RS,2005,20000.0,20000.0,24000.0,1200.0
4315321,Quevedos - RS,2006,20000.0,20000.0,45600.0,2280.0
4315321,Quevedos - RS,2007,20000.0,20000.0,54000.0,2700.0
4315321,Quevedos - RS,2008,20000.0,20000.0,48000.0,2400.0
4315321,Quevedos - RS,2009,21000.0,21000.0,56700.0,2700.0
4315321,Quevedos - RS,2010,22000.0,22000.0,43120.0,1960.0
4315321,Quevedos - RS,2011,21500.0,21500.0,64500.0,3000.0
4315321,Quevedos - RS,2012,22000.0,22000.0,30800.0,1400.0
4315321,Quevedos - RS,2013,23000.0,23000.0,69000.0,3000.0
4315321,Quevedos - RS,2014,24000.0,24000.0,72045.0,3002.0
4315321,Quevedos - RS,2015,24550.0,24550.0,81045.0,3301.0
4315321,Quevedos - RS,2016,25000.0,25000.0,82500.0,3300.0
4315321,Quevedos - RS,2017,25500.0,25500.0,91800.0,3600.0
4315321,Quevedos - RS,2018,26000.0,26000.0,93600.0,3600.0
4315321,Quevedos - RS,2019,26500.0,26500.0,92220.0,3480.0
4315321,Quevedos - RS,2020,27000.0,27000.0,66420.0,2460.0
4315321,Quevedos - RS,2021,27500.0,27500.0,99000.0,3600.0
4315321,Quevedos - RS,2022,30000.0,30000.0,43200.0,1440.0
4315321,Quevedos - RS,2023,30000.0,30000.0,39600.0,1320.0
4315321,Quevedos - RS,2024,30000.0,30000.0,81000.0,2700.0
4315321,Quevedos - RS,2025,30000.0,30000.0,52200.0,1740.0
4315354,Quinze de Novembro - RS,2000,10750.0,10750.0,20640.0,1920.0
4315354,Quinze de Novembro - RS,2001,10750.0,10750.0,25800.0,2400.0
4315354,Quinze de Novembro - RS,2002,11500.0,11500.0,23460.0,2040.0
4315354,Quinze de Novembro - RS,2003,12000.0,12000.0,36000.0,3000.0
4315354,Quinze de Novembro - RS,2004,12100.0,12100.0,14520.0,1200.0
4315354,Quinze de Novembro - RS,2005,13000.0,12550.0,11295.0,900.0
4315354,Quinze de Novembro - RS,2006,11500.0,11500.0,27600.0,2400.0
4315354,Quinze de Novembro - RS,2007,11500.0,11500.0,30130.0,2620.0
4315354,Quinze de Novembro - RS,2008,11300.0,11300.0,27120.0,2400.0
4315354,Quinze de Novembro - RS,2009,11300.0,11300.0,30510.0,2700.0
4315354,Quinze de Novembro - RS,2010,11300.0,11300.0,31527.0,2790.0
4315354,Quinze de Novembro - RS,2011,11300.0,11300.0,35934.0,3180.0
4315354,Quinze de Novembro - RS,2012,11300.0,11300.0,20340.0,1800.0
4315354,Quinze de Novembro - RS,2013,11500.0,11500.0,39100.0,3400.0
4315354,Quinze de Novembro - RS,2014,11500.0,11500.0,34500.0,3000.0
4315354,Quinze de Novembro - RS,2015,12000.0,12000.0,36000.0,3000.0
4315354,Quinze de Novembro - RS,2016,12000.0,12000.0,32400.0,2700.0
4315354,Quinze de Novembro - RS,2017,10150.0,10150.0,38570.0,3800.0
4315354,Quinze de Novembro - RS,2018,10150.0,10150.0,38570.0,3800.0
4315354,Quinze de Novembro - RS,2019,10150.0,10150.0,36540.0,3600.0
4315354,Quinze de Novembro - RS,2020,10000.0,10000.0,14000.0,1400.0
4315354,Quinze de Novembro - RS,2021,10000.0,10000.0,39000.0,3900.0
4315354,Quinze de Novembro - RS,2022,9500.0,9500.0,5700.0,600.0
4315354,Quinze de Novembro - RS,2023,10098.0,10098.0,9412.0,932.0
4315354,Quinze de Novembro - RS,2024,10050.0,10050.0,30210.0,3006.0
4315354,Quinze de Novembro - RS,2025,11000.0,11000.0,16500.0,1500.0
4315404,Redentora - RS,2000,13000.0,13000.0,23400.0,1800.0
4315404,Redentora - RS,2001,13000.0,13000.0,28600.0,2200.0
4315404,Redentora - RS,2002,13000.0,13000.0,9048.0,696.0
4315404,Redentora - RS,2003,13000.0,13000.0,20800.0,1600.0
4315404,Redentora - RS,2004,13000.0,13000.0,7020.0,540.0
4315404,Redentora - RS,2005,13000.0,13000.0,2600.0,200.0
4315404,Redentora - RS,2006,13000.0,13000.0,15600.0,1200.0
4315404,Redentora - RS,2007,13000.0,13000.0,39000.0,3000.0
4315404,Redentora - RS,2008,13000.0,13000.0,11700.0,900.0
4315404,Redentora - RS,2009,13000.0,13000.0,17550.0,1350.0
4315404,Redentora - RS,2010,13000.0,13000.0,21060.0,1620.0
4315404,Redentora - RS,2011,11000.0,11000.0,26400.0,2400.0
4315404,Redentora - RS,2012,11000.0,11000.0,4455.0,405.0
4315404,Redentora - RS,2013,11000.0,11000.0,29695.0,2700.0
4315404,Redentora - RS,2014,12000.0,12000.0,33600.0,2800.0
4315404,Redentora - RS,2015,12000.0,12000.0,36000.0,3000.0
4315404,Redentora - RS,2016,12000.0,12000.0,39600.0,3300.0
4315404,Redentora - RS,2017,12000.0,12000.0,43200.0,3600.0
4315404,Redentora - RS,2018,12800.0,12800.0,38400.0,3000.0
4315404,Redentora - RS,2019,12200.0,12200.0,36600.0,3000.0
4315404,Redentora - RS,2020,12800.0,12800.0,38400.0,3000.0
4315404,Redentora - RS,2021,12800.0,12800.0,38400.0,3000.0
4315404,Redentora - RS,2022,13000.0,13000.0,13000.0,1000.0
4315404,Redentora - RS,2023,13000.0,13000.0,27300.0,2100.0
4315404,Redentora - RS,2024,13000.0,13000.0,30100.0,2315.0
4315404,Redentora - RS,2025,20000.0,20000.0,48000.0,2400.0
4315453,Relvado - RS,2000,25.0,25.0,52.0,2080.0
4315453,Relvado - RS,2001,25.0,25.0,53.0,2120.0
4315453,Relvado - RS,2002,7.0,7.0,13.0,1857.0
4315453,Relvado - RS,2003,18.0,18.0,43.0,2388.0
4315453,Relvado - RS,2004,30.0,30.0,54.0,1800.0
4315453,Relvado - RS,2005,85.0,85.0,51.0,600.0
4315453,Relvado - RS,2006,96.0,96.0,106.0,1104.0
4315453,Relvado - RS,2007,100.0,100.0,108.0,1080.0
4315453,Relvado - RS,2008,40.0,40.0,72.0,1800.0
4315453,Relvado - RS,2009,55.0,55.0,92.0,1672.0
4315453,Relvado - RS,2010,65.0,65.0,176.0,2707.0
4315453,Relvado - RS,2011,65.0,65.0,176.0,2708.0
4315453,Relvado - RS,2012,60.0,60.0,144.0,2400.0
4315453,Relvado - RS,2013,88.0,88.0,264.0,3000.0
4315453,Relvado - RS,2014,93.0,93.0,298.0,3204.0
4315453,Relvado - RS,2015,95.0,95.0,319.0,3358.0
4315453,Relvado - RS,2016,155.0,155.0,521.0,3361.0
4315453,Relvado - RS,2017,155.0,155.0,558.0,3600.0
4315453,Relvado - RS,2018,180.0,180.0,648.0,3600.0
4315453,Relvado - RS,2019,180.0,180.0,756.0,4200.0
4315453,Relvado - RS,2020,180.0,180.0,454.0,2522.0
4315453,Relvado - RS,2021,180.0,180.0,648.0,3600.0
4315453,Relvado - RS,2022,200.0,200.0,295.0,1475.0
4315453,Relvado - RS,2023,200.0,200.0,504.0,2520.0
4315453,Relvado - RS,2024,200.0,100.0,202.0,2020.0
4315453,Relvado - RS,2025,200.0,200.0,432.0,2160.0
4315503,Restinga Sêca - RS,2000,3200.0,3200.0,6720.0,2100.0
4315503,Restinga Sêca - RS,2001,3500.0,3500.0,7350.0,2100.0
4315503,Restinga Sêca - RS,2002,4500.0,4500.0,9450.0,2100.0
4315503,Restinga Sêca - RS,2003,8000.0,8000.0,18400.0,2300.0
4315503,Restinga Sêca - RS,2004,12000.0,12000.0,15120.0,1260.0
4315503,Restinga Sêca - RS,2005,13000.0,13000.0,11960.0,920.0
4315503,Restinga Sêca - RS,2006,11800.0,11800.0,26904.0,2280.0
4315503,Restinga Sêca - RS,2007,12000.0,12000.0,31500.0,2625.0
4315503,Restinga Sêca - RS,2008,13000.0,13000.0,35100.0,2700.0
4315503,Restinga Sêca - RS,2009,13000.0,13000.0,35880.0,2760.0
4315503,Restinga Sêca - RS,2010,13500.0,13500.0,29700.0,2200.0
4315503,Restinga Sêca - RS,2011,13500.0,13500.0,38880.0,2880.0
4315503,Restinga Sêca - RS,2012,18000.0,18000.0,23760.0,1320.0
4315503,Restinga Sêca - RS,2013,22000.0,22000.0,55440.0,2520.0
4315503,Restinga Sêca - RS,2014,22500.0,22500.0,62100.0,2760.0
4315503,Restinga Sêca - RS,2015,23000.0,22500.0,65390.0,2906.0
4315503,Restinga Sêca - RS,2016,23500.0,23500.0,67125.0,2856.0
4315503,Restinga Sêca - RS,2017,23500.0,23500.0,70620.0,3005.0
4315503,Restinga Sêca - RS,2018,24000.0,24000.0,60636.0,2527.0
4315503,Restinga Sêca - RS,2019,25200.0,25200.0,68340.0,2712.0
4315503,Restinga Sêca - RS,2020,25700.0,25700.0,33990.0,1323.0
4315503,Restinga Sêca - RS,2021,25750.0,25750.0,77450.0,3008.0
4315503,Restinga Sêca - RS,2022,26250.0,26250.0,39750.0,1514.0
4315503,Restinga Sêca - RS,2023,28250.0,28250.0,42750.0,1513.0
4315503,Restinga Sêca - RS,2024,26250.0,24250.0,43518.0,1795.0
4315503,Restinga Sêca - RS,2025,28000.0,28000.0,42375.0,1513.0
4315602,Rio Grande - RS,2000,18.0,18.0,41.0,2277.0
4315602,Rio Grande - RS,2001,18.0,18.0,40.0,2222.0
4315602,Rio Grande - RS,2002,,,,
4315602,Rio Grande - RS,2003,,,,
4315602,Rio Grande - RS,2004,,,,
4315602,Rio Grande - RS,2005,,,,
4315602,Rio Grande - RS,2006,,,,
4315602,Rio Grande - RS,2007,,,,
4315602,Rio Grande - RS,2008,,,,
4315602,Rio Grande - RS,2009,400.0,400.0,800.0,2000.0
4315602,Rio Grande - RS,2010,400.0,400.0,800.0,2000.0
4315602,Rio Grande - RS,2011,2000.0,2000.0,4680.0,2340.0
4315602,Rio Grande - RS,2012,2000.0,2000.0,6320.0,3160.0
4315602,Rio Grande - RS,2013,7200.0,7200.0,16920.0,2350.0
4315602,Rio Grande - RS,2014,8000.0,8000.0,11040.0,1380.0
4315602,Rio Grande - RS,2015,5120.0,5120.0,10015.0,1956.0
4315602,Rio Grande - RS,2016,3020.0,3020.0,5907.0,1956.0
4315602,Rio Grande - RS,2017,3960.0,3960.0,7746.0,1956.0
4315602,Rio Grande - RS,2018,6000.0,6000.0,16920.0,2820.0
4315602,Rio Grande - RS,2019,9605.0,9605.0,23628.0,2460.0
4315602,Rio Grande - RS,2020,11203.0,11203.0,31637.0,2824.0
4315602,Rio Grande - RS,2021,12907.0,12907.0,44800.0,3471.0
4315602,Rio Grande - RS,2022,14557.0,14557.0,49785.0,3420.0
4315602,Rio Grande - RS,2023,19225.0,19225.0,51908.0,2700.0
4315602,Rio Grande - RS,2024,16672.0,13472.0,26675.0,1980.0
4315602,Rio Grande - RS,2025,12740.0,12740.0,40513.0,3180.0
4315701,Rio Pardo - RS,2000,5000.0,5000.0,10500.0,2100.0
4315701,Rio Pardo - RS,2001,10000.0,10000.0,22000.0,2200.0
4315701,Rio Pardo - RS,2002,11500.0,11500.0,24150.0,2100.0
4315701,Rio Pardo - RS,2003,18000.0,18000.0,43200.0,2400.0
4315701,Rio Pardo - RS,2004,23000.0,23000.0,32200.0,1400.0
4315701,Rio Pardo - RS,2005,25000.0,22000.0,13200.0,600.0
4315701,Rio Pardo - RS,2006,23000.0,23000.0,34500.0,1500.0
4315701,Rio Pardo - RS,2007,22000.0,22000.0,57200.0,2600.0
4315701,Rio Pardo - RS,2008,22000.0,22000.0,52800.0,2400.0
4315701,Rio Pardo - RS,2009,22000.0,22000.0,55000.0,2500.0
4315701,Rio Pardo - RS,2010,23500.0,23500.0,63450.0,2700.0
4315701,Rio Pardo - RS,2011,25000.0,24500.0,71050.0,2900.0
4315701,Rio Pardo - RS,2012,28000.0,28000.0,50400.0,1800.0
4315701,Rio Pardo - RS,2013,45000.0,45000.0,121500.0,2700.0
4315701,Rio Pardo - RS,2014,55000.0,55000.0,132000.0,2400.0
4315701,Rio Pardo - RS,2015,55000.0,55000.0,138600.0,2520.0
4315701,Rio Pardo - RS,2016,58000.0,56000.0,161280.0,2880.0
4315701,Rio Pardo - RS,2017,58000.0,58000.0,163560.0,2820.0
4315701,Rio Pardo - RS,2018,62244.0,62244.0,140598.0,2259.0
4315701,Rio Pardo - RS,2019,68300.0,65300.0,196350.0,3007.0
4315701,Rio Pardo - RS,2020,77200.0,65700.0,61290.0,933.0
4315701,Rio Pardo - RS,2021,70000.0,70000.0,231900.0,3313.0
4315701,Rio Pardo - RS,2022,77353.0,73653.0,200593.0,2723.0
4315701,Rio Pardo - RS,2023,76370.0,76370.0,117021.0,1532.0
4315701,Rio Pardo - RS,2024,73370.0,56370.0,137754.0,2444.0
4315701,Rio Pardo - RS,2025,73370.0,73370.0,112932.0,1539.0
4315552,Rio dos Índios - RS,2000,9000.0,9000.0,16200.0,1800.0
4315552,Rio dos Índios - RS,2001,9000.0,9000.0,18900.0,2100.0
4315552,Rio dos Índios - RS,2002,10000.0,10000.0,12000.0,1200.0
4315552,Rio dos Índios - RS,2003,8000.0,8000.0,19200.0,2400.0
4315552,Rio dos Índios - RS,2004,8500.0,8500.0,15300.0,1800.0
4315552,Rio dos Índios - RS,2005,8700.0,8700.0,5873.0,675.0
4315552,Rio dos Índios - RS,2006,7500.0,7500.0,18000.0,2400.0
4315552,Rio dos Índios - RS,2007,8000.0,8000.0,19200.0,2400.0
4315552,Rio dos Índios - RS,2008,7000.0,7000.0,16800.0,2400.0
4315552,Rio dos Índios - RS,2009,6000.0,6000.0,12600.0,2100.0
4315552,Rio dos Índios - RS,2010,7500.0,7500.0,18000.0,2400.0
4315552,Rio dos Índios - RS,2011,7500.0,7500.0,20250.0,2700.0
4315552,Rio dos Índios - RS,2012,7500.0,7500.0,9000.0,1200.0
4315552,Rio dos Índios - RS,2013,7500.0,7500.0,20250.0,2700.0
4315552,Rio dos Índios - RS,2014,7500.0,7500.0,15300.0,2040.0
4315552,Rio dos Índios - RS,2015,7930.0,7930.0,26169.0,3300.0
4315552,Rio dos Índios - RS,2016,7930.0,7930.0,23790.0,3000.0
4315552,Rio dos Índios - RS,2017,7800.0,7800.0,28080.0,3600.0
4315552,Rio dos Índios - RS,2018,8000.0,8000.0,28800.0,3600.0
4315552,Rio dos Índios - RS,2019,7500.0,7500.0,27000.0,3600.0
4315552,Rio dos Índios - RS,2020,8000.0,8000.0,24000.0,3000.0
4315552,Rio dos Índios - RS,2021,8000.0,8000.0,24000.0,3000.0
4315552,Rio dos Índios - RS,2022,8400.0,8400.0,15120.0,1800.0
4315552,Rio dos Índios - RS,2023,8400.0,8400.0,25200.0,3000.0
4315552,Rio dos Índios - RS,2024,8400.0,8400.0,27720.0,3300.0
4315552,Rio dos Índios - RS,2025,8500.0,8500.0,21420.0,2520.0
4315750,Riozinho - RS,2000,,,,
4315750,Riozinho - RS,2001,,,,
4315750,Riozinho - RS,2002,,,,
4315750,Riozinho - RS,2003,,,,
4315750,Riozinho - RS,2004,,,,
4315750,Riozinho - RS,2005,,,,
4315750,Riozinho - RS,2006,,,,
4315750,Riozinho - RS,2007,,,,
4315750,Riozinho - RS,2008,,,,
4315750,Riozinho - RS,2009,,,,
4315750,Riozinho - RS,2010,,,,
4315750,Riozinho - RS,2011,,,,
4315750,Riozinho - RS,2012,,,,
4315750,Riozinho - RS,2013,,,,
4315750,Riozinho - RS,2014,,,,
4315750,Riozinho - RS,2015,,,,
4315750,Riozinho - RS,2016,,,,
4315750,Riozinho - RS,2017,,,,
4315750,Riozinho - RS,2018,,,,
4315750,Riozinho - RS,2019,,,,
4315750,Riozinho - RS,2020,,,,
4315750,Riozinho - RS,2021,,,,
4315750,Riozinho - RS,2022,,,,
4315750,Riozinho - RS,2023,,,,
4315750,Riozinho - RS,2024,,,,
4315750,Riozinho - RS,2025,,,,
4315800,Roca Sales - RS,2000,1850.0,1850.0,3700.0,2000.0
4315800,Roca Sales - RS,2001,1500.0,1500.0,3150.0,2100.0
4315800,Roca Sales - RS,2002,1850.0,1850.0,3885.0,2100.0
4315800,Roca Sales - RS,2003,1850.0,1850.0,3885.0,2100.0
4315800,Roca Sales - RS,2004,1850.0,1850.0,1166.0,630.0
4315800,Roca Sales - RS,2005,2100.0,1470.0,1511.0,1027.0
4315800,Roca Sales - RS,2006,2100.0,2100.0,2520.0,1200.0
4315800,Roca Sales - RS,2007,2100.0,2100.0,5040.0,2400.0
4315800,Roca Sales - RS,2008,2100.0,2100.0,5040.0,2400.0
4315800,Roca Sales - RS,2009,2400.0,2400.0,7920.0,3300.0
4315800,Roca Sales - RS,2010,2100.0,2100.0,6300.0,3000.0
4315800,Roca Sales - RS,2011,2100.0,2100.0,6300.0,3000.0
4315800,Roca Sales - RS,2012,2100.0,2100.0,3465.0,1650.0
4315800,Roca Sales - RS,2013,2100.0,2100.0,7035.0,3350.0
4315800,Roca Sales - RS,2014,2300.0,2300.0,7705.0,3350.0
4315800,Roca Sales - RS,2015,2300.0,2300.0,7705.0,3350.0
4315800,Roca Sales - RS,2016,1800.0,1800.0,5400.0,3000.0
4315800,Roca Sales - RS,2017,1800.0,1800.0,6696.0,3720.0
4315800,Roca Sales - RS,2018,1800.0,1800.0,6480.0,3600.0
4315800,Roca Sales - RS,2019,1800.0,1800.0,5940.0,3300.0
4315800,Roca Sales - RS,2020,1900.0,1900.0,4058.0,2136.0
4315800,Roca Sales - RS,2021,1950.0,1950.0,7605.0,3900.0
4315800,Roca Sales - RS,2022,1900.0,1900.0,3724.0,1960.0
4315800,Roca Sales - RS,2023,2000.0,2000.0,3850.0,1925.0
4315800,Roca Sales - RS,2024,1950.0,1370.0,4110.0,3000.0
4315800,Roca Sales - RS,2025,1900.0,1900.0,3515.0,1850.0
4315909,Rodeio Bonito - RS,2000,4500.0,4500.0,7344.0,1632.0
4315909,Rodeio Bonito - RS,2001,4500.0,4500.0,10800.0,2400.0
4315909,Rodeio Bonito - RS,2002,4500.0,4500.0,5400.0,1200.0
4315909,Rodeio Bonito - RS,2003,5500.0,5500.0,13200.0,2400.0
4315909,Rodeio Bonito - RS,2004,5500.0,5500.0,3960.0,720.0
4315909,Rodeio Bonito - RS,2005,4000.0,4000.0,960.0,240.0
4315909,Rodeio Bonito - RS,2006,2500.0,2500.0,5250.0,2100.0
4315909,Rodeio Bonito - RS,2007,2500.0,2500.0,6000.0,2400.0
4315909,Rodeio Bonito - RS,2008,2500.0,2500.0,4200.0,1680.0
4315909,Rodeio Bonito - RS,2009,2500.0,2500.0,4500.0,1800.0
4315909,Rodeio Bonito - RS,2010,2500.0,2500.0,6750.0,2700.0
4315909,Rodeio Bonito - RS,2011,2500.0,2500.0,8100.0,3240.0
4315909,Rodeio Bonito - RS,2012,2500.0,2500.0,3038.0,1215.0
4315909,Rodeio Bonito - RS,2013,2500.0,2500.0,6750.0,2700.0
4315909,Rodeio Bonito - RS,2014,2500.0,2500.0,6750.0,2700.0
4315909,Rodeio Bonito - RS,2015,2500.0,2500.0,7500.0,3000.0
4315909,Rodeio Bonito - RS,2016,3500.0,3500.0,10500.0,3000.0
4315909,Rodeio Bonito - RS,2017,3000.0,3000.0,9375.0,3125.0
4315909,Rodeio Bonito - RS,2018,3300.0,3300.0,10890.0,3300.0
4315909,Rodeio Bonito - RS,2019,3500.0,3500.0,11550.0,3300.0
4315909,Rodeio Bonito - RS,2020,3500.0,3500.0,6930.0,1980.0
4315909,Rodeio Bonito - RS,2021,3500.0,3500.0,11550.0,3300.0
4315909,Rodeio Bonito - RS,2022,4400.0,3400.0,5100.0,1500.0
4315909,Rodeio Bonito - RS,2023,3600.0,3600.0,9072.0,2520.0
4315909,Rodeio Bonito - RS,2024,3600.0,3555.0,11376.0,3200.0
4315909,Rodeio Bonito - RS,2025,3800.0,3600.0,7560.0,2100.0
4315958,Rolador - RS,2000,,,,
4315958,Rolador - RS,2001,11000.0,11000.0,23100.0,2100.0
4315958,Rolador - RS,2002,11800.0,11800.0,8496.0,720.0
4315958,Rolador - RS,2003,11300.0,11300.0,30510.0,2700.0
4315958,Rolador - RS,2004,12500.0,12500.0,6375.0,510.0
4315958,Rolador - RS,2005,12500.0,12200.0,5124.0,420.0
4315958,Rolador - RS,2006,10000.0,10000.0,16200.0,1620.0
4315958,Rolador - RS,2007,10000.0,10000.0,21000.0,2100.0
4315958,Rolador - RS,2008,10500.0,10500.0,20160.0,1920.0
4315958,Rolador - RS,2009,11000.0,11000.0,17820.0,1620.0
4315958,Rolador - RS,2010,12000.0,12000.0,30240.0,2520.0
4315958,Rolador - RS,2011,12000.0,12000.0,33120.0,2760.0
4315958,Rolador - RS,2012,13000.0,13000.0,10920.0,840.0
4315958,Rolador - RS,2013,13100.0,13100.0,31890.0,2434.0
4315958,Rolador - RS,2014,13500.0,13500.0,36750.0,2722.0
4315958,Rolador - RS,2015,13600.0,13600.0,36900.0,2713.0
4315958,Rolador - RS,2016,14000.0,14000.0,42000.0,3000.0
4315958,Rolador - RS,2017,13960.0,13960.0,47826.0,3426.0
4315958,Rolador - RS,2018,13840.0,13840.0,45144.0,3262.0
4315958,Rolador - RS,2019,13700.0,13700.0,46686.0,3408.0
4315958,Rolador - RS,2020,13700.0,13700.0,29040.0,2120.0
4315958,Rolador - RS,2021,14300.0,14300.0,40493.0,2832.0
4315958,Rolador - RS,2022,14600.0,9460.0,4234.0,448.0
4315958,Rolador - RS,2023,13960.0,13960.0,9911.0,710.0
4315958,Rolador - RS,2024,13960.0,13960.0,46536.0,3334.0
4315958,Rolador - RS,2025,14765.0,14765.0,29154.0,1975.0
4316006,Rolante - RS,2000,,,,
4316006,Rolante - RS,2001,,,,
4316006,Rolante - RS,2002,,,,
4316006,Rolante - RS,2003,,,,
4316006,Rolante - RS,2004,,,,
4316006,Rolante - RS,2005,,,,
4316006,Rolante - RS,2006,,,,
4316006,Rolante - RS,2007,,,,
4316006,Rolante - RS,2008,,,,
4316006,Rolante - RS,2009,,,,
4316006,Rolante - RS,2010,,,,
4316006,Rolante - RS,2011,,,,
4316006,Rolante - RS,2012,,,,
4316006,Rolante - RS,2013,,,,
4316006,Rolante - RS,2014,,,,
4316006,Rolante - RS,2015,,,,
4316006,Rolante - RS,2016,,,,
4316006,Rolante - RS,2017,,,,
4316006,Rolante - RS,2018,,,,
4316006,Rolante - RS,2019,,,,
4316006,Rolante - RS,2020,,,,
4316006,Rolante - RS,2021,2.0,2.0,5.0,2500.0
4316006,Rolante - RS,2022,4.0,4.0,10.0,2500.0
4316006,Rolante - RS,2023,4.0,4.0,10.0,2500.0
4316006,Rolante - RS,2024,2.0,2.0,5.0,2500.0
4316006,Rolante - RS,2025,2.0,2.0,6.0,3000.0
4316105,Ronda Alta - RS,2000,22000.0,22000.0,46200.0,2100.0
4316105,Ronda Alta - RS,2001,22000.0,22000.0,52800.0,2400.0
4316105,Ronda Alta - RS,2002,23500.0,23500.0,33840.0,1440.0
4316105,Ronda Alta - RS,2003,24000.0,24000.0,72000.0,3000.0
4316105,Ronda Alta - RS,2004,24600.0,24600.0,33456.0,1360.0
4316105,Ronda Alta - RS,2005,24600.0,24000.0,11520.0,480.0
4316105,Ronda Alta - RS,2006,22000.0,22000.0,52800.0,2400.0
4316105,Ronda Alta - RS,2007,23100.0,23100.0,69300.0,3000.0
4316105,Ronda Alta - RS,2008,21600.0,21600.0,51840.0,2400.0
4316105,Ronda Alta - RS,2009,21600.0,21600.0,58320.0,2700.0
4316105,Ronda Alta - RS,2010,22500.0,22500.0,70200.0,3120.0
4316105,Ronda Alta - RS,2011,22000.0,22000.0,72600.0,3300.0
4316105,Ronda Alta - RS,2012,22000.0,22000.0,35640.0,1620.0
4316105,Ronda Alta - RS,2013,23000.0,23000.0,57500.0,2500.0
4316105,Ronda Alta - RS,2014,22000.0,22000.0,52800.0,2400.0
4316105,Ronda Alta - RS,2015,22625.0,22325.0,60330.0,2702.0
4316105,Ronda Alta - RS,2016,22650.0,22650.0,81540.0,3600.0
4316105,Ronda Alta - RS,2017,22650.0,22650.0,79310.0,3502.0
4316105,Ronda Alta - RS,2018,25160.0,25160.0,98220.0,3904.0
4316105,Ronda Alta - RS,2019,26160.0,26160.0,102120.0,3904.0
4316105,Ronda Alta - RS,2020,26000.0,26000.0,68954.0,2652.0
4316105,Ronda Alta - RS,2021,26000.0,26000.0,93623.0,3601.0
4316105,Ronda Alta - RS,2022,26000.0,26000.0,49920.0,1920.0
4316105,Ronda Alta - RS,2023,26000.0,26000.0,59800.0,2300.0
4316105,Ronda Alta - RS,2024,26000.0,26000.0,93600.0,3600.0
4316105,Ronda Alta - RS,2025,26530.0,26530.0,44664.0,1684.0
4316204,Rondinha - RS,2000,11000.0,11000.0,23100.0,2100.0
4316204,Rondinha - RS,2001,10000.0,10000.0,24000.0,2400.0
4316204,Rondinha - RS,2002,12000.0,12000.0,23040.0,1920.0
4316204,Rondinha - RS,2003,12100.0,12100.0,31460.0,2600.0
4316204,Rondinha - RS,2004,12400.0,12400.0,13330.0,1075.0
4316204,Rondinha - RS,2005,12200.0,12200.0,4392.0,360.0
4316204,Rondinha - RS,2006,11800.0,11800.0,21240.0,1800.0
4316204,Rondinha - RS,2007,11800.0,11800.0,29500.0,2500.0
4316204,Rondinha - RS,2008,11650.0,11650.0,20970.0,1800.0
4316204,Rondinha - RS,2009,12000.0,12000.0,17280.0,1440.0
4316204,Rondinha - RS,2010,12500.0,12500.0,30000.0,2400.0
4316204,Rondinha - RS,2011,12100.0,12100.0,36300.0,3000.0
4316204,Rondinha - RS,2012,11800.0,11800.0,14160.0,1200.0
4316204,Rondinha - RS,2013,11800.0,11800.0,31860.0,2700.0
4316204,Rondinha - RS,2014,11800.0,11800.0,26904.0,2280.0
4316204,Rondinha - RS,2015,12000.0,12000.0,36000.0,3000.0
4316204,Rondinha - RS,2016,12400.0,12400.0,37200.0,3000.0
4316204,Rondinha - RS,2017,12206.0,12206.0,40287.0,3301.0
4316204,Rondinha - RS,2018,12000.0,12000.0,42000.0,3500.0
4316204,Rondinha - RS,2019,12500.0,12500.0,41250.0,3300.0
4316204,Rondinha - RS,2020,12000.0,12000.0,36000.0,3000.0
4316204,Rondinha - RS,2021,11500.0,11500.0,37950.0,3300.0
4316204,Rondinha - RS,2022,11507.0,11507.0,24163.0,2100.0
4316204,Rondinha - RS,2023,12007.0,12007.0,21625.0,1801.0
4316204,Rondinha - RS,2024,12107.0,12107.0,39959.0,3300.0
4316204,Rondinha - RS,2025,12007.0,12007.0,21623.0,1801.0
4316303,Roque Gonzales - RS,2000,8000.0,8000.0,7200.0,900.0
4316303,Roque Gonzales - RS,2001,8000.0,8000.0,15360.0,1920.0
4316303,Roque Gonzales - RS,2002,7000.0,7000.0,7560.0,1080.0
4316303,Roque Gonzales - RS,2003,7300.0,7300.0,14016.0,1920.0
4316303,Roque Gonzales - RS,2004,7500.0,7125.0,5130.0,720.0
4316303,Roque Gonzales - RS,2005,7000.0,6500.0,3120.0,480.0
4316303,Roque Gonzales - RS,2006,6000.0,6000.0,6480.0,1080.0
4316303,Roque Gonzales - RS,2007,5500.0,5500.0,11550.0,2100.0
4316303,Roque Gonzales - RS,2008,4700.0,4700.0,6909.0,1470.0
4316303,Roque Gonzales - RS,2009,4500.0,4200.0,3780.0,900.0
4316303,Roque Gonzales - RS,2010,5800.0,5800.0,14616.0,2520.0
4316303,Roque Gonzales - RS,2011,6350.0,6350.0,16002.0,2520.0
4316303,Roque Gonzales - RS,2012,6800.0,6800.0,3264.0,480.0
4316303,Roque Gonzales - RS,2013,7100.0,7100.0,16188.0,2280.0
4316303,Roque Gonzales - RS,2014,7200.0,7200.0,18144.0,2520.0
4316303,Roque Gonzales - RS,2015,7268.0,7268.0,18780.0,2584.0
4316303,Roque Gonzales - RS,2016,7260.0,7260.0,20448.0,2817.0
4316303,Roque Gonzales - RS,2017,7500.0,7500.0,22500.0,3000.0
4316303,Roque Gonzales - RS,2018,7560.0,7560.0,24180.0,3198.0
4316303,Roque Gonzales - RS,2019,7570.0,7570.0,24939.0,3294.0
4316303,Roque Gonzales - RS,2020,7560.0,7560.0,18162.0,2402.0
4316303,Roque Gonzales - RS,2021,7560.0,7560.0,20430.0,2702.0
4316303,Roque Gonzales - RS,2022,8060.0,7060.0,4362.0,618.0
4316303,Roque Gonzales - RS,2023,8260.0,7760.0,5689.0,733.0
4316303,Roque Gonzales - RS,2024,8317.0,8317.0,24951.0,3000.0
4316303,Roque Gonzales - RS,2025,8484.0,8484.0,7711.0,909.0
4316402,Rosário do Sul - RS,2000,7500.0,7500.0,12150.0,1620.0
4316402,Rosário do Sul - RS,2001,12000.0,12000.0,21600.0,1800.0
4316402,Rosário do Sul - RS,2002,12000.0,12000.0,21000.0,1750.0
4316402,Rosário do Sul - RS,2003,17000.0,17000.0,35700.0,2100.0
4316402,Rosário do Sul - RS,2004,25000.0,25000.0,37500.0,1500.0
4316402,Rosário do Sul - RS,2005,25000.0,22000.0,26994.0,1227.0
4316402,Rosário do Sul - RS,2006,25000.0,22500.0,31050.0,1380.0
4316402,Rosário do Sul - RS,2007,25000.0,25000.0,45000.0,1800.0
4316402,Rosário do Sul - RS,2008,25000.0,25000.0,49500.0,1980.0
4316402,Rosário do Sul - RS,2009,30000.0,30000.0,59400.0,1980.0
4316402,Rosário do Sul - RS,2010,28000.0,28000.0,63840.0,2280.0
4316402,Rosário do Sul - RS,2011,26000.0,26000.0,51480.0,1980.0
4316402,Rosário do Sul - RS,2012,30000.0,30000.0,50400.0,1680.0
4316402,Rosário do Sul - RS,2013,33000.0,33000.0,91080.0,2760.0
4316402,Rosário do Sul - RS,2014,35000.0,35000.0,75600.0,2160.0
4316402,Rosário do Sul - RS,2015,30800.0,30800.0,73920.0,2400.0
4316402,Rosário do Sul - RS,2016,35000.0,35000.0,51100.0,1460.0
4316402,Rosário do Sul - RS,2017,35000.0,35000.0,84000.0,2400.0
4316402,Rosário do Sul - RS,2018,35000.0,35000.0,67200.0,1920.0
4316402,Rosário do Sul - RS,2019,40000.0,36000.0,65520.0,1820.0
4316402,Rosário do Sul - RS,2020,40000.0,40000.0,42000.0,1050.0
4316402,Rosário do Sul - RS,2021,40000.0,40000.0,120000.0,3000.0
4316402,Rosário do Sul - RS,2022,55000.0,55000.0,41580.0,756.0
4316402,Rosário do Sul - RS,2023,60000.0,60000.0,162000.0,2700.0
4316402,Rosário do Sul - RS,2024,60000.0,57000.0,99180.0,1740.0
4316402,Rosário do Sul - RS,2025,60000.0,60000.0,72000.0,1200.0
4316428,Sagrada Família - RS,2000,2400.0,2400.0,4560.0,1900.0
4316428,Sagrada Família - RS,2001,2400.0,2400.0,4560.0,1900.0
4316428,Sagrada Família - RS,2002,2400.0,2400.0,3600.0,1500.0
4316428,Sagrada Família - RS,2003,2400.0,2400.0,5040.0,2100.0
4316428,Sagrada Família - RS,2004,2600.0,2600.0,3640.0,1400.0
4316428,Sagrada Família - RS,2005,3850.0,3850.0,2310.0,600.0
4316428,Sagrada Família - RS,2006,3000.0,3000.0,5400.0,1800.0
4316428,Sagrada Família - RS,2007,3000.0,3000.0,9000.0,3000.0
4316428,Sagrada Família - RS,2008,3000.0,3000.0,7200.0,2400.0
4316428,Sagrada Família - RS,2009,3200.0,3200.0,6912.0,2160.0
4316428,Sagrada Família - RS,2010,3000.0,3000.0,7200.0,2400.0
4316428,Sagrada Família - RS,2011,3500.0,3500.0,8400.0,2400.0
4316428,Sagrada Família - RS,2012,3500.0,3500.0,2100.0,600.0
4316428,Sagrada Família - RS,2013,4000.0,4000.0,9600.0,2400.0
4316428,Sagrada Família - RS,2014,4100.0,4100.0,11070.0,2700.0
4316428,Sagrada Família - RS,2015,4400.0,4400.0,13200.0,3000.0
4316428,Sagrada Família - RS,2016,4600.0,4600.0,12420.0,2700.0
4316428,Sagrada Família - RS,2017,2600.0,2600.0,9360.0,3600.0
4316428,Sagrada Família - RS,2018,3500.0,3500.0,12600.0,3600.0
4316428,Sagrada Família - RS,2019,3500.0,3500.0,12600.0,3600.0
4316428,Sagrada Família - RS,2020,3500.0,3500.0,10500.0,3000.0
4316428,Sagrada Família - RS,2021,3500.0,3500.0,12600.0,3600.0
4316428,Sagrada Família - RS,2022,3500.0,3500.0,4200.0,1200.0
4316428,Sagrada Família - RS,2023,3500.0,3500.0,5040.0,1440.0
4316428,Sagrada Família - RS,2024,3000.0,3000.0,8680.0,2893.0
4316428,Sagrada Família - RS,2025,2800.0,2800.0,6384.0,2280.0
4316436,Saldanha Marinho - RS,2000,13300.0,13300.0,27265.0,2050.0
4316436,Saldanha Marinho - RS,2001,12350.0,12350.0,31863.0,2580.0
4316436,Saldanha Marinho - RS,2002,12150.0,12150.0,25515.0,2100.0
4316436,Saldanha Marinho - RS,2003,13100.0,13100.0,40610.0,3100.0
4316436,Saldanha Marinho - RS,2004,13465.0,13465.0,30700.0,2279.0
4316436,Saldanha Marinho - RS,2005,13482.0,13482.0,9707.0,719.0
4316436,Saldanha Marinho - RS,2006,11982.0,11982.0,28757.0,2400.0
4316436,Saldanha Marinho - RS,2007,12982.0,12982.0,35051.0,2699.0
4316436,Saldanha Marinho - RS,2008,12000.0,12000.0,28800.0,2400.0
4316436,Saldanha Marinho - RS,2009,11500.0,11500.0,34500.0,3000.0
4316436,Saldanha Marinho - RS,2010,12500.0,12500.0,37500.0,3000.0
4316436,Saldanha Marinho - RS,2011,12500.0,12500.0,41250.0,3300.0
4316436,Saldanha Marinho - RS,2012,12300.0,11800.0,10620.0,900.0
4316436,Saldanha Marinho - RS,2013,12600.0,12600.0,41580.0,3300.0
4316436,Saldanha Marinho - RS,2014,12600.0,12600.0,34020.0,2700.0
4316436,Saldanha Marinho - RS,2015,13160.0,13160.0,47376.0,3600.0
4316436,Saldanha Marinho - RS,2016,13561.0,13561.0,54345.0,4007.0
4316436,Saldanha Marinho - RS,2017,13561.0,13561.0,59416.0,4381.0
4316436,Saldanha Marinho - RS,2018,13575.0,13575.0,57057.0,4203.0
4316436,Saldanha Marinho - RS,2019,13626.0,13626.0,53291.0,3911.0
4316436,Saldanha Marinho - RS,2020,13666.0,13666.0,30281.0,2216.0
4316436,Saldanha Marinho - RS,2021,13666.0,13666.0,57497.0,4207.0
4316436,Saldanha Marinho - RS,2022,13266.0,13266.0,16606.0,1252.0
4316436,Saldanha Marinho - RS,2023,13286.0,13286.0,24430.0,1839.0
4316436,Saldanha Marinho - RS,2024,13286.0,13286.0,44101.0,3319.0
4316436,Saldanha Marinho - RS,2025,13850.0,13850.0,29820.0,2153.0
4316451,Salto do Jacuí - RS,2000,27500.0,27500.0,36300.0,1320.0
4316451,Salto do Jacuí - RS,2001,17000.0,17000.0,40800.0,2400.0
4316451,Salto do Jacuí - RS,2002,18000.0,18000.0,32400.0,1800.0
4316451,Salto do Jacuí - RS,2003,18300.0,18300.0,57096.0,3120.0
4316451,Salto do Jacuí - RS,2004,18700.0,18700.0,26928.0,1440.0
4316451,Salto do Jacuí - RS,2005,19200.0,18200.0,12012.0,660.0
4316451,Salto do Jacuí - RS,2006,17200.0,17200.0,44376.0,2580.0
4316451,Salto do Jacuí - RS,2007,18000.0,18000.0,45900.0,2550.0
4316451,Salto do Jacuí - RS,2008,18100.0,18100.0,32580.0,1800.0
4316451,Salto do Jacuí - RS,2009,18100.0,18100.0,43440.0,2400.0
4316451,Salto do Jacuí - RS,2010,19600.0,19600.0,52920.0,2700.0
4316451,Salto do Jacuí - RS,2011,20600.0,20600.0,61800.0,3000.0
4316451,Salto do Jacuí - RS,2012,20000.0,20000.0,30000.0,1500.0
4316451,Salto do Jacuí - RS,2013,20200.0,20200.0,58400.0,2891.0
4316451,Salto do Jacuí - RS,2014,20200.0,20200.0,55944.0,2770.0
4316451,Salto do Jacuí - RS,2015,20500.0,20500.0,66840.0,3260.0
4316451,Salto do Jacuí - RS,2016,22000.0,22000.0,69960.0,3180.0
4316451,Salto do Jacuí - RS,2017,22000.0,22000.0,86160.0,3916.0
4316451,Salto do Jacuí - RS,2018,22500.0,22500.0,81975.0,3643.0
4316451,Salto do Jacuí - RS,2019,26000.0,26000.0,82080.0,3157.0
4316451,Salto do Jacuí - RS,2020,26000.0,26000.0,23040.0,886.0
4316451,Salto do Jacuí - RS,2021,26000.0,26000.0,85360.0,3283.0
4316451,Salto do Jacuí - RS,2022,22400.0,22400.0,16800.0,750.0
4316451,Salto do Jacuí - RS,2023,24500.0,24500.0,17700.0,722.0
4316451,Salto do Jacuí - RS,2024,24500.0,19500.0,71160.0,3649.0
4316451,Salto do Jacuí - RS,2025,25000.0,25000.0,63240.0,2530.0
4316477,Salvador das Missões - RS,2000,4500.0,4500.0,4725.0,1050.0
4316477,Salvador das Missões - RS,2001,4500.0,4500.0,10260.0,2280.0
4316477,Salvador das Missões - RS,2002,4700.0,4700.0,7050.0,1500.0
4316477,Salvador das Missões - RS,2003,4700.0,4700.0,12690.0,2700.0
4316477,Salvador das Missões - RS,2004,4800.0,4550.0,4368.0,960.0
4316477,Salvador das Missões - RS,2005,4850.0,3850.0,1155.0,300.0
4316477,Salvador das Missões - RS,2006,3900.0,3850.0,5082.0,1320.0
4316477,Salvador das Missões - RS,2007,3700.0,3700.0,9324.0,2520.0
4316477,Salvador das Missões - RS,2008,3400.0,3400.0,5916.0,1740.0
4316477,Salvador das Missões - RS,2009,3300.0,3150.0,6615.0,2100.0
4316477,Salvador das Missões - RS,2010,3400.0,3400.0,9520.0,2800.0
4316477,Salvador das Missões - RS,2011,3500.0,3500.0,11340.0,3240.0
4316477,Salvador das Missões - RS,2012,3500.0,3500.0,4410.0,1260.0
4316477,Salvador das Missões - RS,2013,3500.0,3500.0,7350.0,2100.0
4316477,Salvador das Missões - RS,2014,3500.0,3500.0,7350.0,2100.0
4316477,Salvador das Missões - RS,2015,3500.0,3500.0,10500.0,3000.0
4316477,Salvador das Missões - RS,2016,3500.0,3500.0,11550.0,3300.0
4316477,Salvador das Missões - RS,2017,3300.0,3300.0,12276.0,3720.0
4316477,Salvador das Missões - RS,2018,3400.0,3400.0,11560.0,3400.0
4316477,Salvador das Missões - RS,2019,3400.0,3400.0,11900.0,3500.0
4316477,Salvador das Missões - RS,2020,3400.0,3400.0,7735.0,2275.0
4316477,Salvador das Missões - RS,2021,3500.0,3500.0,10710.0,3060.0
4316477,Salvador das Missões - RS,2022,3500.0,3500.0,1050.0,300.0
4316477,Salvador das Missões - RS,2023,3533.0,3533.0,2619.0,741.0
4316477,Salvador das Missões - RS,2024,3533.0,3533.0,11649.0,3297.0
4316477,Salvador das Missões - RS,2025,3703.0,3703.0,6717.0,1814.0
4316501,Salvador do Sul - RS,2000,4.0,4.0,3.0,750.0
4316501,Salvador do Sul - RS,2001,,,,
4316501,Salvador do Sul - RS,2002,,,,
4316501,Salvador do Sul - RS,2003,,,,
4316501,Salvador do Sul - RS,2004,,,,
4316501,Salvador do Sul - RS,2005,,,,
4316501,Salvador do Sul - RS,2006,,,,
4316501,Salvador do Sul - RS,2007,,,,
4316501,Salvador do Sul - RS,2008,,,,
4316501,Salvador do Sul - RS,2009,,,,
4316501,Salvador do Sul - RS,2010,,,,
4316501,Salvador do Sul - RS,2011,,,,
4316501,Salvador do Sul - RS,2012,,,,
4316501,Salvador do Sul - RS,2013,,,,
4316501,Salvador do Sul - RS,2014,,,,
4316501,Salvador do Sul - RS,2015,,,,
4316501,Salvador do Sul - RS,2016,,,,
4316501,Salvador do Sul - RS,2017,,,,
4316501,Salvador do Sul - RS,2018,,,,
4316501,Salvador do Sul - RS,2019,,,,
4316501,Salvador do Sul - RS,2020,,,,
4316501,Salvador do Sul - RS,2021,,,,
4316501,Salvador do Sul - RS,2022,,,,
4316501,Salvador do Sul - RS,2023,,,,
4316501,Salvador do Sul - RS,2024,,,,
4316501,Salvador do Sul - RS,2025,,,,
4316600,Sananduva - RS,2000,11000.0,11000.0,26400.0,2400.0
4316600,Sananduva - RS,2001,10000.0,10000.0,30000.0,3000.0
4316600,Sananduva - RS,2002,13200.0,13200.0,28512.0,2160.0
4316600,Sananduva - RS,2003,14200.0,14200.0,44304.0,3120.0
4316600,Sananduva - RS,2004,15200.0,15200.0,29640.0,1950.0
4316600,Sananduva - RS,2005,16000.0,13000.0,9360.0,720.0
4316600,Sananduva - RS,2006,15150.0,15150.0,45450.0,3000.0
4316600,Sananduva - RS,2007,17020.0,17020.0,56166.0,3300.0
4316600,Sananduva - RS,2008,17400.0,17400.0,43848.0,2520.0
4316600,Sananduva - RS,2009,17400.0,17400.0,39150.0,2250.0
4316600,Sananduva - RS,2010,18900.0,18900.0,62370.0,3300.0
4316600,Sananduva - RS,2011,20000.0,20000.0,66000.0,3300.0
4316600,Sananduva - RS,2012,19800.0,19800.0,47520.0,2400.0
4316600,Sananduva - RS,2013,20000.0,20000.0,60000.0,3000.0
4316600,Sananduva - RS,2014,20800.0,20800.0,68640.0,3300.0
4316600,Sananduva - RS,2015,20900.0,20900.0,68970.0,3300.0
4316600,Sananduva - RS,2016,21300.0,21300.0,70290.0,3300.0
4316600,Sananduva - RS,2017,21800.0,21800.0,82404.0,3780.0
4316600,Sananduva - RS,2018,21800.0,21800.0,78480.0,3600.0
4316600,Sananduva - RS,2019,22800.0,22800.0,88920.0,3900.0
4316600,Sananduva - RS,2020,23000.0,23000.0,48300.0,2100.0
4316600,Sananduva - RS,2021,23000.0,23000.0,80040.0,3480.0
4316600,Sananduva - RS,2022,23200.0,23200.0,46400.0,2000.0
4316600,Sananduva - RS,2023,23400.0,23400.0,74412.0,3180.0
4316600,Sananduva - RS,2024,23400.0,23400.0,81432.0,3480.0
4316600,Sananduva - RS,2025,23600.0,23600.0,51920.0,2200.0
4317103,Sant'Ana do Livramento - RS,2000,340.0,340.0,544.0,1600.0
4317103,Sant'Ana do Livramento - RS,2001,340.0,340.0,544.0,1600.0
4317103,Sant'Ana do Livramento - RS,2002,300.0,300.0,480.0,1600.0
4317103,Sant'Ana do Livramento - RS,2003,2900.0,2900.0,4640.0,1600.0
4317103,Sant'Ana do Livramento - RS,2004,4700.0,4700.0,7520.0,1600.0
4317103,Sant'Ana do Livramento - RS,2005,11500.0,11300.0,12204.0,1080.0
4317103,Sant'Ana do Livramento - RS,2006,11000.0,11000.0,8580.0,780.0
4317103,Sant'Ana do Livramento - RS,2007,10000.0,10000.0,21000.0,2100.0
4317103,Sant'Ana do Livramento - RS,2008,12000.0,12000.0,25200.0,2100.0
4317103,Sant'Ana do Livramento - RS,2009,12000.0,12000.0,18000.0,1500.0
4317103,Sant'Ana do Livramento - RS,2010,12000.0,12000.0,18000.0,1500.0
4317103,Sant'Ana do Livramento - RS,2011,12000.0,12000.0,21600.0,1800.0
4317103,Sant'Ana do Livramento - RS,2012,18000.0,18000.0,32400.0,1800.0
4317103,Sant'Ana do Livramento - RS,2013,29100.0,29100.0,69840.0,2400.0
4317103,Sant'Ana do Livramento - RS,2014,35000.0,35000.0,84000.0,2400.0
4317103,Sant'Ana do Livramento - RS,2015,40000.0,40000.0,96000.0,2400.0
4317103,Sant'Ana do Livramento - RS,2016,35000.0,35000.0,84000.0,2400.0
4317103,Sant'Ana do Livramento - RS,2017,45000.0,45000.0,121500.0,2700.0
4317103,Sant'Ana do Livramento - RS,2018,45000.0,45000.0,81000.0,1800.0
4317103,Sant'Ana do Livramento - RS,2019,55000.0,55000.0,99000.0,1800.0
4317103,Sant'Ana do Livramento - RS,2020,55000.0,55000.0,66000.0,1200.0
4317103,Sant'Ana do Livramento - RS,2021,55000.0,55000.0,165000.0,3000.0
4317103,Sant'Ana do Livramento - RS,2022,75000.0,75000.0,90000.0,1200.0
4317103,Sant'Ana do Livramento - RS,2023,75000.0,75000.0,180000.0,2400.0
4317103,Sant'Ana do Livramento - RS,2024,80000.0,76000.0,76000.0,1000.0
4317103,Sant'Ana do Livramento - RS,2025,75000.0,75000.0,150000.0,2000.0
4316709,Santa Bárbara do Sul - RS,2000,63000.0,63000.0,120960.0,1920.0
4316709,Santa Bárbara do Sul - RS,2001,60000.0,60000.0,162000.0,2700.0
4316709,Santa Bárbara do Sul - RS,2002,61000.0,61000.0,128100.0,2100.0
4316709,Santa Bárbara do Sul - RS,2003,65000.0,65000.0,214500.0,3300.0
4316709,Santa Bárbara do Sul - RS,2004,66000.0,66000.0,128700.0,1950.0
4316709,Santa Bárbara do Sul - RS,2005,67000.0,65000.0,79105.0,1217.0
4316709,Santa Bárbara do Sul - RS,2006,64000.0,64000.0,168960.0,2640.0
4316709,Santa Bárbara do Sul - RS,2007,66000.0,66000.0,178200.0,2700.0
4316709,Santa Bárbara do Sul - RS,2008,64000.0,64000.0,153600.0,2400.0
4316709,Santa Bárbara do Sul - RS,2009,64000.0,64000.0,172800.0,2700.0
4316709,Santa Bárbara do Sul - RS,2010,67000.0,67000.0,192960.0,2880.0
4316709,Santa Bárbara do Sul - RS,2011,67000.0,67000.0,233160.0,3480.0
4316709,Santa Bárbara do Sul - RS,2012,66000.0,66000.0,114840.0,1740.0
4316709,Santa Bárbara do Sul - RS,2013,66300.0,66300.0,198900.0,3000.0
4316709,Santa Bárbara do Sul - RS,2014,67000.0,67000.0,201000.0,3000.0
4316709,Santa Bárbara do Sul - RS,2015,68500.0,68500.0,255720.0,3733.0
4316709,Santa Bárbara do Sul - RS,2016,69000.0,69000.0,257580.0,3733.0
4316709,Santa Bárbara do Sul - RS,2017,69000.0,69000.0,270600.0,3922.0
4316709,Santa Bárbara do Sul - RS,2018,69700.0,69700.0,279610.0,4012.0
4316709,Santa Bárbara do Sul - RS,2019,76000.0,76000.0,290400.0,3821.0
4316709,Santa Bárbara do Sul - RS,2020,76000.0,76000.0,170784.0,2247.0
4316709,Santa Bárbara do Sul - RS,2021,76000.0,76000.0,322400.0,4242.0
4316709,Santa Bárbara do Sul - RS,2022,76000.0,76000.0,100800.0,1326.0
4316709,Santa Bárbara do Sul - RS,2023,74500.0,74500.0,169650.0,2277.0
4316709,Santa Bárbara do Sul - RS,2024,75000.0,75000.0,301200.0,4016.0
4316709,Santa Bárbara do Sul - RS,2025,80500.0,80500.0,178425.0,2216.0
4316733,Santa Cecília do Sul - RS,2000,,,,
4316733,Santa Cecília do Sul - RS,2001,5160.0,5160.0,13932.0,2700.0
4316733,Santa Cecília do Sul - RS,2002,5900.0,5900.0,11682.0,1980.0
4316733,Santa Cecília do Sul - RS,2003,6300.0,6300.0,18270.0,2900.0
4316733,Santa Cecília do Sul - RS,2004,6600.0,6600.0,13464.0,2040.0
4316733,Santa Cecília do Sul - RS,2005,6500.0,5000.0,3300.0,660.0
4316733,Santa Cecília do Sul - RS,2006,6200.0,6200.0,18600.0,3000.0
4316733,Santa Cecília do Sul - RS,2007,6450.0,6050.0,14520.0,2400.0
4316733,Santa Cecília do Sul - RS,2008,6500.0,6500.0,15600.0,2400.0
4316733,Santa Cecília do Sul - RS,2009,6500.0,6500.0,10530.0,1620.0
4316733,Santa Cecília do Sul - RS,2010,6900.0,6900.0,20700.0,3000.0
4316733,Santa Cecília do Sul - RS,2011,7150.0,7150.0,23595.0,3300.0
4316733,Santa Cecília do Sul - RS,2012,7030.0,7030.0,13455.0,1914.0
4316733,Santa Cecília do Sul - RS,2013,7130.0,7130.0,19964.0,2800.0
4316733,Santa Cecília do Sul - RS,2014,7250.0,7250.0,23925.0,3300.0
4316733,Santa Cecília do Sul - RS,2015,8000.0,8000.0,28800.0,3600.0
4316733,Santa Cecília do Sul - RS,2016,8000.0,8000.0,28800.0,3600.0
4316733,Santa Cecília do Sul - RS,2017,8000.0,8000.0,32000.0,4000.0
4316733,Santa Cecília do Sul - RS,2018,8000.0,8000.0,28800.0,3600.0
4316733,Santa Cecília do Sul - RS,2019,9000.0,9000.0,32400.0,3600.0
4316733,Santa Cecília do Sul - RS,2020,9000.0,9000.0,18900.0,2100.0
4316733,Santa Cecília do Sul - RS,2021,8600.0,8600.0,33540.0,3900.0
4316733,Santa Cecília do Sul - RS,2022,9200.0,9200.0,17940.0,1950.0
4316733,Santa Cecília do Sul - RS,2023,9615.0,9615.0,21922.0,2280.0
4316733,Santa Cecília do Sul - RS,2024,9930.0,9930.0,35748.0,3600.0
4316733,Santa Cecília do Sul - RS,2025,10260.0,10260.0,22162.0,2160.0
4316758,Santa Clara do Sul - RS,2000,500.0,500.0,1000.0,2000.0
4316758,Santa Clara do Sul - RS,2001,500.0,500.0,1050.0,2100.0
4316758,Santa Clara do Sul - RS,2002,500.0,500.0,1050.0,2100.0
4316758,Santa Clara do Sul - RS,2003,500.0,500.0,1200.0,2400.0
4316758,Santa Clara do Sul - RS,2004,500.0,500.0,600.0,1200.0
4316758,Santa Clara do Sul - RS,2005,500.0,300.0,90.0,300.0
4316758,Santa Clara do Sul - RS,2006,400.0,400.0,360.0,900.0
4316758,Santa Clara do Sul - RS,2007,400.0,400.0,760.0,1900.0
4316758,Santa Clara do Sul - RS,2008,300.0,300.0,900.0,3000.0
4316758,Santa Clara do Sul - RS,2009,400.0,400.0,1080.0,2700.0
4316758,Santa Clara do Sul - RS,2010,480.0,480.0,1296.0,2700.0
4316758,Santa Clara do Sul - RS,2011,480.0,480.0,1190.0,2479.0
4316758,Santa Clara do Sul - RS,2012,480.0,480.0,806.0,1679.0
4316758,Santa Clara do Sul - RS,2013,500.0,500.0,1500.0,3000.0
4316758,Santa Clara do Sul - RS,2014,500.0,500.0,1500.0,3000.0
4316758,Santa Clara do Sul - RS,2015,500.0,500.0,1650.0,3300.0
4316758,Santa Clara do Sul - RS,2016,550.0,550.0,1815.0,3300.0
4316758,Santa Clara do Sul - RS,2017,550.0,550.0,1925.0,3500.0
4316758,Santa Clara do Sul - RS,2018,550.0,550.0,1925.0,3500.0
4316758,Santa Clara do Sul - RS,2019,950.0,950.0,3325.0,3500.0
4316758,Santa Clara do Sul - RS,2020,730.0,730.0,1276.0,1748.0
4316758,Santa Clara do Sul - RS,2021,900.0,900.0,3150.0,3500.0
4316758,Santa Clara do Sul - RS,2022,900.0,900.0,2121.0,2357.0
4316758,Santa Clara do Sul - RS,2023,950.0,950.0,2161.0,2275.0
4316758,Santa Clara do Sul - RS,2024,950.0,700.0,2520.0,3600.0
4316758,Santa Clara do Sul - RS,2025,1000.0,1000.0,2700.0,2700.0
4316808,Santa Cruz do Sul - RS,2000,900.0,900.0,1620.0,1800.0
4316808,Santa Cruz do Sul - RS,2001,900.0,900.0,1620.0,1800.0
4316808,Santa Cruz do Sul - RS,2002,900.0,900.0,1620.0,1800.0
4316808,Santa Cruz do Sul - RS,2003,900.0,900.0,2430.0,2700.0
4316808,Santa Cruz do Sul - RS,2004,900.0,900.0,1620.0,1800.0
4316808,Santa Cruz do Sul - RS,2005,900.0,900.0,1080.0,1200.0
4316808,Santa Cruz do Sul - RS,2006,900.0,900.0,2160.0,2400.0
4316808,Santa Cruz do Sul - RS,2007,900.0,900.0,2160.0,2400.0
4316808,Santa Cruz do Sul - RS,2008,900.0,900.0,2520.0,2800.0
4316808,Santa Cruz do Sul - RS,2009,900.0,900.0,1987.0,2207.0
4316808,Santa Cruz do Sul - RS,2010,900.0,900.0,2066.0,2295.0
4316808,Santa Cruz do Sul - RS,2011,900.0,900.0,1998.0,2220.0
4316808,Santa Cruz do Sul - RS,2012,1100.0,1100.0,2200.0,2000.0
4316808,Santa Cruz do Sul - RS,2013,2000.0,2000.0,5400.0,2700.0
4316808,Santa Cruz do Sul - RS,2014,2000.0,2000.0,4800.0,2400.0
4316808,Santa Cruz do Sul - RS,2015,2000.0,2000.0,6600.0,3300.0
4316808,Santa Cruz do Sul - RS,2016,2000.0,2000.0,6600.0,3300.0
4316808,Santa Cruz do Sul - RS,2017,2500.0,2500.0,8250.0,3300.0
4316808,Santa Cruz do Sul - RS,2018,3400.0,3400.0,11220.0,3300.0
4316808,Santa Cruz do Sul - RS,2019,3400.0,3400.0,10200.0,3000.0
4316808,Santa Cruz do Sul - RS,2020,3400.0,3400.0,3468.0,1020.0
4316808,Santa Cruz do Sul - RS,2021,3200.0,3200.0,9792.0,3060.0
4316808,Santa Cruz do Sul - RS,2022,3200.0,3200.0,8640.0,2700.0
4316808,Santa Cruz do Sul - RS,2023,3500.0,3500.0,5250.0,1500.0
4316808,Santa Cruz do Sul - RS,2024,3200.0,2350.0,7050.0,3000.0
4316808,Santa Cruz do Sul - RS,2025,3300.0,3300.0,7557.0,2290.0
4316972,Santa Margarida do Sul - RS,2000,,,,
4316972,Santa Margarida do Sul - RS,2001,9000.0,9000.0,16200.0,1800.0
4316972,Santa Margarida do Sul - RS,2002,10500.0,10500.0,20160.0,1920.0
4316972,Santa Margarida do Sul - RS,2003,13000.0,13000.0,29640.0,2280.0
4316972,Santa Margarida do Sul - RS,2004,18000.0,18000.0,25920.0,1440.0
4316972,Santa Margarida do Sul - RS,2005,20000.0,20000.0,16800.0,840.0
4316972,Santa Margarida do Sul - RS,2006,15000.0,15000.0,27000.0,1800.0
4316972,Santa Margarida do Sul - RS,2007,18000.0,18000.0,39600.0,2200.0
4316972,Santa Margarida do Sul - RS,2008,22000.0,22000.0,34320.0,1560.0
4316972,Santa Margarida do Sul - RS,2009,18000.0,18000.0,29160.0,1620.0
4316972,Santa Margarida do Sul - RS,2010,22000.0,22000.0,66000.0,3000.0
4316972,Santa Margarida do Sul - RS,2011,18000.0,18000.0,39762.0,2209.0
4316972,Santa Margarida do Sul - RS,2012,22000.0,22000.0,15840.0,720.0
4316972,Santa Margarida do Sul - RS,2013,25000.0,25000.0,62500.0,2500.0
4316972,Santa Margarida do Sul - RS,2014,25000.0,25000.0,60000.0,2400.0
4316972,Santa Margarida do Sul - RS,2015,33000.0,33000.0,108900.0,3300.0
4316972,Santa Margarida do Sul - RS,2016,35000.0,35000.0,94500.0,2700.0
4316972,Santa Margarida do Sul - RS,2017,36000.0,36000.0,93600.0,2600.0
4316972,Santa Margarida do Sul - RS,2018,36000.0,36000.0,93600.0,2600.0
4316972,Santa Margarida do Sul - RS,2019,34800.0,33600.0,68544.0,2040.0
4316972,Santa Margarida do Sul - RS,2020,36000.0,36000.0,36576.0,1016.0
4316972,Santa Margarida do Sul - RS,2021,36000.0,36000.0,86400.0,2400.0
4316972,Santa Margarida do Sul - RS,2022,40000.0,39800.0,47760.0,1200.0
4316972,Santa Margarida do Sul - RS,2023,46000.0,46000.0,69000.0,1500.0
4316972,Santa Margarida do Sul - RS,2024,45000.0,45000.0,93600.0,2080.0
4316972,Santa Margarida do Sul - RS,2025,45000.0,45000.0,22950.0,510.0
4316907,Santa Maria - RS,2000,6500.0,6500.0,12870.0,1980.0
4316907,Santa Maria - RS,2001,6500.0,6500.0,15600.0,2400.0
4316907,Santa Maria - RS,2002,9750.0,9750.0,23400.0,2400.0
4316907,Santa Maria - RS,2003,14000.0,14000.0,38640.0,2760.0
4316907,Santa Maria - RS,2004,18375.0,18375.0,29988.0,1632.0
4316907,Santa Maria - RS,2005,19000.0,19000.0,15960.0,840.0
4316907,Santa Maria - RS,2006,25600.0,25600.0,60826.0,2376.0
4316907,Santa Maria - RS,2007,25600.0,25600.0,67738.0,2646.0
4316907,Santa Maria - RS,2008,26000.0,26000.0,58916.0,2266.0
4316907,Santa Maria - RS,2009,26000.0,26000.0,70200.0,2700.0
4316907,Santa Maria - RS,2010,26000.0,25220.0,57502.0,2280.0
4316907,Santa Maria - RS,2011,26000.0,26000.0,67600.0,2600.0
4316907,Santa Maria - RS,2012,28000.0,28000.0,42000.0,1500.0
4316907,Santa Maria - RS,2013,39000.0,39000.0,109980.0,2820.0
4316907,Santa Maria - RS,2014,41000.0,41000.0,114800.0,2800.0
4316907,Santa Maria - RS,2015,44100.0,44100.0,132330.0,3001.0
4316907,Santa Maria - RS,2016,46100.0,46100.0,138420.0,3003.0
4316907,Santa Maria - RS,2017,47000.0,47000.0,157974.0,3361.0
4316907,Santa Maria - RS,2018,49345.0,49345.0,157904.0,3200.0
4316907,Santa Maria - RS,2019,49345.0,49245.0,162509.0,3300.0
4316907,Santa Maria - RS,2020,49345.0,49345.0,97703.0,1980.0
4316907,Santa Maria - RS,2021,49800.0,49800.0,167328.0,3360.0
4316907,Santa Maria - RS,2022,49800.0,49800.0,71712.0,1440.0
4316907,Santa Maria - RS,2023,45200.0,45200.0,94920.0,2100.0
4316907,Santa Maria - RS,2024,50000.0,47500.0,114998.0,2421.0
4316907,Santa Maria - RS,2025,50570.0,49558.0,74337.0,1500.0
4316956,Santa Maria do Herval - RS,2000,,,,
4316956,Santa Maria do Herval - RS,2001,,,,
4316956,Santa Maria do Herval - RS,2002,,,,
4316956,Santa Maria do Herval - RS,2003,,,,
4316956,Santa Maria do Herval - RS,2004,,,,
4316956,Santa Maria do Herval - RS,2005,,,,
4316956,Santa Maria do Herval - RS,2006,,,,
4316956,Santa Maria do Herval - RS,2007,,,,
4316956,Santa Maria do Herval - RS,2008,,,,
4316956,Santa Maria do Herval - RS,2009,,,,
4316956,Santa Maria do Herval - RS,2010,,,,
4316956,Santa Maria do Herval - RS,2011,,,,
4316956,Santa Maria do Herval - RS,2012,,,,
4316956,Santa Maria do Herval - RS,2013,3.0,3.0,9.0,3000.0
4316956,Santa Maria do Herval - RS,2014,2.0,2.0,6.0,3000.0
4316956,Santa Maria do Herval - RS,2015,2.0,2.0,6.0,3000.0
4316956,Santa Maria do Herval - RS,2016,12.0,12.0,36.0,3000.0
4316956,Santa Maria do Herval - RS,2017,8.0,8.0,10.0,1250.0
4316956,Santa Maria do Herval - RS,2018,12.0,12.0,36.0,3000.0
4316956,Santa Maria do Herval - RS,2019,12.0,12.0,36.0,3000.0
4316956,Santa Maria do Herval - RS,2020,12.0,12.0,24.0,2000.0
4316956,Santa Maria do Herval - RS,2021,15.0,15.0,42.0,2800.0
4316956,Santa Maria do Herval - RS,2022,15.0,15.0,33.0,2200.0
4316956,Santa Maria do Herval - RS,2023,15.0,15.0,40.0,2667.0
4316956,Santa Maria do Herval - RS,2024,15.0,15.0,38.0,2533.0
4316956,Santa Maria do Herval - RS,2025,15.0,15.0,37.0,2467.0
4317202,Santa Rosa - RS,2000,31000.0,31000.0,40920.0,1320.0
4317202,Santa Rosa - RS,2001,30000.0,30000.0,72000.0,2400.0
4317202,Santa Rosa - RS,2002,32450.0,32450.0,47702.0,1470.0
4317202,Santa Rosa - RS,2003,33800.0,33800.0,85176.0,2520.0
4317202,Santa Rosa - RS,2004,33800.0,33800.0,30420.0,900.0
4317202,Santa Rosa - RS,2005,27000.0,18900.0,3402.0,180.0
4317202,Santa Rosa - RS,2006,25920.0,25920.0,46656.0,1800.0
4317202,Santa Rosa - RS,2007,25000.0,25000.0,67500.0,2700.0
4317202,Santa Rosa - RS,2008,22000.0,22000.0,23100.0,1050.0
4317202,Santa Rosa - RS,2009,20000.0,20000.0,36000.0,1800.0
4317202,Santa Rosa - RS,2010,20400.0,20400.0,53856.0,2640.0
4317202,Santa Rosa - RS,2011,18000.0,18000.0,52920.0,2940.0
4317202,Santa Rosa - RS,2012,18000.0,18000.0,8640.0,480.0
4317202,Santa Rosa - RS,2013,18000.0,18000.0,43200.0,2400.0
4317202,Santa Rosa - RS,2014,18000.0,18000.0,48600.0,2700.0
4317202,Santa Rosa - RS,2015,18600.0,18600.0,55800.0,3000.0
4317202,Santa Rosa - RS,2016,18600.0,18600.0,61380.0,3300.0
4317202,Santa Rosa - RS,2017,18700.0,18700.0,67350.0,3602.0
4317202,Santa Rosa - RS,2018,19500.0,19500.0,64350.0,3300.0
4317202,Santa Rosa - RS,2019,19500.0,19500.0,60840.0,3120.0
4317202,Santa Rosa - RS,2020,19500.0,19500.0,52650.0,2700.0
4317202,Santa Rosa - RS,2021,19500.0,19500.0,70200.0,3600.0
4317202,Santa Rosa - RS,2022,20060.0,20060.0,10998.0,548.0
4317202,Santa Rosa - RS,2023,20060.0,20060.0,36228.0,1806.0
4317202,Santa Rosa - RS,2024,20064.0,20064.0,66211.0,3300.0
4317202,Santa Rosa - RS,2025,21064.0,21064.0,38011.0,1805.0
4317251,Santa Tereza - RS,2000,5.0,5.0,9.0,1800.0
4317251,Santa Tereza - RS,2001,5.0,5.0,9.0,1800.0
4317251,Santa Tereza - RS,2002,5.0,5.0,9.0,1800.0
4317251,Santa Tereza - RS,2003,2.0,2.0,4.0,2000.0
4317251,Santa Tereza - RS,2004,5.0,5.0,5.0,1000.0
4317251,Santa Tereza - RS,2005,3.0,3.0,1.0,333.0
4317251,Santa Tereza - RS,2006,,,,
4317251,Santa Tereza - RS,2007,,,,
4317251,Santa Tereza - RS,2008,,,,
4317251,Santa Tereza - RS,2009,,,,
4317251,Santa Tereza - RS,2010,,,,
4317251,Santa Tereza - RS,2011,,,,
4317251,Santa Tereza - RS,2012,,,,
4317251,Santa Tereza - RS,2013,,,,
4317251,Santa Tereza - RS,2014,,,,
4317251,Santa Tereza - RS,2015,,,,
4317251,Santa Tereza - RS,2016,,,,
4317251,Santa Tereza - RS,2017,,,,
4317251,Santa Tereza - RS,2018,,,,
4317251,Santa Tereza - RS,2019,,,,
4317251,Santa Tereza - RS,2020,,,,
4317251,Santa Tereza - RS,2021,,,,
4317251,Santa Tereza - RS,2022,,,,
4317251,Santa Tereza - RS,2023,,,,
4317251,Santa Tereza - RS,2024,,,,
4317251,Santa Tereza - RS,2025,,,,
4317301,Santa Vitória do Palmar - RS,2000,,,,
4317301,Santa Vitória do Palmar - RS,2001,60.0,60.0,79.0,1316.0
4317301,Santa Vitória do Palmar - RS,2002,,,,
4317301,Santa Vitória do Palmar - RS,2003,,,,
4317301,Santa Vitória do Palmar - RS,2004,,,,
4317301,Santa Vitória do Palmar - RS,2005,662.0,562.0,491.0,873.0
4317301,Santa Vitória do Palmar - RS,2006,,,,
4317301,Santa Vitória do Palmar - RS,2007,,,,
4317301,Santa Vitória do Palmar - RS,2008,,,,
4317301,Santa Vitória do Palmar - RS,2009,255.0,255.0,536.0,2101.0
4317301,Santa Vitória do Palmar - RS,2010,1000.0,1000.0,1200.0,1200.0
4317301,Santa Vitória do Palmar - RS,2011,757.0,757.0,1590.0,2100.0
4317301,Santa Vitória do Palmar - RS,2012,3000.0,3000.0,5400.0,1800.0
4317301,Santa Vitória do Palmar - RS,2013,12326.0,12326.0,22187.0,1800.0
4317301,Santa Vitória do Palmar - RS,2014,23000.0,23000.0,41400.0,1800.0
4317301,Santa Vitória do Palmar - RS,2015,20547.0,20547.0,44382.0,2160.0
4317301,Santa Vitória do Palmar - RS,2016,20850.0,19275.0,34425.0,1786.0
4317301,Santa Vitória do Palmar - RS,2017,18637.0,18637.0,33286.0,1786.0
4317301,Santa Vitória do Palmar - RS,2018,20850.0,20850.0,48372.0,2320.0
4317301,Santa Vitória do Palmar - RS,2019,25864.0,25864.0,74902.0,2896.0
4317301,Santa Vitória do Palmar - RS,2020,31000.0,31000.0,89776.0,2896.0
4317301,Santa Vitória do Palmar - RS,2021,36209.0,36209.0,84512.0,2334.0
4317301,Santa Vitória do Palmar - RS,2022,42244.0,42244.0,130534.0,3090.0
4317301,Santa Vitória do Palmar - RS,2023,56155.0,56155.0,173519.0,3090.0
4317301,Santa Vitória do Palmar - RS,2024,51989.0,49654.0,35751.0,720.0
4317301,Santa Vitória do Palmar - RS,2025,41749.0,41749.0,115770.0,2773.0
4317004,Santana da Boa Vista - RS,2000,440.0,440.0,528.0,1200.0
4317004,Santana da Boa Vista - RS,2001,580.0,580.0,1218.0,2100.0
4317004,Santana da Boa Vista - RS,2002,580.0,580.0,1218.0,2100.0
4317004,Santana da Boa Vista - RS,2003,580.0,580.0,1218.0,2100.0
4317004,Santana da Boa Vista - RS,2004,2634.0,2634.0,4623.0,1755.0
4317004,Santana da Boa Vista - RS,2005,7000.0,7000.0,5040.0,720.0
4317004,Santana da Boa Vista - RS,2006,6000.0,6000.0,12600.0,2100.0
4317004,Santana da Boa Vista - RS,2007,6500.0,6500.0,15470.0,2380.0
4317004,Santana da Boa Vista - RS,2008,6500.0,6500.0,15470.0,2380.0
4317004,Santana da Boa Vista - RS,2009,7000.0,7000.0,16800.0,2400.0
4317004,Santana da Boa Vista - RS,2010,7000.0,7000.0,16800.0,2400.0
4317004,Santana da Boa Vista - RS,2011,8500.0,8500.0,20315.0,2390.0
4317004,Santana da Boa Vista - RS,2012,9000.0,7650.0,18360.0,2400.0
4317004,Santana da Boa Vista - RS,2013,10000.0,10000.0,24000.0,2400.0
4317004,Santana da Boa Vista - RS,2014,18000.0,18000.0,43200.0,2400.0
4317004,Santana da Boa Vista - RS,2015,22000.0,22000.0,66000.0,3000.0
4317004,Santana da Boa Vista - RS,2016,32000.0,32000.0,76800.0,2400.0
4317004,Santana da Boa Vista - RS,2017,34000.0,34000.0,81600.0,2400.0
4317004,Santana da Boa Vista - RS,2018,32000.0,22400.0,58240.0,2600.0
4317004,Santana da Boa Vista - RS,2019,34000.0,34000.0,91800.0,2700.0
4317004,Santana da Boa Vista - RS,2020,37000.0,37000.0,19980.0,540.0
4317004,Santana da Boa Vista - RS,2021,37000.0,37000.0,111000.0,3000.0
4317004,Santana da Boa Vista - RS,2022,39000.0,39000.0,81900.0,2100.0
4317004,Santana da Boa Vista - RS,2023,30000.0,30000.0,63000.0,2100.0
4317004,Santana da Boa Vista - RS,2024,30000.0,30000.0,48000.0,1600.0
4317004,Santana da Boa Vista - RS,2025,28000.0,28000.0,58800.0,2100.0
4317400,Santiago - RS,2000,25000.0,25000.0,25500.0,1020.0
4317400,Santiago - RS,2001,9500.0,9500.0,19380.0,2040.0
4317400,Santiago - RS,2002,12000.0,12000.0,15840.0,1320.0
4317400,Santiago - RS,2003,14000.0,14000.0,33600.0,2400.0
4317400,Santiago - RS,2004,16000.0,16000.0,14720.0,920.0
4317400,Santiago - RS,2005,17000.0,16150.0,13566.0,840.0
4317400,Santiago - RS,2006,15000.0,15000.0,28800.0,1920.0
4317400,Santiago - RS,2007,16000.0,16000.0,36480.0,2280.0
4317400,Santiago - RS,2008,15000.0,15000.0,27000.0,1800.0
4317400,Santiago - RS,2009,15000.0,15000.0,18900.0,1260.0
4317400,Santiago - RS,2010,15000.0,15000.0,30600.0,2040.0
4317400,Santiago - RS,2011,27000.0,27000.0,66420.0,2460.0
4317400,Santiago - RS,2012,28000.0,28000.0,25200.0,900.0
4317400,Santiago - RS,2013,30180.0,30180.0,76248.0,2526.0
4317400,Santiago - RS,2014,34180.0,34180.0,87197.0,2551.0
4317400,Santiago - RS,2015,37200.0,37200.0,106932.0,2875.0
4317400,Santiago - RS,2016,40480.0,40480.0,116640.0,2881.0
4317400,Santiago - RS,2017,45480.0,45480.0,157464.0,3462.0
4317400,Santiago - RS,2018,45480.0,45480.0,144444.0,3176.0
4317400,Santiago - RS,2019,47370.0,47370.0,150496.0,3177.0
4317400,Santiago - RS,2020,48530.0,48530.0,67989.0,1401.0
4317400,Santiago - RS,2021,52000.0,52000.0,171695.0,3302.0
4317400,Santiago - RS,2022,53500.0,49260.0,32294.0,656.0
4317400,Santiago - RS,2023,54530.0,54530.0,52794.0,968.0
4317400,Santiago - RS,2024,57281.0,57281.0,161532.0,2820.0
4317400,Santiago - RS,2025,58700.0,58700.0,79080.0,1347.0
4317608,Santo Antônio da Patrulha - RS,2000,,,,
4317608,Santo Antônio da Patrulha - RS,2001,,,,
4317608,Santo Antônio da Patrulha - RS,2002,,,,
4317608,Santo Antônio da Patrulha - RS,2003,,,,
4317608,Santo Antônio da Patrulha - RS,2004,,,,
4317608,Santo Antônio da Patrulha - RS,2005,,,,
4317608,Santo Antônio da Patrulha - RS,2006,,,,
4317608,Santo Antônio da Patrulha - RS,2007,,,,
4317608,Santo Antônio da Patrulha - RS,2008,350.0,350.0,840.0,2400.0
4317608,Santo Antônio da Patrulha - RS,2009,350.0,350.0,1155.0,3300.0
4317608,Santo Antônio da Patrulha - RS,2010,350.0,350.0,998.0,2851.0
4317608,Santo Antônio da Patrulha - RS,2011,350.0,350.0,1050.0,3000.0
4317608,Santo Antônio da Patrulha - RS,2012,1207.0,1207.0,3447.0,2856.0
4317608,Santo Antônio da Patrulha - RS,2013,2400.0,2400.0,6854.0,2856.0
4317608,Santo Antônio da Patrulha - RS,2014,3550.0,3550.0,10650.0,3000.0
4317608,Santo Antônio da Patrulha - RS,2015,3450.0,3450.0,8625.0,2500.0
4317608,Santo Antônio da Patrulha - RS,2016,3800.0,3800.0,11400.0,3000.0
4317608,Santo Antônio da Patrulha - RS,2017,5000.0,5000.0,15000.0,3000.0
4317608,Santo Antônio da Patrulha - RS,2018,3800.0,3800.0,11400.0,3000.0
4317608,Santo Antônio da Patrulha - RS,2019,5000.0,5000.0,15000.0,3000.0
4317608,Santo Antônio da Patrulha - RS,2020,5500.0,5500.0,16500.0,3000.0
4317608,Santo Antônio da Patrulha - RS,2021,5000.0,5000.0,15000.0,3000.0
4317608,Santo Antônio da Patrulha - RS,2022,9000.0,9000.0,27000.0,3000.0
4317608,Santo Antônio da Patrulha - RS,2023,11000.0,11000.0,39600.0,3600.0
4317608,Santo Antônio da Patrulha - RS,2024,11000.0,11000.0,16500.0,1500.0
4317608,Santo Antônio da Patrulha - RS,2025,11000.0,11000.0,33000.0,3000.0
4317707,Santo Antônio das Missões - RS,2000,28500.0,28500.0,15390.0,540.0
4317707,Santo Antônio das Missões - RS,2001,25000.0,25000.0,51000.0,2040.0
4317707,Santo Antônio das Missões - RS,2002,29000.0,27000.0,19440.0,720.0
4317707,Santo Antônio das Missões - RS,2003,32500.0,32500.0,70200.0,2160.0
4317707,Santo Antônio das Missões - RS,2004,42000.0,42000.0,23100.0,550.0
4317707,Santo Antônio das Missões - RS,2005,42000.0,41000.0,9840.0,240.0
4317707,Santo Antônio das Missões - RS,2006,35000.0,35000.0,27300.0,780.0
4317707,Santo Antônio das Missões - RS,2007,35000.0,35000.0,73500.0,2100.0
4317707,Santo Antônio das Missões - RS,2008,35000.0,35000.0,31500.0,900.0
4317707,Santo Antônio das Missões - RS,2009,30000.0,30000.0,27600.0,920.0
4317707,Santo Antônio das Missões - RS,2010,26000.0,26000.0,62400.0,2400.0
4317707,Santo Antônio das Missões - RS,2011,26000.0,26000.0,54600.0,2100.0
4317707,Santo Antônio das Missões - RS,2012,28000.0,28000.0,9320.0,333.0
4317707,Santo Antônio das Missões - RS,2013,30890.0,30890.0,71070.0,2301.0
4317707,Santo Antônio das Missões - RS,2014,34000.0,34000.0,54480.0,1602.0
4317707,Santo Antônio das Missões - RS,2015,35000.0,35000.0,94800.0,2709.0
4317707,Santo Antônio das Missões - RS,2016,35000.0,35000.0,88560.0,2530.0
4317707,Santo Antônio das Missões - RS,2017,43600.0,43600.0,127440.0,2923.0
4317707,Santo Antônio das Missões - RS,2018,44000.0,44000.0,132200.0,3005.0
4317707,Santo Antônio das Missões - RS,2019,50630.0,50630.0,156725.0,3095.0
4317707,Santo Antônio das Missões - RS,2020,52100.0,52100.0,100002.0,1919.0
4317707,Santo Antônio das Missões - RS,2021,53000.0,53000.0,165000.0,3113.0
4317707,Santo Antônio das Missões - RS,2022,57500.0,51320.0,25596.0,499.0
4317707,Santo Antônio das Missões - RS,2023,61000.0,61000.0,51600.0,846.0
4317707,Santo Antônio das Missões - RS,2024,63500.0,63500.0,190500.0,3000.0
4317707,Santo Antônio das Missões - RS,2025,70000.0,70000.0,86064.0,1229.0
4317558,Santo Antônio do Palma - RS,2000,2000.0,2000.0,4200.0,2100.0
4317558,Santo Antônio do Palma - RS,2001,2000.0,2000.0,4200.0,2100.0
4317558,Santo Antônio do Palma - RS,2002,2000.0,2000.0,4200.0,2100.0
4317558,Santo Antônio do Palma - RS,2003,2000.0,2000.0,5400.0,2700.0
4317558,Santo Antônio do Palma - RS,2004,2200.0,2200.0,3234.0,1470.0
4317558,Santo Antônio do Palma - RS,2005,2250.0,900.0,756.0,840.0
4317558,Santo Antônio do Palma - RS,2006,2200.0,2200.0,5280.0,2400.0
4317558,Santo Antônio do Palma - RS,2007,2500.0,2500.0,8250.0,3300.0
4317558,Santo Antônio do Palma - RS,2008,2500.0,2500.0,6750.0,2700.0
4317558,Santo Antônio do Palma - RS,2009,3000.0,3000.0,7200.0,2400.0
4317558,Santo Antônio do Palma - RS,2010,3300.0,3300.0,8910.0,2700.0
4317558,Santo Antônio do Palma - RS,2011,3300.0,3300.0,8910.0,2700.0
4317558,Santo Antônio do Palma - RS,2012,3300.0,3300.0,9900.0,3000.0
4317558,Santo Antônio do Palma - RS,2013,3300.0,3300.0,9900.0,3000.0
4317558,Santo Antônio do Palma - RS,2014,3300.0,3300.0,9372.0,2840.0
4317558,Santo Antônio do Palma - RS,2015,5000.0,5000.0,19500.0,3900.0
4317558,Santo Antônio do Palma - RS,2016,3500.0,3500.0,12250.0,3500.0
4317558,Santo Antônio do Palma - RS,2017,3500.0,3500.0,13650.0,3900.0
4317558,Santo Antônio do Palma - RS,2018,3500.0,3500.0,11725.0,3350.0
4317558,Santo Antônio do Palma - RS,2019,4000.0,4000.0,14000.0,3500.0
4317558,Santo Antônio do Palma - RS,2020,4000.0,4000.0,5944.0,1486.0
4317558,Santo Antônio do Palma - RS,2021,4000.0,4000.0,13800.0,3450.0
4317558,Santo Antônio do Palma - RS,2022,4000.0,4000.0,7200.0,1800.0
4317558,Santo Antônio do Palma - RS,2023,4000.0,4000.0,9360.0,2340.0
4317558,Santo Antônio do Palma - RS,2024,4000.0,4000.0,11200.0,2800.0
4317558,Santo Antônio do Palma - RS,2025,4000.0,4000.0,9200.0,2300.0
4317756,Santo Antônio do Planalto - RS,2000,11000.0,11000.0,23100.0,2100.0
4317756,Santo Antônio do Planalto - RS,2001,10000.0,10000.0,27000.0,2700.0
4317756,Santo Antônio do Planalto - RS,2002,10300.0,10300.0,22248.0,2160.0
4317756,Santo Antônio do Planalto - RS,2003,10600.0,10600.0,25440.0,2400.0
4317756,Santo Antônio do Planalto - RS,2004,11300.0,11300.0,21357.0,1890.0
4317756,Santo Antônio do Planalto - RS,2005,12500.0,12500.0,7125.0,570.0
4317756,Santo Antônio do Planalto - RS,2006,10800.0,10800.0,25920.0,2400.0
4317756,Santo Antônio do Planalto - RS,2007,11600.0,11600.0,31320.0,2700.0
4317756,Santo Antônio do Planalto - RS,2008,10800.0,10800.0,25920.0,2400.0
4317756,Santo Antônio do Planalto - RS,2009,10800.0,10800.0,23328.0,2160.0
4317756,Santo Antônio do Planalto - RS,2010,11600.0,11600.0,31320.0,2700.0
4317756,Santo Antônio do Planalto - RS,2011,10800.0,10800.0,35640.0,3300.0
4317756,Santo Antônio do Planalto - RS,2012,10500.0,10500.0,18900.0,1800.0
4317756,Santo Antônio do Planalto - RS,2013,12100.0,12100.0,39930.0,3300.0
4317756,Santo Antônio do Planalto - RS,2014,13000.0,13000.0,35100.0,2700.0
4317756,Santo Antônio do Planalto - RS,2015,13000.0,13000.0,46800.0,3600.0
4317756,Santo Antônio do Planalto - RS,2016,13700.0,13700.0,49320.0,3600.0
4317756,Santo Antônio do Planalto - RS,2017,14000.0,14000.0,56000.0,4000.0
4317756,Santo Antônio do Planalto - RS,2018,14550.0,14550.0,61125.0,4201.0
4317756,Santo Antônio do Planalto - RS,2019,14300.0,14300.0,56700.0,3965.0
4317756,Santo Antônio do Planalto - RS,2020,13920.0,13920.0,33624.0,2416.0
4317756,Santo Antônio do Planalto - RS,2021,13800.0,13800.0,52248.0,3786.0
4317756,Santo Antônio do Planalto - RS,2022,13800.0,13800.0,25080.0,1817.0
4317756,Santo Antônio do Planalto - RS,2023,14000.0,14000.0,40518.0,2894.0
4317756,Santo Antônio do Planalto - RS,2024,14000.0,14000.0,50490.0,3606.0
4317756,Santo Antônio do Planalto - RS,2025,14150.0,14150.0,29145.0,2060.0
4317806,Santo Augusto - RS,2000,29500.0,29500.0,56640.0,1920.0
4317806,Santo Augusto - RS,2001,28500.0,28500.0,71820.0,2520.0
4317806,Santo Augusto - RS,2002,31500.0,31500.0,52920.0,1680.0
4317806,Santo Augusto - RS,2003,32000.0,32000.0,89600.0,2800.0
4317806,Santo Augusto - RS,2004,32000.0,32000.0,55680.0,1740.0
4317806,Santo Augusto - RS,2005,33000.0,32500.0,13650.0,420.0
4317806,Santo Augusto - RS,2006,30500.0,30500.0,43920.0,1440.0
4317806,Santo Augusto - RS,2007,31000.0,31000.0,86800.0,2800.0
4317806,Santo Augusto - RS,2008,31000.0,31000.0,59520.0,1920.0
4317806,Santo Augusto - RS,2009,31000.0,31000.0,59520.0,1920.0
4317806,Santo Augusto - RS,2010,33000.0,33000.0,91080.0,2760.0
4317806,Santo Augusto - RS,2011,34000.0,34000.0,110160.0,3240.0
4317806,Santo Augusto - RS,2012,33000.0,33000.0,35640.0,1080.0
4317806,Santo Augusto - RS,2013,33000.0,33000.0,108900.0,3300.0
4317806,Santo Augusto - RS,2014,34800.0,34800.0,94230.0,2708.0
4317806,Santo Augusto - RS,2015,35000.0,35000.0,122650.0,3504.0
4317806,Santo Augusto - RS,2016,37000.0,37000.0,131250.0,3547.0
4317806,Santo Augusto - RS,2017,36000.0,36000.0,141600.0,3933.0
4317806,Santo Augusto - RS,2018,33500.0,33500.0,126630.0,3780.0
4317806,Santo Augusto - RS,2019,32000.0,32000.0,116300.0,3634.0
4317806,Santo Augusto - RS,2020,31000.0,31000.0,96600.0,3116.0
4317806,Santo Augusto - RS,2021,31200.0,31200.0,120780.0,3871.0
4317806,Santo Augusto - RS,2022,31200.0,31200.0,48240.0,1546.0
4317806,Santo Augusto - RS,2023,32400.0,32400.0,76256.0,2354.0
4317806,Santo Augusto - RS,2024,33300.0,33300.0,120473.0,3618.0
4317806,Santo Augusto - RS,2025,33300.0,33300.0,103740.0,3115.0
4317905,Santo Cristo - RS,2000,20000.0,20000.0,27500.0,1375.0
4317905,Santo Cristo - RS,2001,20000.0,20000.0,45600.0,2280.0
4317905,Santo Cristo - RS,2002,20000.0,20000.0,30000.0,1500.0
4317905,Santo Cristo - RS,2003,20000.0,20000.0,42000.0,2100.0
4317905,Santo Cristo - RS,2004,16000.0,16000.0,11760.0,735.0
4317905,Santo Cristo - RS,2005,15000.0,7000.0,2576.0,368.0
4317905,Santo Cristo - RS,2006,12000.0,12000.0,14400.0,1200.0
4317905,Santo Cristo - RS,2007,12000.0,12000.0,27360.0,2280.0
4317905,Santo Cristo - RS,2008,10000.0,10000.0,8400.0,840.0
4317905,Santo Cristo - RS,2009,9500.0,9500.0,11970.0,1260.0
4317905,Santo Cristo - RS,2010,9500.0,9500.0,21660.0,2280.0
4317905,Santo Cristo - RS,2011,9800.0,9800.0,23520.0,2400.0
4317905,Santo Cristo - RS,2012,9800.0,9800.0,3528.0,360.0
4317905,Santo Cristo - RS,2013,9800.0,9800.0,21168.0,2160.0
4317905,Santo Cristo - RS,2014,9800.0,9800.0,20580.0,2100.0
4317905,Santo Cristo - RS,2015,9800.0,9800.0,23520.0,2400.0
4317905,Santo Cristo - RS,2016,10113.0,10113.0,29842.0,2951.0
4317905,Santo Cristo - RS,2017,10100.0,10100.0,32724.0,3240.0
4317905,Santo Cristo - RS,2018,10110.0,10110.0,30336.0,3001.0
4317905,Santo Cristo - RS,2019,8015.0,8015.0,26454.0,3301.0
4317905,Santo Cristo - RS,2020,7315.0,7315.0,24158.0,3303.0
4317905,Santo Cristo - RS,2021,7315.0,7315.0,26348.0,3602.0
4317905,Santo Cristo - RS,2022,7215.0,7215.0,3060.0,424.0
4317905,Santo Cristo - RS,2023,7120.0,7120.0,9432.0,1325.0
4317905,Santo Cristo - RS,2024,7028.0,7028.0,23184.0,3299.0
4317905,Santo Cristo - RS,2025,7200.0,7200.0,10368.0,1440.0
4317954,Santo Expedito do Sul - RS,2000,3800.0,3800.0,8664.0,2280.0
4317954,Santo Expedito do Sul - RS,2001,3800.0,3800.0,9348.0,2460.0
4317954,Santo Expedito do Sul - RS,2002,3800.0,3800.0,9120.0,2400.0
4317954,Santo Expedito do Sul - RS,2003,4000.0,4000.0,12000.0,3000.0
4317954,Santo Expedito do Sul - RS,2004,5100.0,5100.0,8951.0,1755.0
4317954,Santo Expedito do Sul - RS,2005,5600.0,3920.0,2646.0,675.0
4317954,Santo Expedito do Sul - RS,2006,4600.0,4600.0,11500.0,2500.0
4317954,Santo Expedito do Sul - RS,2007,4600.0,4600.0,13248.0,2880.0
4317954,Santo Expedito do Sul - RS,2008,4800.0,4800.0,13824.0,2880.0
4317954,Santo Expedito do Sul - RS,2009,4700.0,4700.0,11294.0,2402.0
4317954,Santo Expedito do Sul - RS,2010,4900.0,4900.0,13230.0,2700.0
4317954,Santo Expedito do Sul - RS,2011,4950.0,4950.0,16335.0,3300.0
4317954,Santo Expedito do Sul - RS,2012,4700.0,4700.0,10575.0,2250.0
4317954,Santo Expedito do Sul - RS,2013,5000.0,5000.0,15000.0,3000.0
4317954,Santo Expedito do Sul - RS,2014,6000.0,6000.0,19800.0,3300.0
4317954,Santo Expedito do Sul - RS,2015,6200.0,6200.0,22320.0,3600.0
4317954,Santo Expedito do Sul - RS,2016,6400.0,6400.0,21120.0,3300.0
4317954,Santo Expedito do Sul - RS,2017,6100.0,6100.0,23790.0,3900.0
4317954,Santo Expedito do Sul - RS,2018,6400.0,6400.0,22272.0,3480.0
4317954,Santo Expedito do Sul - RS,2019,5650.0,5650.0,20340.0,3600.0
4317954,Santo Expedito do Sul - RS,2020,5600.0,5600.0,14745.0,2633.0
4317954,Santo Expedito do Sul - RS,2021,5600.0,5600.0,22400.0,4000.0
4317954,Santo Expedito do Sul - RS,2022,5600.0,5600.0,11760.0,2100.0
4317954,Santo Expedito do Sul - RS,2023,5600.0,5600.0,16800.0,3000.0
4317954,Santo Expedito do Sul - RS,2024,5600.0,5600.0,19600.0,3500.0
4317954,Santo Expedito do Sul - RS,2025,5600.0,5600.0,11396.0,2035.0
4317509,Santo Ângelo - RS,2000,35000.0,35000.0,39900.0,1140.0
4317509,Santo Ângelo - RS,2001,34000.0,34000.0,75480.0,2220.0
4317509,Santo Ângelo - RS,2002,36000.0,36000.0,60480.0,1680.0
4317509,Santo Ângelo - RS,2003,36000.0,36000.0,92880.0,2580.0
4317509,Santo Ângelo - RS,2004,37500.0,37500.0,36000.0,960.0
4317509,Santo Ângelo - RS,2005,37500.0,17500.0,6825.0,390.0
4317509,Santo Ângelo - RS,2006,35000.0,35000.0,50750.0,1450.0
4317509,Santo Ângelo - RS,2007,35000.0,35000.0,86100.0,2460.0
4317509,Santo Ângelo - RS,2008,35000.0,35000.0,56000.0,1600.0
4317509,Santo Ângelo - RS,2009,35000.0,35000.0,58800.0,1680.0
4317509,Santo Ângelo - RS,2010,36000.0,36000.0,93600.0,2600.0
4317509,Santo Ângelo - RS,2011,36300.0,36300.0,100188.0,2760.0
4317509,Santo Ângelo - RS,2012,35800.0,35800.0,10740.0,300.0
4317509,Santo Ângelo - RS,2013,36760.0,36760.0,94956.0,2583.0
4317509,Santo Ângelo - RS,2014,36760.0,36760.0,88350.0,2403.0
4317509,Santo Ângelo - RS,2015,37200.0,37200.0,100440.0,2700.0
4317509,Santo Ângelo - RS,2016,38400.0,38400.0,126450.0,3293.0
4317509,Santo Ângelo - RS,2017,38500.0,38500.0,131700.0,3421.0
4317509,Santo Ângelo - RS,2018,39900.0,39900.0,131340.0,3292.0
4317509,Santo Ângelo - RS,2019,36300.0,36300.0,129809.0,3576.0
4317509,Santo Ângelo - RS,2020,36300.0,36300.0,66150.0,1822.0
4317509,Santo Ângelo - RS,2021,36300.0,36300.0,129960.0,3580.0
4317509,Santo Ângelo - RS,2022,36100.0,36100.0,9419.0,261.0
4317509,Santo Ângelo - RS,2023,36300.0,36300.0,54000.0,1488.0
4317509,Santo Ângelo - RS,2024,36300.0,36300.0,119189.0,3283.0
4317509,Santo Ângelo - RS,2025,37100.0,37100.0,57814.0,1558.0
4319901,Sapiranga - RS,2000,,,,
4319901,Sapiranga - RS,2001,,,,
4319901,Sapiranga - RS,2002,,,,
4319901,Sapiranga - RS,2003,,,,
4319901,Sapiranga - RS,2004,,,,
4319901,Sapiranga - RS,2005,,,,
4319901,Sapiranga - RS,2006,,,,
4319901,Sapiranga - RS,2007,,,,
4319901,Sapiranga - RS,2008,,,,
4319901,Sapiranga - RS,2009,,,,
4319901,Sapiranga - RS,2010,,,,
4319901,Sapiranga - RS,2011,,,,
4319901,Sapiranga - RS,2012,,,,
4319901,Sapiranga - RS,2013,,,,
4319901,Sapiranga - RS,2014,,,,
4319901,Sapiranga - RS,2015,,,,
4319901,Sapiranga - RS,2016,,,,
4319901,Sapiranga - RS,2017,,,,
4319901,Sapiranga - RS,2018,,,,
4319901,Sapiranga - RS,2019,,,,
4319901,Sapiranga - RS,2020,,,,
4319901,Sapiranga - RS,2021,,,,
4319901,Sapiranga - RS,2022,,,,
4319901,Sapiranga - RS,2023,,,,
4319901,Sapiranga - RS,2024,,,,
4319901,Sapiranga - RS,2025,,,,
4320008,Sapucaia do Sul - RS,2000,,,,
4320008,Sapucaia do Sul - RS,2001,,,,
4320008,Sapucaia do Sul - RS,2002,,,,
4320008,Sapucaia do Sul - RS,2003,,,,
4320008,Sapucaia do Sul - RS,2004,,,,
4320008,Sapucaia do Sul - RS,2005,,,,
4320008,Sapucaia do Sul - RS,2006,,,,
4320008,Sapucaia do Sul - RS,2007,,,,
4320008,Sapucaia do Sul - RS,2008,,,,
4320008,Sapucaia do Sul - RS,2009,,,,
4320008,Sapucaia do Sul - RS,2010,,,,
4320008,Sapucaia do Sul - RS,2011,,,,
4320008,Sapucaia do Sul - RS,2012,,,,
4320008,Sapucaia do Sul - RS,2013,,,,
4320008,Sapucaia do Sul - RS,2014,,,,
4320008,Sapucaia do Sul - RS,2015,,,,
4320008,Sapucaia do Sul - RS,2016,,,,
4320008,Sapucaia do Sul - RS,2017,,,,
4320008,Sapucaia do Sul - RS,2018,,,,
4320008,Sapucaia do Sul - RS,2019,,,,
4320008,Sapucaia do Sul - RS,2020,30.0,30.0,39.0,1300.0
4320008,Sapucaia do Sul - RS,2021,,,,
4320008,Sapucaia do Sul - RS,2022,30.0,30.0,54.0,1800.0
4320008,Sapucaia do Sul - RS,2023,30.0,30.0,51.0,1700.0
4320008,Sapucaia do Sul - RS,2024,15.0,15.0,26.0,1733.0
4320008,Sapucaia do Sul - RS,2025,15.0,15.0,26.0,1733.0
4320107,Sarandi - RS,2000,16500.0,16500.0,36630.0,2220.0
4320107,Sarandi - RS,2001,14400.0,14400.0,37152.0,2580.0
4320107,Sarandi - RS,2002,15000.0,15000.0,31500.0,2100.0
4320107,Sarandi - RS,2003,16500.0,16500.0,49500.0,3000.0
4320107,Sarandi - RS,2004,16200.0,16200.0,23166.0,1430.0
4320107,Sarandi - RS,2005,16000.0,15360.0,5530.0,360.0
4320107,Sarandi - RS,2006,15000.0,15000.0,36000.0,2400.0
4320107,Sarandi - RS,2007,16000.0,16000.0,38400.0,2400.0
4320107,Sarandi - RS,2008,15000.0,15000.0,34800.0,2320.0
4320107,Sarandi - RS,2009,15000.0,15000.0,32400.0,2160.0
4320107,Sarandi - RS,2010,16000.0,16000.0,48000.0,3000.0
4320107,Sarandi - RS,2011,15300.0,15300.0,41310.0,2700.0
4320107,Sarandi - RS,2012,15000.0,15000.0,18000.0,1200.0
4320107,Sarandi - RS,2013,16000.0,16000.0,40000.0,2500.0
4320107,Sarandi - RS,2014,16300.0,16300.0,44010.0,2700.0
4320107,Sarandi - RS,2015,17000.0,17000.0,59500.0,3500.0
4320107,Sarandi - RS,2016,18200.0,18200.0,67704.0,3720.0
4320107,Sarandi - RS,2017,17650.0,17650.0,68925.0,3905.0
4320107,Sarandi - RS,2018,18700.0,18700.0,73110.0,3910.0
4320107,Sarandi - RS,2019,18700.0,18700.0,67500.0,3610.0
4320107,Sarandi - RS,2020,18200.0,18200.0,59922.0,3292.0
4320107,Sarandi - RS,2021,17850.0,17850.0,59295.0,3322.0
4320107,Sarandi - RS,2022,18038.0,18038.0,41325.0,2291.0
4320107,Sarandi - RS,2023,18150.0,18150.0,38430.0,2117.0
4320107,Sarandi - RS,2024,18210.0,18210.0,73368.0,4029.0
4320107,Sarandi - RS,2025,19210.0,19210.0,48230.0,2511.0
4320206,Seberi - RS,2000,9500.0,9500.0,20520.0,2160.0
4320206,Seberi - RS,2001,9500.0,9500.0,24368.0,2565.0
4320206,Seberi - RS,2002,10500.0,10500.0,15876.0,1512.0
4320206,Seberi - RS,2003,11500.0,11500.0,31740.0,2760.0
4320206,Seberi - RS,2004,12000.0,12000.0,8400.0,700.0
4320206,Seberi - RS,2005,13000.0,13000.0,3510.0,270.0
4320206,Seberi - RS,2006,11000.0,11000.0,25245.0,2295.0
4320206,Seberi - RS,2007,10000.0,10000.0,24000.0,2400.0
4320206,Seberi - RS,2008,10000.0,10000.0,13500.0,1350.0
4320206,Seberi - RS,2009,10000.0,10000.0,21600.0,2160.0
4320206,Seberi - RS,2010,12000.0,12000.0,32400.0,2700.0
4320206,Seberi - RS,2011,13000.0,13000.0,37440.0,2880.0
4320206,Seberi - RS,2012,13000.0,13000.0,7020.0,540.0
4320206,Seberi - RS,2013,14800.0,14800.0,42624.0,2880.0
4320206,Seberi - RS,2014,13000.0,13000.0,29640.0,2280.0
4320206,Seberi - RS,2015,13000.0,13000.0,40560.0,3120.0
4320206,Seberi - RS,2016,13000.0,13000.0,39000.0,3000.0
4320206,Seberi - RS,2017,13000.0,12900.0,34185.0,2650.0
4320206,Seberi - RS,2018,13100.0,13100.0,35550.0,2714.0
4320206,Seberi - RS,2019,10000.0,10000.0,39000.0,3900.0
4320206,Seberi - RS,2020,10000.0,10000.0,26000.0,2600.0
4320206,Seberi - RS,2021,10000.0,10000.0,38000.0,3800.0
4320206,Seberi - RS,2022,11000.0,10000.0,16191.0,1619.0
4320206,Seberi - RS,2023,11880.0,11000.0,37574.0,3416.0
4320206,Seberi - RS,2024,11880.0,11870.0,32247.0,2717.0
4320206,Seberi - RS,2025,12000.0,12000.0,35100.0,2925.0
4320230,Sede Nova - RS,2000,7800.0,7800.0,14274.0,1830.0
4320230,Sede Nova - RS,2001,5000.0,5000.0,12000.0,2400.0
4320230,Sede Nova - RS,2002,5500.0,5500.0,9900.0,1800.0
4320230,Sede Nova - RS,2003,5500.0,5300.0,12720.0,2400.0
4320230,Sede Nova - RS,2004,6000.0,6000.0,6840.0,1140.0
4320230,Sede Nova - RS,2005,6000.0,6000.0,2520.0,420.0
4320230,Sede Nova - RS,2006,5500.0,5500.0,13200.0,2400.0
4320230,Sede Nova - RS,2007,5000.0,5000.0,15000.0,3000.0
4320230,Sede Nova - RS,2008,5000.0,5000.0,10800.0,2160.0
4320230,Sede Nova - RS,2009,5000.0,5000.0,9600.0,1920.0
4320230,Sede Nova - RS,2010,5800.0,5800.0,15660.0,2700.0
4320230,Sede Nova - RS,2011,6000.0,6000.0,19800.0,3300.0
4320230,Sede Nova - RS,2012,6000.0,6000.0,9600.0,1600.0
4320230,Sede Nova - RS,2013,6400.0,6400.0,19200.0,3000.0
4320230,Sede Nova - RS,2014,6000.0,6000.0,16920.0,2820.0
4320230,Sede Nova - RS,2015,6100.0,6100.0,18300.0,3000.0
4320230,Sede Nova - RS,2016,6000.0,6000.0,19800.0,3300.0
4320230,Sede Nova - RS,2017,6000.0,6000.0,21600.0,3600.0
4320230,Sede Nova - RS,2018,6200.0,6200.0,22320.0,3600.0
4320230,Sede Nova - RS,2019,6200.0,6200.0,22320.0,3600.0
4320230,Sede Nova - RS,2020,6350.0,6350.0,18288.0,2880.0
4320230,Sede Nova - RS,2021,6350.0,6350.0,20955.0,3300.0
4320230,Sede Nova - RS,2022,6350.0,6350.0,5715.0,900.0
4320230,Sede Nova - RS,2023,6350.0,6350.0,15240.0,2400.0
4320230,Sede Nova - RS,2024,6500.0,6500.0,23400.0,3600.0
4320230,Sede Nova - RS,2025,6600.0,6600.0,21780.0,3300.0
4320263,Segredo - RS,2000,600.0,600.0,1200.0,2000.0
4320263,Segredo - RS,2001,700.0,700.0,1400.0,2000.0
4320263,Segredo - RS,2002,750.0,750.0,1500.0,2000.0
4320263,Segredo - RS,2003,1000.0,1000.0,2800.0,2800.0
4320263,Segredo - RS,2004,1500.0,1500.0,1980.0,1320.0
4320263,Segredo - RS,2005,1700.0,1500.0,900.0,600.0
4320263,Segredo - RS,2006,1500.0,1500.0,2700.0,1800.0
4320263,Segredo - RS,2007,1500.0,1500.0,3600.0,2400.0
4320263,Segredo - RS,2008,1800.0,1800.0,4500.0,2500.0
4320263,Segredo - RS,2009,1900.0,1900.0,4845.0,2550.0
4320263,Segredo - RS,2010,2000.0,2000.0,6000.0,3000.0
4320263,Segredo - RS,2011,2200.0,2200.0,7260.0,3300.0
4320263,Segredo - RS,2012,2200.0,2200.0,4488.0,2040.0
4320263,Segredo - RS,2013,4000.0,4000.0,12960.0,3240.0
4320263,Segredo - RS,2014,4400.0,4400.0,15048.0,3420.0
4320263,Segredo - RS,2015,4700.0,4700.0,16074.0,3420.0
4320263,Segredo - RS,2016,4700.0,4700.0,16356.0,3480.0
4320263,Segredo - RS,2017,4700.0,4700.0,17766.0,3780.0
4320263,Segredo - RS,2018,5000.0,5000.0,18000.0,3600.0
4320263,Segredo - RS,2019,5170.0,5170.0,17681.0,3420.0
4320263,Segredo - RS,2020,5450.0,5450.0,8175.0,1500.0
4320263,Segredo - RS,2021,5450.0,5450.0,18966.0,3480.0
4320263,Segredo - RS,2022,5800.0,5800.0,9257.0,1596.0
4320263,Segredo - RS,2023,5800.0,5800.0,8004.0,1380.0
4320263,Segredo - RS,2024,5900.0,5900.0,16314.0,2765.0
4320263,Segredo - RS,2025,8800.0,8800.0,21120.0,2400.0
4320305,Selbach - RS,2000,9500.0,9500.0,19950.0,2100.0
4320305,Selbach - RS,2001,9500.0,9500.0,23940.0,2520.0
4320305,Selbach - RS,2002,10500.0,10500.0,24360.0,2320.0
4320305,Selbach - RS,2003,11025.0,11025.0,35280.0,3200.0
4320305,Selbach - RS,2004,12000.0,12000.0,19440.0,1620.0
4320305,Selbach - RS,2005,11500.0,11200.0,8064.0,720.0
4320305,Selbach - RS,2006,10300.0,10300.0,24720.0,2400.0
4320305,Selbach - RS,2007,9800.0,9800.0,23520.0,2400.0
4320305,Selbach - RS,2008,9800.0,9800.0,23520.0,2400.0
4320305,Selbach - RS,2009,9533.0,9533.0,20019.0,2099.0
4320305,Selbach - RS,2010,10000.0,10000.0,28500.0,2850.0
4320305,Selbach - RS,2011,10400.0,10400.0,35568.0,3420.0
4320305,Selbach - RS,2012,10200.0,10200.0,25704.0,2520.0
4320305,Selbach - RS,2013,10600.0,10600.0,36570.0,3450.0
4320305,Selbach - RS,2014,10800.0,10800.0,32400.0,3000.0
4320305,Selbach - RS,2015,10860.0,10860.0,41105.0,3785.0
4320305,Selbach - RS,2016,11560.0,11560.0,43061.0,3725.0
4320305,Selbach - RS,2017,11560.0,11560.0,47226.0,4085.0
4320305,Selbach - RS,2018,13080.0,13080.0,50218.0,3839.0
4320305,Selbach - RS,2019,12010.0,12010.0,43227.0,3599.0
4320305,Selbach - RS,2020,11340.0,11340.0,11484.0,1013.0
4320305,Selbach - RS,2021,10000.0,10000.0,42000.0,4200.0
4320305,Selbach - RS,2022,10060.0,10060.0,12252.0,1218.0
4320305,Selbach - RS,2023,10265.0,10265.0,20954.0,2041.0
4320305,Selbach - RS,2024,10180.0,10180.0,42602.0,4185.0
4320305,Selbach - RS,2025,10600.0,10600.0,26544.0,2504.0
4320321,Senador Salgado Filho - RS,2000,6500.0,6500.0,5850.0,900.0
4320321,Senador Salgado Filho - RS,2001,6500.0,6500.0,13650.0,2100.0
4320321,Senador Salgado Filho - RS,2002,6500.0,6500.0,9750.0,1500.0
4320321,Senador Salgado Filho - RS,2003,6500.0,6500.0,17563.0,2702.0
4320321,Senador Salgado Filho - RS,2004,8000.0,7600.0,7296.0,960.0
4320321,Senador Salgado Filho - RS,2005,9500.0,6344.0,2785.0,438.0
4320321,Senador Salgado Filho - RS,2006,8000.0,8000.0,13888.0,1736.0
4320321,Senador Salgado Filho - RS,2007,9000.0,9000.0,23517.0,2613.0
4320321,Senador Salgado Filho - RS,2008,9000.0,9000.0,11340.0,1260.0
4320321,Senador Salgado Filho - RS,2009,8000.0,8000.0,14400.0,1800.0
4320321,Senador Salgado Filho - RS,2010,8000.0,8000.0,19200.0,2400.0
4320321,Senador Salgado Filho - RS,2011,8000.0,8000.0,22400.0,2800.0
4320321,Senador Salgado Filho - RS,2012,8000.0,8000.0,3840.0,480.0
4320321,Senador Salgado Filho - RS,2013,8000.0,8000.0,19200.0,2400.0
4320321,Senador Salgado Filho - RS,2014,8000.0,8000.0,23040.0,2880.0
4320321,Senador Salgado Filho - RS,2015,8040.0,8040.0,24168.0,3006.0
4320321,Senador Salgado Filho - RS,2016,8020.0,8020.0,26484.0,3302.0
4320321,Senador Salgado Filho - RS,2017,8010.0,8010.0,26445.0,3301.0
4320321,Senador Salgado Filho - RS,2018,8010.0,8010.0,26445.0,3301.0
4320321,Senador Salgado Filho - RS,2019,8020.0,8020.0,26490.0,3303.0
4320321,Senador Salgado Filho - RS,2020,8045.0,8045.0,17510.0,2177.0
4320321,Senador Salgado Filho - RS,2021,8045.0,8045.0,26603.0,3307.0
4320321,Senador Salgado Filho - RS,2022,8240.0,8240.0,1519.0,184.0
4320321,Senador Salgado Filho - RS,2023,8040.0,8040.0,5856.0,728.0
4320321,Senador Salgado Filho - RS,2024,8740.0,8740.0,30838.0,3528.0
4320321,Senador Salgado Filho - RS,2025,8540.0,8540.0,15444.0,1808.0
4320354,Sentinela do Sul - RS,2000,,,,
4320354,Sentinela do Sul - RS,2001,,,,
4320354,Sentinela do Sul - RS,2002,,,,
4320354,Sentinela do Sul - RS,2003,,,,
4320354,Sentinela do Sul - RS,2004,10.0,10.0,11.0,1100.0
4320354,Sentinela do Sul - RS,2005,,,,
4320354,Sentinela do Sul - RS,2006,,,,
4320354,Sentinela do Sul - RS,2007,,,,
4320354,Sentinela do Sul - RS,2008,,,,
4320354,Sentinela do Sul - RS,2009,,,,
4320354,Sentinela do Sul - RS,2010,150.0,150.0,243.0,1620.0
4320354,Sentinela do Sul - RS,2011,150.0,150.0,405.0,2700.0
4320354,Sentinela do Sul - RS,2012,150.0,150.0,315.0,2100.0
4320354,Sentinela do Sul - RS,2013,448.0,448.0,945.0,2109.0
4320354,Sentinela do Sul - RS,2014,448.0,448.0,1210.0,2701.0
4320354,Sentinela do Sul - RS,2015,600.0,600.0,1800.0,3000.0
4320354,Sentinela do Sul - RS,2016,700.0,700.0,1680.0,2400.0
4320354,Sentinela do Sul - RS,2017,800.0,800.0,2400.0,3000.0
4320354,Sentinela do Sul - RS,2018,800.0,800.0,972.0,1215.0
4320354,Sentinela do Sul - RS,2019,850.0,850.0,2040.0,2400.0
4320354,Sentinela do Sul - RS,2020,1000.0,1000.0,2000.0,2000.0
4320354,Sentinela do Sul - RS,2021,1100.0,1100.0,3300.0,3000.0
4320354,Sentinela do Sul - RS,2022,1470.0,1470.0,4851.0,3300.0
4320354,Sentinela do Sul - RS,2023,1900.0,1900.0,4560.0,2400.0
4320354,Sentinela do Sul - RS,2024,2300.0,1495.0,4485.0,3000.0
4320354,Sentinela do Sul - RS,2025,2000.0,2000.0,3510.0,1755.0
4320404,Serafina Corrêa - RS,2000,500.0,500.0,1215.0,2430.0
4320404,Serafina Corrêa - RS,2001,500.0,500.0,1350.0,2700.0
4320404,Serafina Corrêa - RS,2002,620.0,620.0,1674.0,2700.0
4320404,Serafina Corrêa - RS,2003,680.0,680.0,1918.0,2820.0
4320404,Serafina Corrêa - RS,2004,750.0,750.0,1005.0,1340.0
4320404,Serafina Corrêa - RS,2005,900.0,600.0,330.0,550.0
4320404,Serafina Corrêa - RS,2006,1000.0,1000.0,2160.0,2160.0
4320404,Serafina Corrêa - RS,2007,1000.0,1000.0,3000.0,3000.0
4320404,Serafina Corrêa - RS,2008,1000.0,1000.0,1800.0,1800.0
4320404,Serafina Corrêa - RS,2009,1000.0,1000.0,2660.0,2660.0
4320404,Serafina Corrêa - RS,2010,1200.0,1200.0,4104.0,3420.0
4320404,Serafina Corrêa - RS,2011,1300.0,1300.0,4446.0,3420.0
4320404,Serafina Corrêa - RS,2012,1300.0,1300.0,3120.0,2400.0
4320404,Serafina Corrêa - RS,2013,2200.0,2200.0,7920.0,3600.0
4320404,Serafina Corrêa - RS,2014,2400.0,2400.0,9072.0,3780.0
4320404,Serafina Corrêa - RS,2015,2700.0,2700.0,10206.0,3780.0
4320404,Serafina Corrêa - RS,2016,2900.0,2900.0,10962.0,3780.0
4320404,Serafina Corrêa - RS,2017,2840.0,2840.0,11076.0,3900.0
4320404,Serafina Corrêa - RS,2018,3000.0,3000.0,11700.0,3900.0
4320404,Serafina Corrêa - RS,2019,3300.0,3300.0,11880.0,3600.0
4320404,Serafina Corrêa - RS,2020,3450.0,3450.0,6693.0,1940.0
4320404,Serafina Corrêa - RS,2021,3600.0,3600.0,12960.0,3600.0
4320404,Serafina Corrêa - RS,2022,3650.0,3650.0,4818.0,1320.0
4320404,Serafina Corrêa - RS,2023,3650.0,3650.0,8322.0,2280.0
4320404,Serafina Corrêa - RS,2024,3650.0,3650.0,9855.0,2700.0
4320404,Serafina Corrêa - RS,2025,3350.0,3350.0,6723.0,2007.0
4320503,Sertão - RS,2000,27000.0,27000.0,45360.0,1680.0
4320503,Sertão - RS,2001,26000.0,26000.0,74880.0,2880.0
4320503,Sertão - RS,2002,28000.0,28000.0,56000.0,2000.0
4320503,Sertão - RS,2003,28000.0,28000.0,84000.0,3000.0
4320503,Sertão - RS,2004,28000.0,28000.0,67200.0,2400.0
4320503,Sertão - RS,2005,27500.0,26000.0,27300.0,1050.0
4320503,Sertão - RS,2006,26500.0,26500.0,79500.0,3000.0
4320503,Sertão - RS,2007,29000.0,29000.0,87000.0,3000.0
4320503,Sertão - RS,2008,27000.0,27000.0,64800.0,2400.0
4320503,Sertão - RS,2009,27500.0,27500.0,70125.0,2550.0
4320503,Sertão - RS,2010,30000.0,30000.0,99000.0,3300.0
4320503,Sertão - RS,2011,31000.0,31000.0,102300.0,3300.0
4320503,Sertão - RS,2012,30000.0,30000.0,79200.0,2640.0
4320503,Sertão - RS,2013,30000.0,30000.0,89100.0,2970.0
4320503,Sertão - RS,2014,31000.0,31000.0,92225.0,2975.0
4320503,Sertão - RS,2015,31000.0,31000.0,111600.0,3600.0
4320503,Sertão - RS,2016,31300.0,31300.0,112680.0,3600.0
4320503,Sertão - RS,2017,31000.0,31000.0,139500.0,4500.0
4320503,Sertão - RS,2018,32500.0,32500.0,146250.0,4500.0
4320503,Sertão - RS,2019,32500.0,32500.0,136500.0,4200.0
4320503,Sertão - RS,2020,32500.0,32500.0,78000.0,2400.0
4320503,Sertão - RS,2021,32000.0,32000.0,131200.0,4100.0
4320503,Sertão - RS,2022,31000.0,31000.0,74400.0,2400.0
4320503,Sertão - RS,2023,31000.0,31000.0,74400.0,2400.0
4320503,Sertão - RS,2024,31000.0,31000.0,111600.0,3600.0
4320503,Sertão - RS,2025,31000.0,31000.0,78120.0,2520.0
4320552,Sertão Santana - RS,2000,,,,
4320552,Sertão Santana - RS,2001,,,,
4320552,Sertão Santana - RS,2002,,,,
4320552,Sertão Santana - RS,2003,35.0,35.0,53.0,1514.0
4320552,Sertão Santana - RS,2004,5.0,5.0,5.0,1000.0
4320552,Sertão Santana - RS,2005,,,,
4320552,Sertão Santana - RS,2006,,,,
4320552,Sertão Santana - RS,2007,,,,
4320552,Sertão Santana - RS,2008,,,,
4320552,Sertão Santana - RS,2009,,,,
4320552,Sertão Santana - RS,2010,,,,
4320552,Sertão Santana - RS,2011,8.0,8.0,16.0,2000.0
4320552,Sertão Santana - RS,2012,20.0,20.0,40.0,2000.0
4320552,Sertão Santana - RS,2013,80.0,80.0,144.0,1800.0
4320552,Sertão Santana - RS,2014,80.0,80.0,192.0,2400.0
4320552,Sertão Santana - RS,2015,80.0,80.0,211.0,2638.0
4320552,Sertão Santana - RS,2016,100.0,100.0,160.0,1600.0
4320552,Sertão Santana - RS,2017,120.0,120.0,302.0,2517.0
4320552,Sertão Santana - RS,2018,200.0,200.0,348.0,1740.0
4320552,Sertão Santana - RS,2019,300.0,300.0,810.0,2700.0
4320552,Sertão Santana - RS,2020,320.0,320.0,480.0,1500.0
4320552,Sertão Santana - RS,2021,500.0,500.0,1500.0,3000.0
4320552,Sertão Santana - RS,2022,700.0,700.0,2310.0,3300.0
4320552,Sertão Santana - RS,2023,900.0,900.0,1890.0,2100.0
4320552,Sertão Santana - RS,2024,950.0,900.0,1620.0,1800.0
4320552,Sertão Santana - RS,2025,930.0,930.0,1395.0,1500.0
4320578,Sete de Setembro - RS,2000,7000.0,7000.0,10500.0,1500.0
4320578,Sete de Setembro - RS,2001,7500.0,7500.0,14850.0,1980.0
4320578,Sete de Setembro - RS,2002,7500.0,7500.0,8100.0,1080.0
4320578,Sete de Setembro - RS,2003,7500.0,7500.0,17100.0,2280.0
4320578,Sete de Setembro - RS,2004,7500.0,7500.0,5400.0,720.0
4320578,Sete de Setembro - RS,2005,7500.0,3000.0,1080.0,360.0
4320578,Sete de Setembro - RS,2006,7000.0,7000.0,8820.0,1260.0
4320578,Sete de Setembro - RS,2007,7000.0,7000.0,15960.0,2280.0
4320578,Sete de Setembro - RS,2008,7000.0,7000.0,7140.0,1020.0
4320578,Sete de Setembro - RS,2009,7000.0,7000.0,13440.0,1920.0
4320578,Sete de Setembro - RS,2010,7000.0,7000.0,14700.0,2100.0
4320578,Sete de Setembro - RS,2011,7000.0,7000.0,14700.0,2100.0
4320578,Sete de Setembro - RS,2012,7000.0,700.0,420.0,600.0
4320578,Sete de Setembro - RS,2013,7000.0,7000.0,15960.0,2280.0
4320578,Sete de Setembro - RS,2014,7200.0,7200.0,15120.0,2100.0
4320578,Sete de Setembro - RS,2015,7480.0,7480.0,17054.0,2280.0
4320578,Sete de Setembro - RS,2016,7480.0,7480.0,21060.0,2816.0
4320578,Sete de Setembro - RS,2017,7400.0,7400.0,21401.0,2892.0
4320578,Sete de Setembro - RS,2018,7480.0,7480.0,16643.0,2225.0
4320578,Sete de Setembro - RS,2019,6580.0,6580.0,19820.0,3012.0
4320578,Sete de Setembro - RS,2020,6580.0,6580.0,11144.0,1694.0
4320578,Sete de Setembro - RS,2021,6580.0,6580.0,19024.0,2891.0
4320578,Sete de Setembro - RS,2022,7080.0,7080.0,1206.0,170.0
4320578,Sete de Setembro - RS,2023,7080.0,7080.0,7848.0,1108.0
4320578,Sete de Setembro - RS,2024,7500.0,7500.0,22548.0,3006.0
4320578,Sete de Setembro - RS,2025,7457.0,7457.0,12566.0,1685.0
4320602,Severiano de Almeida - RS,2000,1000.0,1000.0,1200.0,1200.0
4320602,Severiano de Almeida - RS,2001,500.0,500.0,900.0,1800.0
4320602,Severiano de Almeida - RS,2002,500.0,500.0,540.0,1080.0
4320602,Severiano de Almeida - RS,2003,300.0,300.0,540.0,1800.0
4320602,Severiano de Almeida - RS,2004,400.0,400.0,288.0,720.0
4320602,Severiano de Almeida - RS,2005,400.0,400.0,192.0,480.0
4320602,Severiano de Almeida - RS,2006,400.0,400.0,576.0,1440.0
4320602,Severiano de Almeida - RS,2007,300.0,300.0,900.0,3000.0
4320602,Severiano de Almeida - RS,2008,300.0,300.0,765.0,2550.0
4320602,Severiano de Almeida - RS,2009,400.0,400.0,576.0,1440.0
4320602,Severiano de Almeida - RS,2010,1000.0,1000.0,2700.0,2700.0
4320602,Severiano de Almeida - RS,2011,1000.0,1000.0,3600.0,3600.0
4320602,Severiano de Almeida - RS,2012,1200.0,1200.0,2952.0,2460.0
4320602,Severiano de Almeida - RS,2013,1500.0,1500.0,3600.0,2400.0
4320602,Severiano de Almeida - RS,2014,1500.0,1500.0,4500.0,3000.0
4320602,Severiano de Almeida - RS,2015,2500.0,2500.0,7500.0,3000.0
4320602,Severiano de Almeida - RS,2016,3500.0,3500.0,10500.0,3000.0
4320602,Severiano de Almeida - RS,2017,3200.0,3200.0,9600.0,3000.0
4320602,Severiano de Almeida - RS,2018,4300.0,4300.0,14190.0,3300.0
4320602,Severiano de Almeida - RS,2019,4200.0,4200.0,13860.0,3300.0
4320602,Severiano de Almeida - RS,2020,4000.0,4000.0,13200.0,3300.0
4320602,Severiano de Almeida - RS,2021,3700.0,3700.0,9324.0,2520.0
4320602,Severiano de Almeida - RS,2022,3900.0,3900.0,5850.0,1500.0
4320602,Severiano de Almeida - RS,2023,4400.0,4400.0,13200.0,3000.0
4320602,Severiano de Almeida - RS,2024,4000.0,3650.0,9855.0,2700.0
4320602,Severiano de Almeida - RS,2025,4200.0,4200.0,12096.0,2880.0
4320651,Silveira Martins - RS,2000,400.0,400.0,720.0,1800.0
4320651,Silveira Martins - RS,2001,500.0,500.0,1050.0,2100.0
4320651,Silveira Martins - RS,2002,1200.0,1200.0,2880.0,2400.0
4320651,Silveira Martins - RS,2003,1200.0,1200.0,3240.0,2700.0
4320651,Silveira Martins - RS,2004,1500.0,1500.0,4050.0,2700.0
4320651,Silveira Martins - RS,2005,1600.0,1600.0,1152.0,720.0
4320651,Silveira Martins - RS,2006,1600.0,1600.0,4320.0,2700.0
4320651,Silveira Martins - RS,2007,2000.0,2000.0,7000.0,3500.0
4320651,Silveira Martins - RS,2008,2000.0,2000.0,6100.0,3050.0
4320651,Silveira Martins - RS,2009,2700.0,2700.0,8640.0,3200.0
4320651,Silveira Martins - RS,2010,2300.0,2300.0,7360.0,3200.0
4320651,Silveira Martins - RS,2011,2500.0,2500.0,7500.0,3000.0
4320651,Silveira Martins - RS,2012,2700.0,2700.0,3240.0,1200.0
4320651,Silveira Martins - RS,2013,2700.0,2700.0,8100.0,3000.0
4320651,Silveira Martins - RS,2014,2800.0,2800.0,9240.0,3300.0
4320651,Silveira Martins - RS,2015,2800.0,2800.0,10080.0,3600.0
4320651,Silveira Martins - RS,2016,2800.0,2800.0,10360.0,3700.0
4320651,Silveira Martins - RS,2017,3000.0,3000.0,11700.0,3900.0
4320651,Silveira Martins - RS,2018,3000.0,3000.0,12600.0,4200.0
4320651,Silveira Martins - RS,2019,4500.0,4500.0,16200.0,3600.0
4320651,Silveira Martins - RS,2020,4500.0,4500.0,12150.0,2700.0
4320651,Silveira Martins - RS,2021,4500.0,4500.0,18900.0,4200.0
4320651,Silveira Martins - RS,2022,4500.0,4500.0,10800.0,2400.0
4320651,Silveira Martins - RS,2023,4500.0,4500.0,13500.0,3000.0
4320651,Silveira Martins - RS,2024,4500.0,4500.0,17550.0,3900.0
4320651,Silveira Martins - RS,2025,4500.0,4500.0,12150.0,2700.0
4320677,Sinimbu - RS,2000,30.0,30.0,54.0,1800.0
4320677,Sinimbu - RS,2001,,,,
4320677,Sinimbu - RS,2002,,,,
4320677,Sinimbu - RS,2003,,,,
4320677,Sinimbu - RS,2004,,,,
4320677,Sinimbu - RS,2005,,,,
4320677,Sinimbu - RS,2006,,,,
4320677,Sinimbu - RS,2007,,,,
4320677,Sinimbu - RS,2008,,,,
4320677,Sinimbu - RS,2009,,,,
4320677,Sinimbu - RS,2010,,,,
4320677,Sinimbu - RS,2011,,,,
4320677,Sinimbu - RS,2012,,,,
4320677,Sinimbu - RS,2013,,,,
4320677,Sinimbu - RS,2014,600.0,600.0,720.0,1200.0
4320677,Sinimbu - RS,2015,600.0,600.0,720.0,1200.0
4320677,Sinimbu - RS,2016,1400.0,1400.0,4200.0,3000.0
4320677,Sinimbu - RS,2017,900.0,900.0,2250.0,2500.0
4320677,Sinimbu - RS,2018,1100.0,1100.0,3080.0,2800.0
4320677,Sinimbu - RS,2019,1100.0,1100.0,3300.0,3000.0
4320677,Sinimbu - RS,2020,1150.0,1150.0,1380.0,1200.0
4320677,Sinimbu - RS,2021,1150.0,1150.0,3450.0,3000.0
4320677,Sinimbu - RS,2022,1250.0,1250.0,2250.0,1800.0
4320677,Sinimbu - RS,2023,1500.0,1500.0,2925.0,1950.0
4320677,Sinimbu - RS,2024,1500.0,1125.0,3375.0,3000.0
4320677,Sinimbu - RS,2025,1500.0,1500.0,3600.0,2400.0
4320701,Sobradinho - RS,2000,230.0,230.0,497.0,2160.0
4320701,Sobradinho - RS,2001,200.0,200.0,504.0,2520.0
4320701,Sobradinho - RS,2002,300.0,300.0,675.0,2250.0
4320701,Sobradinho - RS,2003,400.0,400.0,1080.0,2700.0
4320701,Sobradinho - RS,2004,800.0,800.0,1248.0,1560.0
4320701,Sobradinho - RS,2005,1200.0,1120.0,739.0,659.0
4320701,Sobradinho - RS,2006,1000.0,1000.0,1980.0,1980.0
4320701,Sobradinho - RS,2007,1000.0,1000.0,2520.0,2520.0
4320701,Sobradinho - RS,2008,1100.0,1100.0,3102.0,2820.0
4320701,Sobradinho - RS,2009,1100.0,1100.0,2838.0,2580.0
4320701,Sobradinho - RS,2010,1100.0,1100.0,2904.0,2640.0
4320701,Sobradinho - RS,2011,1100.0,1100.0,3146.0,2860.0
4320701,Sobradinho - RS,2012,1150.0,1150.0,2622.0,2280.0
4320701,Sobradinho - RS,2013,1200.0,1200.0,4032.0,3360.0
4320701,Sobradinho - RS,2014,1250.0,1250.0,4150.0,3320.0
4320701,Sobradinho - RS,2015,1300.0,1300.0,4602.0,3540.0
4320701,Sobradinho - RS,2016,2100.0,2100.0,7308.0,3480.0
4320701,Sobradinho - RS,2017,2300.0,2300.0,8970.0,3900.0
4320701,Sobradinho - RS,2018,2300.0,2300.0,8050.0,3500.0
4320701,Sobradinho - RS,2019,2300.0,2300.0,8004.0,3480.0
4320701,Sobradinho - RS,2020,2350.0,2350.0,4230.0,1800.0
4320701,Sobradinho - RS,2021,2350.0,2350.0,8742.0,3720.0
4320701,Sobradinho - RS,2022,2350.0,2350.0,4230.0,1800.0
4320701,Sobradinho - RS,2023,2350.0,2350.0,4512.0,1920.0
4320701,Sobradinho - RS,2024,2350.0,2350.0,6345.0,2700.0
4320701,Sobradinho - RS,2025,2350.0,2350.0,5076.0,2160.0
4320800,Soledade - RS,2000,6300.0,6300.0,10584.0,1680.0
4320800,Soledade - RS,2001,6400.0,6400.0,15360.0,2400.0
4320800,Soledade - RS,2002,7000.0,7000.0,14350.0,2050.0
4320800,Soledade - RS,2003,9000.0,9000.0,24300.0,2700.0
4320800,Soledade - RS,2004,16500.0,16500.0,26730.0,1620.0
4320800,Soledade - RS,2005,19000.0,13300.0,7980.0,600.0
4320800,Soledade - RS,2006,19500.0,19500.0,37440.0,1920.0
4320800,Soledade - RS,2007,21000.0,21000.0,55440.0,2640.0
4320800,Soledade - RS,2008,21000.0,21000.0,39312.0,1872.0
4320800,Soledade - RS,2009,23000.0,23000.0,41400.0,1800.0
4320800,Soledade - RS,2010,23000.0,23000.0,52440.0,2280.0
4320800,Soledade - RS,2011,24000.0,24000.0,72000.0,3000.0
4320800,Soledade - RS,2012,25000.0,25000.0,45000.0,1800.0
4320800,Soledade - RS,2013,26000.0,26000.0,78000.0,3000.0
4320800,Soledade - RS,2014,32000.0,32000.0,90240.0,2820.0
4320800,Soledade - RS,2015,35000.0,35000.0,102000.0,2914.0
4320800,Soledade - RS,2016,35000.0,35000.0,105000.0,3000.0
4320800,Soledade - RS,2017,50000.0,50000.0,180000.0,3600.0
4320800,Soledade - RS,2018,35000.0,35000.0,126000.0,3600.0
4320800,Soledade - RS,2019,42000.0,42000.0,120960.0,2880.0
4320800,Soledade - RS,2020,42000.0,42000.0,55440.0,1320.0
4320800,Soledade - RS,2021,45000.0,45000.0,162000.0,3600.0
4320800,Soledade - RS,2022,48000.0,48000.0,86400.0,1800.0
4320800,Soledade - RS,2023,50000.0,50000.0,135000.0,2700.0
4320800,Soledade - RS,2024,51000.0,45000.0,108000.0,2400.0
4320800,Soledade - RS,2025,52000.0,52000.0,109200.0,2100.0
4318002,São Borja - RS,2000,35000.0,35000.0,25200.0,720.0
4318002,São Borja - RS,2001,30000.0,30000.0,60000.0,2000.0
4318002,São Borja - RS,2002,35000.0,30000.0,21600.0,720.0
4318002,São Borja - RS,2003,50000.0,50000.0,105000.0,2100.0
4318002,São Borja - RS,2004,60000.0,55000.0,29700.0,540.0
4318002,São Borja - RS,2005,65000.0,13000.0,5460.0,420.0
4318002,São Borja - RS,2006,45000.0,45000.0,37800.0,840.0
4318002,São Borja - RS,2007,40000.0,40000.0,60000.0,1500.0
4318002,São Borja - RS,2008,35000.0,35000.0,31500.0,900.0
4318002,São Borja - RS,2009,13000.0,13000.0,11700.0,900.0
4318002,São Borja - RS,2010,35000.0,35000.0,73500.0,2100.0
4318002,São Borja - RS,2011,35000.0,35000.0,73500.0,2100.0
4318002,São Borja - RS,2012,45000.0,45000.0,51480.0,1144.0
4318002,São Borja - RS,2013,51000.0,51000.0,110000.0,2157.0
4318002,São Borja - RS,2014,55000.0,55000.0,76800.0,1396.0
4318002,São Borja - RS,2015,55000.0,55000.0,138000.0,2509.0
4318002,São Borja - RS,2016,60000.0,60000.0,150000.0,2500.0
4318002,São Borja - RS,2017,60000.0,60000.0,180000.0,3000.0
4318002,São Borja - RS,2018,60000.0,60000.0,156000.0,2600.0
4318002,São Borja - RS,2019,65000.0,57000.0,157400.0,2761.0
4318002,São Borja - RS,2020,70000.0,70000.0,138000.0,1971.0
4318002,São Borja - RS,2021,70000.0,70000.0,156000.0,2229.0
4318002,São Borja - RS,2022,85000.0,85000.0,82500.0,971.0
4318002,São Borja - RS,2023,98000.0,98000.0,129600.0,1322.0
4318002,São Borja - RS,2024,105000.0,105000.0,267000.0,2543.0
4318002,São Borja - RS,2025,108500.0,105000.0,162000.0,1543.0
4318051,São Domingos do Sul - RS,2000,150.0,150.0,315.0,2100.0
4318051,São Domingos do Sul - RS,2001,130.0,130.0,312.0,2400.0
4318051,São Domingos do Sul - RS,2002,180.0,180.0,432.0,2400.0
4318051,São Domingos do Sul - RS,2003,200.0,200.0,600.0,3000.0
4318051,São Domingos do Sul - RS,2004,300.0,300.0,540.0,1800.0
4318051,São Domingos do Sul - RS,2005,300.0,15.0,27.0,1800.0
4318051,São Domingos do Sul - RS,2006,300.0,300.0,689.0,2296.0
4318051,São Domingos do Sul - RS,2007,400.0,400.0,1200.0,3000.0
4318051,São Domingos do Sul - RS,2008,400.0,400.0,1080.0,2700.0
4318051,São Domingos do Sul - RS,2009,400.0,400.0,960.0,2400.0
4318051,São Domingos do Sul - RS,2010,500.0,500.0,1500.0,3000.0
4318051,São Domingos do Sul - RS,2011,500.0,500.0,1600.0,3200.0
4318051,São Domingos do Sul - RS,2012,300.0,300.0,714.0,2380.0
4318051,São Domingos do Sul - RS,2013,500.0,500.0,1500.0,3000.0
4318051,São Domingos do Sul - RS,2014,700.0,700.0,2100.0,3000.0
4318051,São Domingos do Sul - RS,2015,1700.0,1700.0,6120.0,3600.0
4318051,São Domingos do Sul - RS,2016,1700.0,1700.0,5100.0,3000.0
4318051,São Domingos do Sul - RS,2017,1700.0,1700.0,6120.0,3600.0
4318051,São Domingos do Sul - RS,2018,1700.0,1700.0,5093.0,2996.0
4318051,São Domingos do Sul - RS,2019,1700.0,1700.0,5440.0,3200.0
4318051,São Domingos do Sul - RS,2020,1700.0,1700.0,2244.0,1320.0
4318051,São Domingos do Sul - RS,2021,1700.0,1700.0,6120.0,3600.0
4318051,São Domingos do Sul - RS,2022,1700.0,1700.0,2992.0,1760.0
4318051,São Domingos do Sul - RS,2023,1800.0,1800.0,3780.0,2100.0
4318051,São Domingos do Sul - RS,2024,2300.0,2300.0,7314.0,3180.0
4318051,São Domingos do Sul - RS,2025,2400.0,2400.0,4320.0,1800.0
4318101,São Francisco de Assis - RS,2000,7500.0,7000.0,8820.0,1260.0
4318101,São Francisco de Assis - RS,2001,12000.0,12000.0,36000.0,3000.0
4318101,São Francisco de Assis - RS,2002,16000.0,16000.0,20480.0,1280.0
4318101,São Francisco de Assis - RS,2003,20000.0,20000.0,51600.0,2580.0
4318101,São Francisco de Assis - RS,2004,25000.0,25000.0,18375.0,735.0
4318101,São Francisco de Assis - RS,2005,27608.0,27608.0,23191.0,840.0
4318101,São Francisco de Assis - RS,2006,21000.0,21000.0,32760.0,1560.0
4318101,São Francisco de Assis - RS,2007,20000.0,20000.0,39600.0,1980.0
4318101,São Francisco de Assis - RS,2008,17000.0,17000.0,23460.0,1380.0
4318101,São Francisco de Assis - RS,2009,17000.0,17000.0,34000.0,2000.0
4318101,São Francisco de Assis - RS,2010,17000.0,17000.0,40800.0,2400.0
4318101,São Francisco de Assis - RS,2011,17000.0,17000.0,35700.0,2100.0
4318101,São Francisco de Assis - RS,2012,23000.0,23000.0,25530.0,1110.0
4318101,São Francisco de Assis - RS,2013,31500.0,31500.0,75600.0,2400.0
4318101,São Francisco de Assis - RS,2014,35000.0,35000.0,63000.0,1800.0
4318101,São Francisco de Assis - RS,2015,38000.0,38000.0,79800.0,2100.0
4318101,São Francisco de Assis - RS,2016,43000.0,43000.0,112230.0,2610.0
4318101,São Francisco de Assis - RS,2017,45000.0,45000.0,143100.0,3180.0
4318101,São Francisco de Assis - RS,2018,45000.0,45000.0,135000.0,3000.0
4318101,São Francisco de Assis - RS,2019,50000.0,50000.0,126000.0,2520.0
4318101,São Francisco de Assis - RS,2020,53000.0,53000.0,83422.0,1574.0
4318101,São Francisco de Assis - RS,2021,56000.0,56000.0,168000.0,3000.0
4318101,São Francisco de Assis - RS,2022,57000.0,57000.0,30780.0,540.0
4318101,São Francisco de Assis - RS,2023,48900.0,48900.0,38142.0,780.0
4318101,São Francisco de Assis - RS,2024,57000.0,54150.0,127794.0,2360.0
4318101,São Francisco de Assis - RS,2025,51300.0,51300.0,67716.0,1320.0
4318200,São Francisco de Paula - RS,2000,,,,
4318200,São Francisco de Paula - RS,2001,,,,
4318200,São Francisco de Paula - RS,2002,,,,
4318200,São Francisco de Paula - RS,2003,,,,
4318200,São Francisco de Paula - RS,2004,,,,
4318200,São Francisco de Paula - RS,2005,,,,
4318200,São Francisco de Paula - RS,2006,,,,
4318200,São Francisco de Paula - RS,2007,,,,
4318200,São Francisco de Paula - RS,2008,,,,
4318200,São Francisco de Paula - RS,2009,,,,
4318200,São Francisco de Paula - RS,2010,,,,
4318200,São Francisco de Paula - RS,2011,,,,
4318200,São Francisco de Paula - RS,2012,,,,
4318200,São Francisco de Paula - RS,2013,,,,
4318200,São Francisco de Paula - RS,2014,,,,
4318200,São Francisco de Paula - RS,2015,1500.0,1500.0,3800.0,2533.0
4318200,São Francisco de Paula - RS,2016,1500.0,1500.0,3600.0,2400.0
4318200,São Francisco de Paula - RS,2017,3000.0,3000.0,7500.0,2500.0
4318200,São Francisco de Paula - RS,2018,6200.0,6200.0,18600.0,3000.0
4318200,São Francisco de Paula - RS,2019,7500.0,7500.0,22500.0,3000.0
4318200,São Francisco de Paula - RS,2020,7500.0,7500.0,16200.0,2160.0
4318200,São Francisco de Paula - RS,2021,7500.0,7500.0,26250.0,3500.0
4318200,São Francisco de Paula - RS,2022,7900.0,7900.0,21330.0,2700.0
4318200,São Francisco de Paula - RS,2023,7600.0,7600.0,27360.0,3600.0
4318200,São Francisco de Paula - RS,2024,7600.0,7600.0,21280.0,2800.0
4318200,São Francisco de Paula - RS,2025,9000.0,9000.0,35100.0,3900.0
4318309,São Gabriel - RS,2000,22000.0,22000.0,30360.0,1380.0
4318309,São Gabriel - RS,2001,19000.0,19000.0,36480.0,1920.0
4318309,São Gabriel - RS,2002,20000.0,20000.0,38400.0,1920.0
4318309,São Gabriel - RS,2003,32000.0,32000.0,67200.0,2100.0
4318309,São Gabriel - RS,2004,50000.0,50000.0,63000.0,1260.0
4318309,São Gabriel - RS,2005,50000.0,50000.0,51000.0,1020.0
4318309,São Gabriel - RS,2006,40000.0,40000.0,43200.0,1080.0
4318309,São Gabriel - RS,2007,40000.0,40000.0,88000.0,2200.0
4318309,São Gabriel - RS,2008,40000.0,40000.0,68880.0,1722.0
4318309,São Gabriel - RS,2009,28000.0,28000.0,43680.0,1560.0
4318309,São Gabriel - RS,2010,40000.0,40000.0,84000.0,2100.0
4318309,São Gabriel - RS,2011,40000.0,40000.0,84000.0,2100.0
4318309,São Gabriel - RS,2012,48000.0,48000.0,50400.0,1050.0
4318309,São Gabriel - RS,2013,60000.0,60000.0,126000.0,2100.0
4318309,São Gabriel - RS,2014,65000.0,65000.0,136500.0,2100.0
4318309,São Gabriel - RS,2015,97000.0,97000.0,252200.0,2600.0
4318309,São Gabriel - RS,2016,95000.0,95000.0,199500.0,2100.0
4318309,São Gabriel - RS,2017,99000.0,99000.0,267300.0,2700.0
4318309,São Gabriel - RS,2018,101000.0,101000.0,254520.0,2520.0
4318309,São Gabriel - RS,2019,120000.0,120000.0,208200.0,1735.0
4318309,São Gabriel - RS,2020,125000.0,125000.0,150000.0,1200.0
4318309,São Gabriel - RS,2021,130000.0,130000.0,358800.0,2760.0
4318309,São Gabriel - RS,2022,136000.0,136000.0,163200.0,1200.0
4318309,São Gabriel - RS,2023,136000.0,134600.0,262470.0,1950.0
4318309,São Gabriel - RS,2024,137000.0,137000.0,193128.0,1410.0
4318309,São Gabriel - RS,2025,136000.0,136000.0,198000.0,1456.0
4318408,São Jerônimo - RS,2000,,,,
4318408,São Jerônimo - RS,2001,,,,
4318408,São Jerônimo - RS,2002,70.0,70.0,140.0,2000.0
4318408,São Jerônimo - RS,2003,800.0,800.0,1200.0,1500.0
4318408,São Jerônimo - RS,2004,1500.0,1500.0,1620.0,1080.0
4318408,São Jerônimo - RS,2005,1500.0,300.0,144.0,480.0
4318408,São Jerônimo - RS,2006,600.0,600.0,1080.0,1800.0
4318408,São Jerônimo - RS,2007,250.0,250.0,870.0,3480.0
4318408,São Jerônimo - RS,2008,640.0,640.0,1536.0,2400.0
4318408,São Jerônimo - RS,2009,500.0,500.0,1200.0,2400.0
4318408,São Jerônimo - RS,2010,503.0,503.0,1207.0,2399.0
4318408,São Jerônimo - RS,2011,712.0,712.0,2100.0,2949.0
4318408,São Jerônimo - RS,2012,1100.0,975.0,1443.0,1480.0
4318408,São Jerônimo - RS,2013,2000.0,2000.0,5200.0,2600.0
4318408,São Jerônimo - RS,2014,2300.0,2300.0,6210.0,2700.0
4318408,São Jerônimo - RS,2015,2900.0,2900.0,7540.0,2600.0
4318408,São Jerônimo - RS,2016,3500.0,3500.0,9450.0,2700.0
4318408,São Jerônimo - RS,2017,3000.0,3000.0,8100.0,2700.0
4318408,São Jerônimo - RS,2018,4000.0,4000.0,11200.0,2800.0
4318408,São Jerônimo - RS,2019,4000.0,4000.0,12000.0,3000.0
4318408,São Jerônimo - RS,2020,4500.0,4200.0,5040.0,1200.0
4318408,São Jerônimo - RS,2021,4500.0,4500.0,14850.0,3300.0
4318408,São Jerônimo - RS,2022,5500.0,5500.0,14850.0,2700.0
4318408,São Jerônimo - RS,2023,6000.0,6000.0,16300.0,2717.0
4318408,São Jerônimo - RS,2024,6150.0,6150.0,11088.0,1803.0
4318408,São Jerônimo - RS,2025,6150.0,6150.0,14967.0,2434.0
4318440,São Jorge - RS,2000,180.0,180.0,414.0,2300.0
4318440,São Jorge - RS,2001,300.0,300.0,900.0,3000.0
4318440,São Jorge - RS,2002,300.0,300.0,810.0,2700.0
4318440,São Jorge - RS,2003,300.0,300.0,810.0,2700.0
4318440,São Jorge - RS,2004,480.0,480.0,1152.0,2400.0
4318440,São Jorge - RS,2005,2700.0,2700.0,1215.0,450.0
4318440,São Jorge - RS,2006,2400.0,2400.0,6912.0,2880.0
4318440,São Jorge - RS,2007,2400.0,2400.0,6720.0,2800.0
4318440,São Jorge - RS,2008,2300.0,2300.0,5244.0,2280.0
4318440,São Jorge - RS,2009,2200.0,2200.0,5610.0,2550.0
4318440,São Jorge - RS,2010,2400.0,2400.0,8400.0,3500.0
4318440,São Jorge - RS,2011,2600.0,2600.0,9100.0,3500.0
4318440,São Jorge - RS,2012,2400.0,2400.0,6100.0,2542.0
4318440,São Jorge - RS,2013,2450.0,2450.0,7281.0,2972.0
4318440,São Jorge - RS,2014,2500.0,2500.0,8250.0,3300.0
4318440,São Jorge - RS,2015,2500.0,2500.0,9250.0,3700.0
4318440,São Jorge - RS,2016,2500.0,2500.0,8922.0,3569.0
4318440,São Jorge - RS,2017,2400.0,2400.0,9792.0,4080.0
4318440,São Jorge - RS,2018,2400.0,2400.0,8928.0,3720.0
4318440,São Jorge - RS,2019,2250.0,2250.0,7830.0,3480.0
4318440,São Jorge - RS,2020,2150.0,2150.0,4266.0,1984.0
4318440,São Jorge - RS,2021,2150.0,2150.0,7998.0,3720.0
4318440,São Jorge - RS,2022,2000.0,2000.0,4290.0,2145.0
4318440,São Jorge - RS,2023,2000.0,2000.0,5040.0,2520.0
4318440,São Jorge - RS,2024,1800.0,1800.0,6741.0,3745.0
4318440,São Jorge - RS,2025,1900.0,1900.0,6489.0,3415.0
4318457,São José das Missões - RS,2000,4500.0,4500.0,8550.0,1900.0
4318457,São José das Missões - RS,2001,4500.0,4500.0,9450.0,2100.0
4318457,São José das Missões - RS,2002,5900.0,5900.0,6018.0,1020.0
4318457,São José das Missões - RS,2003,5900.0,5900.0,12390.0,2100.0
4318457,São José das Missões - RS,2004,6000.0,6000.0,7200.0,1200.0
4318457,São José das Missões - RS,2005,4300.0,4300.0,2580.0,600.0
4318457,São José das Missões - RS,2006,4300.0,4300.0,7740.0,1800.0
4318457,São José das Missões - RS,2007,2460.0,2460.0,6150.0,2500.0
4318457,São José das Missões - RS,2008,2470.0,2470.0,6669.0,2700.0
4318457,São José das Missões - RS,2009,2520.0,2520.0,6804.0,2700.0
4318457,São José das Missões - RS,2010,3420.0,3420.0,8772.0,2564.0
4318457,São José das Missões - RS,2011,3250.0,3250.0,10335.0,3180.0
4318457,São José das Missões - RS,2012,3050.0,3050.0,3295.0,1080.0
4318457,São José das Missões - RS,2013,3050.0,3050.0,7587.0,2488.0
4318457,São José das Missões - RS,2014,3050.0,3050.0,8845.0,2900.0
4318457,São José das Missões - RS,2015,3400.0,3400.0,10200.0,3000.0
4318457,São José das Missões - RS,2016,3700.0,3700.0,11100.0,3000.0
4318457,São José das Missões - RS,2017,3600.0,3600.0,11880.0,3300.0
4318457,São José das Missões - RS,2018,3900.0,3900.0,12870.0,3300.0
4318457,São José das Missões - RS,2019,4500.0,4500.0,16200.0,3600.0
4318457,São José das Missões - RS,2020,4500.0,4500.0,12150.0,2700.0
4318457,São José das Missões - RS,2021,4500.0,4500.0,16200.0,3600.0
4318457,São José das Missões - RS,2022,4500.0,4500.0,4950.0,1100.0
4318457,São José das Missões - RS,2023,4500.0,4500.0,9450.0,2100.0
4318457,São José das Missões - RS,2024,4500.0,4500.0,16200.0,3600.0
4318457,São José das Missões - RS,2025,4600.0,4600.0,9936.0,2160.0
4318465,São José do Herval - RS,2000,80.0,80.0,160.0,2000.0
4318465,São José do Herval - RS,2001,80.0,80.0,168.0,2100.0
4318465,São José do Herval - RS,2002,60.0,60.0,126.0,2100.0
4318465,São José do Herval - RS,2003,90.0,90.0,189.0,2100.0
4318465,São José do Herval - RS,2004,250.0,250.0,405.0,1620.0
4318465,São José do Herval - RS,2005,250.0,38.0,18.0,473.0
4318465,São José do Herval - RS,2006,250.0,250.0,525.0,2100.0
4318465,São José do Herval - RS,2007,250.0,250.0,525.0,2100.0
4318465,São José do Herval - RS,2008,250.0,250.0,330.0,1320.0
4318465,São José do Herval - RS,2009,200.0,200.0,360.0,1800.0
4318465,São José do Herval - RS,2010,200.0,200.0,480.0,2400.0
4318465,São José do Herval - RS,2011,200.0,200.0,600.0,3000.0
4318465,São José do Herval - RS,2012,200.0,200.0,360.0,1800.0
4318465,São José do Herval - RS,2013,240.0,240.0,576.0,2400.0
4318465,São José do Herval - RS,2014,240.0,240.0,576.0,2400.0
4318465,São José do Herval - RS,2015,240.0,240.0,744.0,3100.0
4318465,São José do Herval - RS,2016,240.0,240.0,744.0,3100.0
4318465,São José do Herval - RS,2017,240.0,240.0,744.0,3100.0
4318465,São José do Herval - RS,2018,240.0,240.0,732.0,3050.0
4318465,São José do Herval - RS,2019,240.0,240.0,740.0,3083.0
4318465,São José do Herval - RS,2020,270.0,270.0,405.0,1500.0
4318465,São José do Herval - RS,2021,270.0,270.0,831.0,3078.0
4318465,São José do Herval - RS,2022,270.0,270.0,581.0,2152.0
4318465,São José do Herval - RS,2023,300.0,300.0,540.0,1800.0
4318465,São José do Herval - RS,2024,300.0,270.0,567.0,2100.0
4318465,São José do Herval - RS,2025,300.0,300.0,1116.0,3720.0
4318481,São José do Hortêncio - RS,2000,,,,
4318481,São José do Hortêncio - RS,2001,,,,
4318481,São José do Hortêncio - RS,2002,,,,
4318481,São José do Hortêncio - RS,2003,,,,
4318481,São José do Hortêncio - RS,2004,,,,
4318481,São José do Hortêncio - RS,2005,,,,
4318481,São José do Hortêncio - RS,2006,,,,
4318481,São José do Hortêncio - RS,2007,,,,
4318481,São José do Hortêncio - RS,2008,,,,
4318481,São José do Hortêncio - RS,2009,,,,
4318481,São José do Hortêncio - RS,2010,,,,
4318481,São José do Hortêncio - RS,2011,,,,
4318481,São José do Hortêncio - RS,2012,,,,
4318481,São José do Hortêncio - RS,2013,,,,
4318481,São José do Hortêncio - RS,2014,,,,
4318481,São José do Hortêncio - RS,2015,,,,
4318481,São José do Hortêncio - RS,2016,,,,
4318481,São José do Hortêncio - RS,2017,,,,
4318481,São José do Hortêncio - RS,2018,,,,
4318481,São José do Hortêncio - RS,2019,,,,
4318481,São José do Hortêncio - RS,2020,,,,
4318481,São José do Hortêncio - RS,2021,,,,
4318481,São José do Hortêncio - RS,2022,,,,
4318481,São José do Hortêncio - RS,2023,,,,
4318481,São José do Hortêncio - RS,2024,,,,
4318481,São José do Hortêncio - RS,2025,,,,
4318499,São José do Inhacorá - RS,2000,2706.0,2706.0,2614.0,966.0
4318499,São José do Inhacorá - RS,2001,2382.0,2382.0,4433.0,1861.0
4318499,São José do Inhacorá - RS,2002,2650.0,2650.0,4153.0,1567.0
4318499,São José do Inhacorá - RS,2003,2625.0,2625.0,4470.0,1702.0
4318499,São José do Inhacorá - RS,2004,2300.0,2300.0,1734.0,753.0
4318499,São José do Inhacorá - RS,2005,2300.0,1840.0,607.0,329.0
4318499,São José do Inhacorá - RS,2006,1900.0,1900.0,1710.0,900.0
4318499,São José do Inhacorá - RS,2007,1700.0,1700.0,3060.0,1800.0
4318499,São José do Inhacorá - RS,2008,1600.0,1600.0,1152.0,720.0
4318499,São José do Inhacorá - RS,2009,1500.0,1500.0,2205.0,1470.0
4318499,São José do Inhacorá - RS,2010,1400.0,1400.0,2499.0,1785.0
4318499,São José do Inhacorá - RS,2011,1400.0,1400.0,3612.0,2580.0
4318499,São José do Inhacorá - RS,2012,1400.0,1400.0,672.0,480.0
4318499,São José do Inhacorá - RS,2013,1400.0,1400.0,3528.0,2520.0
4318499,São José do Inhacorá - RS,2014,1500.0,1500.0,2700.0,1800.0
4318499,São José do Inhacorá - RS,2015,1600.0,1600.0,3840.0,2400.0
4318499,São José do Inhacorá - RS,2016,1700.0,1700.0,4080.0,2400.0
4318499,São José do Inhacorá - RS,2017,1700.0,1700.0,5610.0,3300.0
4318499,São José do Inhacorá - RS,2018,1700.0,1700.0,5100.0,3000.0
4318499,São José do Inhacorá - RS,2019,1900.0,1900.0,4788.0,2520.0
4318499,São José do Inhacorá - RS,2020,2000.0,2000.0,3960.0,1980.0
4318499,São José do Inhacorá - RS,2021,2000.0,2000.0,5640.0,2820.0
4318499,São José do Inhacorá - RS,2022,2100.0,2100.0,1512.0,720.0
4318499,São José do Inhacorá - RS,2023,2150.0,2150.0,3548.0,1650.0
4318499,São José do Inhacorá - RS,2024,2200.0,2200.0,5544.0,2520.0
4318499,São José do Inhacorá - RS,2025,2400.0,2400.0,4320.0,1800.0
4318507,São José do Norte - RS,2000,,,,
4318507,São José do Norte - RS,2001,,,,
4318507,São José do Norte - RS,2002,,,,
4318507,São José do Norte - RS,2003,,,,
4318507,São José do Norte - RS,2004,,,,
4318507,São José do Norte - RS,2005,,,,
4318507,São José do Norte - RS,2006,,,,
4318507,São José do Norte - RS,2007,,,,
4318507,São José do Norte - RS,2008,,,,
4318507,São José do Norte - RS,2009,,,,
4318507,São José do Norte - RS,2010,,,,
4318507,São José do Norte - RS,2011,,,,
4318507,São José do Norte - RS,2012,,,,
4318507,São José do Norte - RS,2013,,,,
4318507,São José do Norte - RS,2014,,,,
4318507,São José do Norte - RS,2015,,,,
4318507,São José do Norte - RS,2016,,,,
4318507,São José do Norte - RS,2017,,,,
4318507,São José do Norte - RS,2018,,,,
4318507,São José do Norte - RS,2019,,,,
4318507,São José do Norte - RS,2020,,,,
4318507,São José do Norte - RS,2021,,,,
4318507,São José do Norte - RS,2022,,,,
4318507,São José do Norte - RS,2023,,,,
4318507,São José do Norte - RS,2024,100.0,80.0,240.0,3000.0
4318507,São José do Norte - RS,2025,100.0,100.0,300.0,3000.0
4318606,São José do Ouro - RS,2000,12000.0,12000.0,24000.0,2000.0
4318606,São José do Ouro - RS,2001,10000.0,10000.0,27000.0,2700.0
4318606,São José do Ouro - RS,2002,14000.0,14000.0,21000.0,1500.0
4318606,São José do Ouro - RS,2003,15000.0,15000.0,40500.0,2700.0
4318606,São José do Ouro - RS,2004,16500.0,16500.0,22275.0,1350.0
4318606,São José do Ouro - RS,2005,16800.0,15200.0,9120.0,600.0
4318606,São José do Ouro - RS,2006,16300.0,16300.0,44010.0,2700.0
4318606,São José do Ouro - RS,2007,16800.0,16800.0,55440.0,3300.0
4318606,São José do Ouro - RS,2008,16800.0,16800.0,45360.0,2700.0
4318606,São José do Ouro - RS,2009,17000.0,17000.0,40800.0,2400.0
4318606,São José do Ouro - RS,2010,18000.0,18000.0,59400.0,3300.0
4318606,São José do Ouro - RS,2011,18000.0,18000.0,64800.0,3600.0
4318606,São José do Ouro - RS,2012,18000.0,18000.0,41040.0,2280.0
4318606,São José do Ouro - RS,2013,18500.0,18500.0,49950.0,2700.0
4318606,São José do Ouro - RS,2014,18500.0,18500.0,61050.0,3300.0
4318606,São José do Ouro - RS,2015,19000.0,19000.0,68400.0,3600.0
4318606,São José do Ouro - RS,2016,19400.0,19400.0,75660.0,3900.0
4318606,São José do Ouro - RS,2017,19400.0,19400.0,75660.0,3900.0
4318606,São José do Ouro - RS,2018,19600.0,19600.0,70560.0,3600.0
4318606,São José do Ouro - RS,2019,19800.0,19800.0,75240.0,3800.0
4318606,São José do Ouro - RS,2020,19800.0,19800.0,47045.0,2376.0
4318606,São José do Ouro - RS,2021,19600.0,19600.0,64680.0,3300.0
4318606,São José do Ouro - RS,2022,19600.0,19600.0,41160.0,2100.0
4318606,São José do Ouro - RS,2023,19700.0,19700.0,73284.0,3720.0
4318606,São José do Ouro - RS,2024,19850.0,19850.0,71460.0,3600.0
4318606,São José do Ouro - RS,2025,20000.0,20000.0,60000.0,3000.0
4318614,São José do Sul - RS,2000,,,,
4318614,São José do Sul - RS,2001,4.0,4.0,5.0,1250.0
4318614,São José do Sul - RS,2002,4.0,4.0,5.0,1250.0
4318614,São José do Sul - RS,2003,4.0,4.0,5.0,1250.0
4318614,São José do Sul - RS,2004,4.0,4.0,4.0,1000.0
4318614,São José do Sul - RS,2005,4.0,4.0,2.0,500.0
4318614,São José do Sul - RS,2006,4.0,4.0,5.0,1250.0
4318614,São José do Sul - RS,2007,4.0,4.0,5.0,1250.0
4318614,São José do Sul - RS,2008,4.0,4.0,5.0,1250.0
4318614,São José do Sul - RS,2009,4.0,4.0,5.0,1250.0
4318614,São José do Sul - RS,2010,4.0,4.0,5.0,1250.0
4318614,São José do Sul - RS,2011,4.0,4.0,5.0,1250.0
4318614,São José do Sul - RS,2012,4.0,4.0,5.0,1250.0
4318614,São José do Sul - RS,2013,4.0,4.0,5.0,1250.0
4318614,São José do Sul - RS,2014,4.0,4.0,5.0,1250.0
4318614,São José do Sul - RS,2015,4.0,4.0,5.0,1250.0
4318614,São José do Sul - RS,2016,,,,
4318614,São José do Sul - RS,2017,,,,
4318614,São José do Sul - RS,2018,,,,
4318614,São José do Sul - RS,2019,,,,
4318614,São José do Sul - RS,2020,,,,
4318614,São José do Sul - RS,2021,,,,
4318614,São José do Sul - RS,2022,,,,
4318614,São José do Sul - RS,2023,,,,
4318614,São José do Sul - RS,2024,,,,
4318614,São José do Sul - RS,2025,,,,
4318622,São José dos Ausentes - RS,2000,,,,
4318622,São José dos Ausentes - RS,2001,,,,
4318622,São José dos Ausentes - RS,2002,,,,
4318622,São José dos Ausentes - RS,2003,,,,
4318622,São José dos Ausentes - RS,2004,,,,
4318622,São José dos Ausentes - RS,2005,,,,
4318622,São José dos Ausentes - RS,2006,,,,
4318622,São José dos Ausentes - RS,2007,,,,
4318622,São José dos Ausentes - RS,2008,,,,
4318622,São José dos Ausentes - RS,2009,,,,
4318622,São José dos Ausentes - RS,2010,,,,
4318622,São José dos Ausentes - RS,2011,,,,
4318622,São José dos Ausentes - RS,2012,,,,
4318622,São José dos Ausentes - RS,2013,,,,
4318622,São José dos Ausentes - RS,2014,,,,
4318622,São José dos Ausentes - RS,2015,,,,
4318622,São José dos Ausentes - RS,2016,,,,
4318622,São José dos Ausentes - RS,2017,,,,
4318622,São José dos Ausentes - RS,2018,,,,
4318622,São José dos Ausentes - RS,2019,95.0,95.0,285.0,3000.0
4318622,São José dos Ausentes - RS,2020,120.0,120.0,317.0,2642.0
4318622,São José dos Ausentes - RS,2021,110.0,110.0,330.0,3000.0
4318622,São José dos Ausentes - RS,2022,130.0,130.0,371.0,2854.0
4318622,São José dos Ausentes - RS,2023,300.0,300.0,1080.0,3600.0
4318622,São José dos Ausentes - RS,2024,300.0,300.0,450.0,1500.0
4318622,São José dos Ausentes - RS,2025,800.0,800.0,2880.0,3600.0
4318424,São João da Urtiga - RS,2000,1650.0,1650.0,3135.0,1900.0
4318424,São João da Urtiga - RS,2001,1400.0,1400.0,3360.0,2400.0
4318424,São João da Urtiga - RS,2002,2000.0,2000.0,3000.0,1500.0
4318424,São João da Urtiga - RS,2003,2400.0,2400.0,7200.0,3000.0
4318424,São João da Urtiga - RS,2004,3700.0,3700.0,6216.0,1680.0
4318424,São João da Urtiga - RS,2005,4000.0,3000.0,2160.0,720.0
4318424,São João da Urtiga - RS,2006,3600.0,3600.0,8640.0,2400.0
4318424,São João da Urtiga - RS,2007,4000.0,4000.0,12000.0,3000.0
4318424,São João da Urtiga - RS,2008,4000.0,4000.0,10320.0,2580.0
4318424,São João da Urtiga - RS,2009,4000.0,4000.0,10800.0,2700.0
4318424,São João da Urtiga - RS,2010,5000.0,5000.0,17500.0,3500.0
4318424,São João da Urtiga - RS,2011,5000.0,5000.0,16500.0,3300.0
4318424,São João da Urtiga - RS,2012,4750.0,4750.0,9975.0,2100.0
4318424,São João da Urtiga - RS,2013,5000.0,5000.0,14400.0,2880.0
4318424,São João da Urtiga - RS,2014,6000.0,6000.0,19800.0,3300.0
4318424,São João da Urtiga - RS,2015,7000.0,7000.0,20160.0,2880.0
4318424,São João da Urtiga - RS,2016,6336.0,6336.0,20909.0,3300.0
4318424,São João da Urtiga - RS,2017,5860.0,5860.0,21096.0,3600.0
4318424,São João da Urtiga - RS,2018,6163.0,6163.0,22187.0,3600.0
4318424,São João da Urtiga - RS,2019,6263.0,6263.0,20668.0,3300.0
4318424,São João da Urtiga - RS,2020,6260.0,6260.0,13146.0,2100.0
4318424,São João da Urtiga - RS,2021,6100.0,6100.0,20130.0,3300.0
4318424,São João da Urtiga - RS,2022,6110.0,6110.0,10998.0,1800.0
4318424,São João da Urtiga - RS,2023,6380.0,6380.0,21692.0,3400.0
4318424,São João da Urtiga - RS,2024,6520.0,6270.0,18810.0,3000.0
4318424,São João da Urtiga - RS,2025,6760.0,6660.0,11988.0,1800.0
4318432,São João do Polêsine - RS,2000,250.0,250.0,450.0,1800.0
4318432,São João do Polêsine - RS,2001,200.0,200.0,520.0,2600.0
4318432,São João do Polêsine - RS,2002,250.0,250.0,525.0,2100.0
4318432,São João do Polêsine - RS,2003,250.0,250.0,525.0,2100.0
4318432,São João do Polêsine - RS,2004,250.0,250.0,375.0,1500.0
4318432,São João do Polêsine - RS,2005,300.0,300.0,75.0,250.0
4318432,São João do Polêsine - RS,2006,350.0,350.0,735.0,2100.0
4318432,São João do Polêsine - RS,2007,350.0,350.0,777.0,2220.0
4318432,São João do Polêsine - RS,2008,350.0,350.0,777.0,2220.0
4318432,São João do Polêsine - RS,2009,350.0,350.0,945.0,2700.0
4318432,São João do Polêsine - RS,2010,350.0,350.0,350.0,1000.0
4318432,São João do Polêsine - RS,2011,350.0,350.0,735.0,2100.0
4318432,São João do Polêsine - RS,2012,350.0,350.0,315.0,900.0
4318432,São João do Polêsine - RS,2013,350.0,350.0,882.0,2520.0
4318432,São João do Polêsine - RS,2014,450.0,450.0,1404.0,3120.0
4318432,São João do Polêsine - RS,2015,400.0,400.0,1080.0,2700.0
4318432,São João do Polêsine - RS,2016,400.0,400.0,1080.0,2700.0
4318432,São João do Polêsine - RS,2017,400.0,400.0,1320.0,3300.0
4318432,São João do Polêsine - RS,2018,450.0,450.0,1485.0,3300.0
4318432,São João do Polêsine - RS,2019,700.0,700.0,1960.0,2800.0
4318432,São João do Polêsine - RS,2020,700.0,700.0,504.0,720.0
4318432,São João do Polêsine - RS,2021,700.0,700.0,2100.0,3000.0
4318432,São João do Polêsine - RS,2022,700.0,700.0,1680.0,2400.0
4318432,São João do Polêsine - RS,2023,800.0,800.0,1680.0,2100.0
4318432,São João do Polêsine - RS,2024,700.0,550.0,1650.0,3000.0
4318432,São João do Polêsine - RS,2025,750.0,750.0,2250.0,3000.0
4318705,São Leopoldo - RS,2000,,,,
4318705,São Leopoldo - RS,2001,,,,
4318705,São Leopoldo - RS,2002,,,,
4318705,São Leopoldo - RS,2003,,,,
4318705,São Leopoldo - RS,2004,,,,
4318705,São Leopoldo - RS,2005,,,,
4318705,São Leopoldo - RS,2006,,,,
4318705,São Leopoldo - RS,2007,,,,
4318705,São Leopoldo - RS,2008,,,,
4318705,São Leopoldo - RS,2009,,,,
4318705,São Leopoldo - RS,2010,,,,
4318705,São Leopoldo - RS,2011,,,,
4318705,São Leopoldo - RS,2012,,,,
4318705,São Leopoldo - RS,2013,,,,
4318705,São Leopoldo - RS,2014,,,,
4318705,São Leopoldo - RS,2015,,,,
4318705,São Leopoldo - RS,2016,,,,
4318705,São Leopoldo - RS,2017,,,,
4318705,São Leopoldo - RS,2018,,,,
4318705,São Leopoldo - RS,2019,,,,
4318705,São Leopoldo - RS,2020,,,,
4318705,São Leopoldo - RS,2021,,,,
4318705,São Leopoldo - RS,2022,,,,
4318705,São Leopoldo - RS,2023,,,,
4318705,São Leopoldo - RS,2024,,,,
4318705,São Leopoldo - RS,2025,,,,
4318804,São Lourenço do Sul - RS,2000,3000.0,3000.0,3780.0,1260.0
4318804,São Lourenço do Sul - RS,2001,3000.0,3000.0,3600.0,1200.0
4318804,São Lourenço do Sul - RS,2002,4500.0,4500.0,7560.0,1680.0
4318804,São Lourenço do Sul - RS,2003,5000.0,5000.0,8000.0,1600.0
4318804,São Lourenço do Sul - RS,2004,7000.0,7000.0,8820.0,1260.0
4318804,São Lourenço do Sul - RS,2005,10000.0,9000.0,10494.0,1166.0
4318804,São Lourenço do Sul - RS,2006,9000.0,9000.0,16200.0,1800.0
4318804,São Lourenço do Sul - RS,2007,9000.0,9000.0,13230.0,1470.0
4318804,São Lourenço do Sul - RS,2008,9000.0,9000.0,18900.0,2100.0
4318804,São Lourenço do Sul - RS,2009,9000.0,9000.0,18900.0,2100.0
4318804,São Lourenço do Sul - RS,2010,8000.0,8000.0,13440.0,1680.0
4318804,São Lourenço do Sul - RS,2011,9000.0,9000.0,21600.0,2400.0
4318804,São Lourenço do Sul - RS,2012,10000.0,10000.0,22800.0,2280.0
4318804,São Lourenço do Sul - RS,2013,15000.0,15000.0,40500.0,2700.0
4318804,São Lourenço do Sul - RS,2014,16000.0,16000.0,48000.0,3000.0
4318804,São Lourenço do Sul - RS,2015,16000.0,16000.0,48000.0,3000.0
4318804,São Lourenço do Sul - RS,2016,20000.0,20000.0,18000.0,900.0
4318804,São Lourenço do Sul - RS,2017,25000.0,25000.0,81000.0,3240.0
4318804,São Lourenço do Sul - RS,2018,30000.0,30000.0,36000.0,1200.0
4318804,São Lourenço do Sul - RS,2019,40000.0,40000.0,120000.0,3000.0
4318804,São Lourenço do Sul - RS,2020,40000.0,40000.0,54000.0,1350.0
4318804,São Lourenço do Sul - RS,2021,46000.0,46000.0,151800.0,3300.0
4318804,São Lourenço do Sul - RS,2022,46000.0,46000.0,115920.0,2520.0
4318804,São Lourenço do Sul - RS,2023,50000.0,50000.0,110000.0,2200.0
4318804,São Lourenço do Sul - RS,2024,50000.0,25000.0,45000.0,1800.0
4318804,São Lourenço do Sul - RS,2025,50000.0,50000.0,144000.0,2880.0
4318903,São Luiz Gonzaga - RS,2000,48000.0,48000.0,47520.0,990.0
4318903,São Luiz Gonzaga - RS,2001,44000.0,44000.0,101640.0,2310.0
4318903,São Luiz Gonzaga - RS,2002,52000.0,52000.0,51480.0,990.0
4318903,São Luiz Gonzaga - RS,2003,54000.0,54000.0,134460.0,2490.0
4318903,São Luiz Gonzaga - RS,2004,60000.0,60000.0,34020.0,567.0
4318903,São Luiz Gonzaga - RS,2005,65000.0,65000.0,27300.0,420.0
4318903,São Luiz Gonzaga - RS,2006,60000.0,60000.0,81000.0,1350.0
4318903,São Luiz Gonzaga - RS,2007,57000.0,57000.0,143640.0,2520.0
4318903,São Luiz Gonzaga - RS,2008,57000.0,57000.0,109440.0,1920.0
4318903,São Luiz Gonzaga - RS,2009,54000.0,54000.0,87480.0,1620.0
4318903,São Luiz Gonzaga - RS,2010,57000.0,57000.0,147060.0,2580.0
4318903,São Luiz Gonzaga - RS,2011,60000.0,60000.0,162000.0,2700.0
4318903,São Luiz Gonzaga - RS,2012,63000.0,56700.0,17010.0,300.0
4318903,São Luiz Gonzaga - RS,2013,67500.0,67500.0,166130.0,2461.0
4318903,São Luiz Gonzaga - RS,2014,71500.0,71500.0,172017.0,2406.0
4318903,São Luiz Gonzaga - RS,2015,74000.0,74000.0,207200.0,2800.0
4318903,São Luiz Gonzaga - RS,2016,80500.0,80500.0,247978.0,3080.0
4318903,São Luiz Gonzaga - RS,2017,79500.0,79500.0,254999.0,3208.0
4318903,São Luiz Gonzaga - RS,2018,80650.0,80650.0,265634.0,3294.0
4318903,São Luiz Gonzaga - RS,2019,75500.0,75500.0,259055.0,3431.0
4318903,São Luiz Gonzaga - RS,2020,75650.0,75650.0,171154.0,2262.0
4318903,São Luiz Gonzaga - RS,2021,75650.0,75650.0,200831.0,2655.0
4318903,São Luiz Gonzaga - RS,2022,78800.0,78800.0,59768.0,758.0
4318903,São Luiz Gonzaga - RS,2023,82500.0,82500.0,71241.0,864.0
4318903,São Luiz Gonzaga - RS,2024,85500.0,85500.0,275877.0,3227.0
4318903,São Luiz Gonzaga - RS,2025,87000.0,87000.0,133896.0,1539.0
4319000,São Marcos - RS,2000,,,,
4319000,São Marcos - RS,2001,,,,
4319000,São Marcos - RS,2002,,,,
4319000,São Marcos - RS,2003,,,,
4319000,São Marcos - RS,2004,,,,
4319000,São Marcos - RS,2005,,,,
4319000,São Marcos - RS,2006,,,,
4319000,São Marcos - RS,2007,,,,
4319000,São Marcos - RS,2008,,,,
4319000,São Marcos - RS,2009,,,,
4319000,São Marcos - RS,2010,,,,
4319000,São Marcos - RS,2011,,,,
4319000,São Marcos - RS,2012,,,,
4319000,São Marcos - RS,2013,,,,
4319000,São Marcos - RS,2014,,,,
4319000,São Marcos - RS,2015,,,,
4319000,São Marcos - RS,2016,,,,
4319000,São Marcos - RS,2017,,,,
4319000,São Marcos - RS,2018,,,,
4319000,São Marcos - RS,2019,,,,
4319000,São Marcos - RS,2020,,,,
4319000,São Marcos - RS,2021,,,,
4319000,São Marcos - RS,2022,,,,
4319000,São Marcos - RS,2023,,,,
4319000,São Marcos - RS,2024,,,,
4319000,São Marcos - RS,2025,,,,
4319109,São Martinho - RS,2000,8500.0,8500.0,13897.0,1634.0
4319109,São Martinho - RS,2001,7800.0,7800.0,18720.0,2400.0
4319109,São Martinho - RS,2002,8500.0,8500.0,14025.0,1650.0
4319109,São Martinho - RS,2003,9500.0,9500.0,25650.0,2700.0
4319109,São Martinho - RS,2004,9500.0,9500.0,13680.0,1440.0
4319109,São Martinho - RS,2005,9500.0,9000.0,4860.0,540.0
4319109,São Martinho - RS,2006,8500.0,8500.0,17000.0,2000.0
4319109,São Martinho - RS,2007,8500.0,8500.0,22950.0,2700.0
4319109,São Martinho - RS,2008,8500.0,8500.0,17850.0,2100.0
4319109,São Martinho - RS,2009,8500.0,8500.0,17850.0,2100.0
4319109,São Martinho - RS,2010,9000.0,9000.0,21600.0,2400.0
4319109,São Martinho - RS,2011,9000.0,9000.0,28080.0,3120.0
4319109,São Martinho - RS,2012,9000.0,9000.0,7560.0,840.0
4319109,São Martinho - RS,2013,9000.0,9000.0,27000.0,3000.0
4319109,São Martinho - RS,2014,9000.0,9000.0,24300.0,2700.0
4319109,São Martinho - RS,2015,9000.0,9000.0,27000.0,3000.0
4319109,São Martinho - RS,2016,11000.0,11000.0,36300.0,3300.0
4319109,São Martinho - RS,2017,11000.0,11000.0,37620.0,3420.0
4319109,São Martinho - RS,2018,11600.0,11600.0,38976.0,3360.0
4319109,São Martinho - RS,2019,11600.0,11600.0,39208.0,3380.0
4319109,São Martinho - RS,2020,11600.0,11600.0,39208.0,3380.0
4319109,São Martinho - RS,2021,11600.0,11600.0,39208.0,3380.0
4319109,São Martinho - RS,2022,11750.0,11750.0,10575.0,900.0
4319109,São Martinho - RS,2023,11750.0,11750.0,23970.0,2040.0
4319109,São Martinho - RS,2024,12100.0,12100.0,39930.0,3300.0
4319109,São Martinho - RS,2025,12100.0,12100.0,21780.0,1800.0
4319125,São Martinho da Serra - RS,2000,5000.0,5000.0,9600.0,1920.0
4319125,São Martinho da Serra - RS,2001,7500.0,7500.0,21150.0,2820.0
4319125,São Martinho da Serra - RS,2002,10500.0,10500.0,25169.0,2397.0
4319125,São Martinho da Serra - RS,2003,12000.0,12000.0,34560.0,2880.0
4319125,São Martinho da Serra - RS,2004,20000.0,20000.0,42000.0,2100.0
4319125,São Martinho da Serra - RS,2005,25000.0,25000.0,22500.0,900.0
4319125,São Martinho da Serra - RS,2006,20000.0,20000.0,51840.0,2592.0
4319125,São Martinho da Serra - RS,2007,20000.0,20000.0,62400.0,3120.0
4319125,São Martinho da Serra - RS,2008,20000.0,20000.0,57400.0,2870.0
4319125,São Martinho da Serra - RS,2009,20500.0,20500.0,51168.0,2496.0
4319125,São Martinho da Serra - RS,2010,24100.0,24100.0,61648.0,2558.0
4319125,São Martinho da Serra - RS,2011,25000.0,25000.0,70200.0,2808.0
4319125,São Martinho da Serra - RS,2012,25500.0,25500.0,55692.0,2184.0
4319125,São Martinho da Serra - RS,2013,27500.0,27500.0,92648.0,3369.0
4319125,São Martinho da Serra - RS,2014,29500.0,29500.0,97440.0,3303.0
4319125,São Martinho da Serra - RS,2015,30000.0,30000.0,102631.0,3421.0
4319125,São Martinho da Serra - RS,2016,31000.0,31000.0,102384.0,3303.0
4319125,São Martinho da Serra - RS,2017,30980.0,30980.0,111666.0,3604.0
4319125,São Martinho da Serra - RS,2018,31360.0,31360.0,113112.0,3607.0
4319125,São Martinho da Serra - RS,2019,31510.0,31510.0,109806.0,3485.0
4319125,São Martinho da Serra - RS,2020,31510.0,31510.0,56025.0,1778.0
4319125,São Martinho da Serra - RS,2021,31800.0,31800.0,114840.0,3611.0
4319125,São Martinho da Serra - RS,2022,32200.0,30700.0,64890.0,2114.0
4319125,São Martinho da Serra - RS,2023,35300.0,35300.0,71080.0,2014.0
4319125,São Martinho da Serra - RS,2024,35500.0,35500.0,106950.0,3013.0
4319125,São Martinho da Serra - RS,2025,36500.0,36500.0,62830.0,1721.0
4319158,São Miguel das Missões - RS,2000,48000.0,48000.0,43200.0,900.0
4319158,São Miguel das Missões - RS,2001,40500.0,40500.0,85050.0,2100.0
4319158,São Miguel das Missões - RS,2002,43000.0,43000.0,41280.0,960.0
4319158,São Miguel das Missões - RS,2003,45200.0,45200.0,129272.0,2860.0
4319158,São Miguel das Missões - RS,2004,48000.0,48000.0,34560.0,720.0
4319158,São Miguel das Missões - RS,2005,55000.0,52500.0,33600.0,640.0
4319158,São Miguel das Missões - RS,2006,59000.0,59000.0,79060.0,1340.0
4319158,São Miguel das Missões - RS,2007,57000.0,57000.0,147060.0,2580.0
4319158,São Miguel das Missões - RS,2008,57000.0,57000.0,102600.0,1800.0
4319158,São Miguel das Missões - RS,2009,63000.0,63000.0,118440.0,1880.0
4319158,São Miguel das Missões - RS,2010,63000.0,63000.0,170100.0,2700.0
4319158,São Miguel das Missões - RS,2011,65000.0,65000.0,175500.0,2700.0
4319158,São Miguel das Missões - RS,2012,65000.0,49000.0,11760.0,240.0
4319158,São Miguel das Missões - RS,2013,67000.0,67000.0,180900.0,2700.0
4319158,São Miguel das Missões - RS,2014,69500.0,69500.0,175830.0,2530.0
4319158,São Miguel das Missões - RS,2015,71700.0,71700.0,206496.0,2880.0
4319158,São Miguel das Missões - RS,2016,73500.0,73500.0,223800.0,3045.0
4319158,São Miguel das Missões - RS,2017,75000.0,75000.0,252000.0,3360.0
4319158,São Miguel das Missões - RS,2018,76000.0,76000.0,252600.0,3324.0
4319158,São Miguel das Missões - RS,2019,74000.0,74000.0,241560.0,3264.0
4319158,São Miguel das Missões - RS,2020,74000.0,74000.0,110160.0,1489.0
4319158,São Miguel das Missões - RS,2021,70000.0,70000.0,228372.0,3262.0
4319158,São Miguel das Missões - RS,2022,71500.0,71500.0,39067.0,546.0
4319158,São Miguel das Missões - RS,2023,72000.0,72000.0,48807.0,678.0
4319158,São Miguel das Missões - RS,2024,74200.0,74200.0,238262.0,3211.0
4319158,São Miguel das Missões - RS,2025,76200.0,76200.0,132126.0,1734.0
4319208,São Nicolau - RS,2000,8500.0,8500.0,7650.0,900.0
4319208,São Nicolau - RS,2001,8000.0,8000.0,15360.0,1920.0
4319208,São Nicolau - RS,2002,8000.0,8000.0,8640.0,1080.0
4319208,São Nicolau - RS,2003,9000.0,9000.0,18900.0,2100.0
4319208,São Nicolau - RS,2004,10000.0,8000.0,3360.0,420.0
4319208,São Nicolau - RS,2005,11000.0,9000.0,4590.0,510.0
4319208,São Nicolau - RS,2006,9000.0,9000.0,8640.0,960.0
4319208,São Nicolau - RS,2007,9000.0,9000.0,17280.0,1920.0
4319208,São Nicolau - RS,2008,8800.0,8800.0,11088.0,1260.0
4319208,São Nicolau - RS,2009,9000.0,9000.0,10800.0,1200.0
4319208,São Nicolau - RS,2010,9000.0,9000.0,22680.0,2520.0
4319208,São Nicolau - RS,2011,9250.0,9250.0,22200.0,2400.0
4319208,São Nicolau - RS,2012,9750.0,9750.0,10530.0,1080.0
4319208,São Nicolau - RS,2013,10000.0,10000.0,25200.0,2520.0
4319208,São Nicolau - RS,2014,11000.0,11000.0,23100.0,2100.0
4319208,São Nicolau - RS,2015,13900.0,13900.0,38178.0,2747.0
4319208,São Nicolau - RS,2016,14701.0,14701.0,43017.0,2926.0
4319208,São Nicolau - RS,2017,15500.0,15500.0,47520.0,3066.0
4319208,São Nicolau - RS,2018,16700.0,16700.0,49290.0,2951.0
4319208,São Nicolau - RS,2019,16800.0,16800.0,58440.0,3479.0
4319208,São Nicolau - RS,2020,17100.0,17100.0,43875.0,2566.0
4319208,São Nicolau - RS,2021,18100.0,18100.0,43980.0,2430.0
4319208,São Nicolau - RS,2022,18600.0,18600.0,15000.0,806.0
4319208,São Nicolau - RS,2023,18600.0,18600.0,20448.0,1099.0
4319208,São Nicolau - RS,2024,20135.0,20135.0,73336.0,3642.0
4319208,São Nicolau - RS,2025,20135.0,20135.0,28826.0,1432.0
4319307,São Paulo das Missões - RS,2000,4500.0,4500.0,3780.0,840.0
4319307,São Paulo das Missões - RS,2001,4000.0,4000.0,7200.0,1800.0
4319307,São Paulo das Missões - RS,2002,4400.0,4400.0,5280.0,1200.0
4319307,São Paulo das Missões - RS,2003,4800.0,4800.0,10080.0,2100.0
4319307,São Paulo das Missões - RS,2004,6000.0,5700.0,4104.0,720.0
4319307,São Paulo das Missões - RS,2005,6000.0,2500.0,750.0,300.0
4319307,São Paulo das Missões - RS,2006,5500.0,5500.0,6875.0,1250.0
4319307,São Paulo das Missões - RS,2007,5500.0,5500.0,13200.0,2400.0
4319307,São Paulo das Missões - RS,2008,5000.0,5000.0,6000.0,1200.0
4319307,São Paulo das Missões - RS,2009,4500.0,4500.0,6750.0,1500.0
4319307,São Paulo das Missões - RS,2010,4500.0,4500.0,9450.0,2100.0
4319307,São Paulo das Missões - RS,2011,4500.0,4500.0,10800.0,2400.0
4319307,São Paulo das Missões - RS,2012,4500.0,4500.0,4950.0,1100.0
4319307,São Paulo das Missões - RS,2013,4500.0,4500.0,8550.0,1900.0
4319307,São Paulo das Missões - RS,2014,4500.0,4500.0,8100.0,1800.0
4319307,São Paulo das Missões - RS,2015,4500.0,4500.0,12150.0,2700.0
4319307,São Paulo das Missões - RS,2016,4500.0,4500.0,13950.0,3100.0
4319307,São Paulo das Missões - RS,2017,4500.0,4500.0,15390.0,3420.0
4319307,São Paulo das Missões - RS,2018,4500.0,4500.0,11340.0,2520.0
4319307,São Paulo das Missões - RS,2019,3500.0,3500.0,11550.0,3300.0
4319307,São Paulo das Missões - RS,2020,3500.0,3500.0,8400.0,2400.0
4319307,São Paulo das Missões - RS,2021,3600.0,3600.0,9720.0,2700.0
4319307,São Paulo das Missões - RS,2022,3800.0,3500.0,2100.0,600.0
4319307,São Paulo das Missões - RS,2023,3650.0,3650.0,2373.0,650.0
4319307,São Paulo das Missões - RS,2024,3800.0,3800.0,10260.0,2700.0
4319307,São Paulo das Missões - RS,2025,4000.0,4000.0,4800.0,1200.0
4319356,São Pedro da Serra - RS,2000,,,,
4319356,São Pedro da Serra - RS,2001,,,,
4319356,São Pedro da Serra - RS,2002,,,,
4319356,São Pedro da Serra - RS,2003,,,,
4319356,São Pedro da Serra - RS,2004,,,,
4319356,São Pedro da Serra - RS,2005,,,,
4319356,São Pedro da Serra - RS,2006,,,,
4319356,São Pedro da Serra - RS,2007,,,,
4319356,São Pedro da Serra - RS,2008,,,,
4319356,São Pedro da Serra - RS,2009,,,,
4319356,São Pedro da Serra - RS,2010,,,,
4319356,São Pedro da Serra - RS,2011,,,,
4319356,São Pedro da Serra - RS,2012,,,,
4319356,São Pedro da Serra - RS,2013,,,,
4319356,São Pedro da Serra - RS,2014,,,,
4319356,São Pedro da Serra - RS,2015,,,,
4319356,São Pedro da Serra - RS,2016,,,,
4319356,São Pedro da Serra - RS,2017,,,,
4319356,São Pedro da Serra - RS,2018,,,,
4319356,São Pedro da Serra - RS,2019,,,,
4319356,São Pedro da Serra - RS,2020,,,,
4319356,São Pedro da Serra - RS,2021,,,,
4319356,São Pedro da Serra - RS,2022,,,,
4319356,São Pedro da Serra - RS,2023,,,,
4319356,São Pedro da Serra - RS,2024,,,,
4319356,São Pedro da Serra - RS,2025,,,,
4319364,São Pedro das Missões - RS,2000,,,,
4319364,São Pedro das Missões - RS,2001,2000.0,2000.0,4000.0,2000.0
4319364,São Pedro das Missões - RS,2002,4000.0,4000.0,4080.0,1020.0
4319364,São Pedro das Missões - RS,2003,4000.0,4000.0,7200.0,1800.0
4319364,São Pedro das Missões - RS,2004,5000.0,5000.0,7000.0,1400.0
4319364,São Pedro das Missões - RS,2005,4500.0,4500.0,1620.0,360.0
4319364,São Pedro das Missões - RS,2006,4500.0,4500.0,9720.0,2160.0
4319364,São Pedro das Missões - RS,2007,4800.0,4800.0,14400.0,3000.0
4319364,São Pedro das Missões - RS,2008,4500.0,4500.0,10800.0,2400.0
4319364,São Pedro das Missões - RS,2009,4500.0,4500.0,10260.0,2280.0
4319364,São Pedro das Missões - RS,2010,4500.0,4500.0,10800.0,2400.0
4319364,São Pedro das Missões - RS,2011,4500.0,4500.0,12150.0,2700.0
4319364,São Pedro das Missões - RS,2012,4600.0,4600.0,9660.0,2100.0
4319364,São Pedro das Missões - RS,2013,4600.0,4600.0,11730.0,2550.0
4319364,São Pedro das Missões - RS,2014,4800.0,4800.0,14400.0,3000.0
4319364,São Pedro das Missões - RS,2015,5000.0,5000.0,16500.0,3300.0
4319364,São Pedro das Missões - RS,2016,5000.0,5000.0,15000.0,3000.0
4319364,São Pedro das Missões - RS,2017,5000.0,5000.0,18000.0,3600.0
4319364,São Pedro das Missões - RS,2018,5500.0,5500.0,17600.0,3200.0
4319364,São Pedro das Missões - RS,2019,5500.0,5500.0,19250.0,3500.0
4319364,São Pedro das Missões - RS,2020,5500.0,5500.0,18150.0,3300.0
4319364,São Pedro das Missões - RS,2021,5500.0,5500.0,19800.0,3600.0
4319364,São Pedro das Missões - RS,2022,5500.0,5500.0,12000.0,2182.0
4319364,São Pedro das Missões - RS,2023,5500.0,5500.0,8250.0,1500.0
4319364,São Pedro das Missões - RS,2024,5500.0,5500.0,19800.0,3600.0
4319364,São Pedro das Missões - RS,2025,5600.0,5600.0,13440.0,2400.0
4319372,São Pedro do Butiá - RS,2000,4700.0,4700.0,4230.0,900.0
4319372,São Pedro do Butiá - RS,2001,4800.0,4800.0,10080.0,2100.0
4319372,São Pedro do Butiá - RS,2002,5100.0,5100.0,5508.0,1080.0
4319372,São Pedro do Butiá - RS,2003,5200.0,5200.0,13104.0,2520.0
4319372,São Pedro do Butiá - RS,2004,5500.0,5350.0,3852.0,720.0
4319372,São Pedro do Butiá - RS,2005,5200.0,4500.0,1472.0,327.0
4319372,São Pedro do Butiá - RS,2006,4000.0,4000.0,5280.0,1320.0
4319372,São Pedro do Butiá - RS,2007,3500.0,3500.0,7350.0,2100.0
4319372,São Pedro do Butiá - RS,2008,3000.0,3000.0,5040.0,1680.0
4319372,São Pedro do Butiá - RS,2009,2250.0,2250.0,3375.0,1500.0
4319372,São Pedro do Butiá - RS,2010,3000.0,3000.0,8100.0,2700.0
4319372,São Pedro do Butiá - RS,2011,3300.0,3300.0,9504.0,2880.0
4319372,São Pedro do Butiá - RS,2012,3300.0,3300.0,2970.0,900.0
4319372,São Pedro do Butiá - RS,2013,3500.0,3500.0,7350.0,2100.0
4319372,São Pedro do Butiá - RS,2014,3500.0,3500.0,8820.0,2520.0
4319372,São Pedro do Butiá - RS,2015,3800.0,3800.0,11400.0,3000.0
4319372,São Pedro do Butiá - RS,2016,4200.0,4200.0,13860.0,3300.0
4319372,São Pedro do Butiá - RS,2017,4000.0,4000.0,14400.0,3600.0
4319372,São Pedro do Butiá - RS,2018,4200.0,4200.0,15120.0,3600.0
4319372,São Pedro do Butiá - RS,2019,4000.0,4000.0,15600.0,3900.0
4319372,São Pedro do Butiá - RS,2020,4000.0,4000.0,10320.0,2580.0
4319372,São Pedro do Butiá - RS,2021,4200.0,4200.0,13356.0,3180.0
4319372,São Pedro do Butiá - RS,2022,4400.0,4400.0,1320.0,300.0
4319372,São Pedro do Butiá - RS,2023,4520.0,4520.0,3936.0,871.0
4319372,São Pedro do Butiá - RS,2024,4520.0,4520.0,16272.0,3600.0
4319372,São Pedro do Butiá - RS,2025,4520.0,4520.0,5076.0,1123.0
4319406,São Pedro do Sul - RS,2000,700.0,700.0,1050.0,1500.0
4319406,São Pedro do Sul - RS,2001,700.0,700.0,1470.0,2100.0
4319406,São Pedro do Sul - RS,2002,1000.0,1000.0,1700.0,1700.0
4319406,São Pedro do Sul - RS,2003,1250.0,1250.0,2625.0,2100.0
4319406,São Pedro do Sul - RS,2004,2000.0,2000.0,3120.0,1560.0
4319406,São Pedro do Sul - RS,2005,3000.0,3000.0,3600.0,1200.0
4319406,São Pedro do Sul - RS,2006,3000.0,3000.0,5760.0,1920.0
4319406,São Pedro do Sul - RS,2007,3000.0,3000.0,4860.0,1620.0
4319406,São Pedro do Sul - RS,2008,4000.0,4000.0,8400.0,2100.0
4319406,São Pedro do Sul - RS,2009,4000.0,4000.0,9600.0,2400.0
4319406,São Pedro do Sul - RS,2010,4000.0,3400.0,8160.0,2400.0
4319406,São Pedro do Sul - RS,2011,4000.0,4000.0,10800.0,2700.0
4319406,São Pedro do Sul - RS,2012,3500.0,3500.0,5880.0,1680.0
4319406,São Pedro do Sul - RS,2013,5500.0,5500.0,13860.0,2520.0
4319406,São Pedro do Sul - RS,2014,7000.0,7000.0,16800.0,2400.0
4319406,São Pedro do Sul - RS,2015,8100.0,8100.0,25758.0,3180.0
4319406,São Pedro do Sul - RS,2016,8650.0,8650.0,26040.0,3010.0
4319406,São Pedro do Sul - RS,2017,10650.0,10650.0,35784.0,3360.0
4319406,São Pedro do Sul - RS,2018,13000.0,13000.0,39951.0,3073.0
4319406,São Pedro do Sul - RS,2019,15400.0,15350.0,44608.0,2906.0
4319406,São Pedro do Sul - RS,2020,16130.0,16130.0,28689.0,1779.0
4319406,São Pedro do Sul - RS,2021,16200.0,16200.0,48600.0,3000.0
4319406,São Pedro do Sul - RS,2022,20000.0,20000.0,14956.0,748.0
4319406,São Pedro do Sul - RS,2023,20000.0,20000.0,30480.0,1524.0
4319406,São Pedro do Sul - RS,2024,20000.0,19400.0,46920.0,2419.0
4319406,São Pedro do Sul - RS,2025,22200.0,22200.0,20400.0,919.0
4319505,São Sebastião do Caí - RS,2000,,,,
4319505,São Sebastião do Caí - RS,2001,,,,
4319505,São Sebastião do Caí - RS,2002,,,,
4319505,São Sebastião do Caí - RS,2003,,,,
4319505,São Sebastião do Caí - RS,2004,,,,
4319505,São Sebastião do Caí - RS,2005,,,,
4319505,São Sebastião do Caí - RS,2006,,,,
4319505,São Sebastião do Caí - RS,2007,,,,
4319505,São Sebastião do Caí - RS,2008,,,,
4319505,São Sebastião do Caí - RS,2009,,,,
4319505,São Sebastião do Caí - RS,2010,,,,
4319505,São Sebastião do Caí - RS,2011,,,,
4319505,São Sebastião do Caí - RS,2012,,,,
4319505,São Sebastião do Caí - RS,2013,,,,
4319505,São Sebastião do Caí - RS,2014,,,,
4319505,São Sebastião do Caí - RS,2015,,,,
4319505,São Sebastião do Caí - RS,2016,,,,
4319505,São Sebastião do Caí - RS,2017,,,,
4319505,São Sebastião do Caí - RS,2018,,,,
4319505,São Sebastião do Caí - RS,2019,,,,
4319505,São Sebastião do Caí - RS,2020,,,,
4319505,São Sebastião do Caí - RS,2021,,,,
4319505,São Sebastião do Caí - RS,2022,,,,
4319505,São Sebastião do Caí - RS,2023,,,,
4319505,São Sebastião do Caí - RS,2024,,,,
4319505,São Sebastião do Caí - RS,2025,,,,
4319604,São Sepé - RS,2000,8000.0,8000.0,12480.0,1560.0
4319604,São Sepé - RS,2001,9000.0,9000.0,17820.0,1980.0
4319604,São Sepé - RS,2002,17000.0,17000.0,33660.0,1980.0
4319604,São Sepé - RS,2003,30000.0,30000.0,63000.0,2100.0
4319604,São Sepé - RS,2004,37500.0,37500.0,39375.0,1050.0
4319604,São Sepé - RS,2005,37500.0,37500.0,27000.0,720.0
4319604,São Sepé - RS,2006,31000.0,31000.0,35805.0,1155.0
4319604,São Sepé - RS,2007,24000.0,24000.0,50400.0,2100.0
4319604,São Sepé - RS,2008,26000.0,26000.0,49920.0,1920.0
4319604,São Sepé - RS,2009,26000.0,26000.0,57720.0,2220.0
4319604,São Sepé - RS,2010,27000.0,27000.0,56700.0,2100.0
4319604,São Sepé - RS,2011,27000.0,27000.0,64800.0,2400.0
4319604,São Sepé - RS,2012,35000.0,35000.0,50400.0,1440.0
4319604,São Sepé - RS,2013,45000.0,45000.0,108000.0,2400.0
4319604,São Sepé - RS,2014,50000.0,50000.0,150000.0,3000.0
4319604,São Sepé - RS,2015,55000.0,55000.0,149250.0,2714.0
4319604,São Sepé - RS,2016,55000.0,55000.0,148800.0,2705.0
4319604,São Sepé - RS,2017,60350.0,60350.0,199470.0,3305.0
4319604,São Sepé - RS,2018,62350.0,62350.0,113070.0,1813.0
4319604,São Sepé - RS,2019,65000.0,64800.0,195065.0,3010.0
4319604,São Sepé - RS,2020,67000.0,67000.0,81083.0,1210.0
4319604,São Sepé - RS,2021,67000.0,67000.0,214855.0,3207.0
4319604,São Sepé - RS,2022,70500.0,55500.0,41400.0,746.0
4319604,São Sepé - RS,2023,73400.0,73400.0,110820.0,1510.0
4319604,São Sepé - RS,2024,73500.0,71700.0,151020.0,2106.0
4319604,São Sepé - RS,2025,75200.0,75200.0,99600.0,1324.0
4319703,São Valentim - RS,2000,1600.0,1600.0,2400.0,1500.0
4319703,São Valentim - RS,2001,1000.0,1000.0,3000.0,3000.0
4319703,São Valentim - RS,2002,1500.0,1500.0,1500.0,1000.0
4319703,São Valentim - RS,2003,2000.0,2000.0,5400.0,2700.0
4319703,São Valentim - RS,2004,2400.0,2350.0,3525.0,1500.0
4319703,São Valentim - RS,2005,3100.0,3100.0,1860.0,600.0
4319703,São Valentim - RS,2006,2400.0,2400.0,6720.0,2800.0
4319703,São Valentim - RS,2007,2700.0,2700.0,7560.0,2800.0
4319703,São Valentim - RS,2008,2500.0,2500.0,6160.0,2464.0
4319703,São Valentim - RS,2009,3000.0,3000.0,2100.0,700.0
4319703,São Valentim - RS,2010,2500.0,2500.0,8250.0,3300.0
4319703,São Valentim - RS,2011,2500.0,2500.0,7500.0,3000.0
4319703,São Valentim - RS,2012,2500.0,2500.0,4500.0,1800.0
4319703,São Valentim - RS,2013,2500.0,2500.0,6703.0,2681.0
4319703,São Valentim - RS,2014,2700.0,2700.0,7128.0,2640.0
4319703,São Valentim - RS,2015,3000.0,3000.0,7500.0,2500.0
4319703,São Valentim - RS,2016,3200.0,3200.0,10560.0,3300.0
4319703,São Valentim - RS,2017,3200.0,3200.0,10560.0,3300.0
4319703,São Valentim - RS,2018,3400.0,3400.0,11220.0,3300.0
4319703,São Valentim - RS,2019,3400.0,3400.0,12240.0,3600.0
4319703,São Valentim - RS,2020,3500.0,3500.0,8050.0,2300.0
4319703,São Valentim - RS,2021,3500.0,3500.0,11368.0,3248.0
4319703,São Valentim - RS,2022,3600.0,3600.0,5832.0,1620.0
4319703,São Valentim - RS,2023,3600.0,3600.0,8554.0,2376.0
4319703,São Valentim - RS,2024,3900.0,3900.0,12870.0,3300.0
4319703,São Valentim - RS,2025,4050.0,4050.0,8019.0,1980.0
4319711,São Valentim do Sul - RS,2000,40.0,40.0,96.0,2400.0
4319711,São Valentim do Sul - RS,2001,52.0,52.0,125.0,2403.0
4319711,São Valentim do Sul - RS,2002,75.0,75.0,203.0,2706.0
4319711,São Valentim do Sul - RS,2003,130.0,130.0,351.0,2700.0
4319711,São Valentim do Sul - RS,2004,180.0,180.0,219.0,1216.0
4319711,São Valentim do Sul - RS,2005,200.0,200.0,162.0,810.0
4319711,São Valentim do Sul - RS,2006,150.0,150.0,225.0,1500.0
4319711,São Valentim do Sul - RS,2007,180.0,180.0,486.0,2700.0
4319711,São Valentim do Sul - RS,2008,180.0,180.0,324.0,1800.0
4319711,São Valentim do Sul - RS,2009,180.0,180.0,360.0,2000.0
4319711,São Valentim do Sul - RS,2010,250.0,250.0,900.0,3600.0
4319711,São Valentim do Sul - RS,2011,320.0,320.0,1152.0,3600.0
4319711,São Valentim do Sul - RS,2012,600.0,600.0,1440.0,2400.0
4319711,São Valentim do Sul - RS,2013,600.0,600.0,2160.0,3600.0
4319711,São Valentim do Sul - RS,2014,700.0,700.0,2310.0,3300.0
4319711,São Valentim do Sul - RS,2015,800.0,800.0,2640.0,3300.0
4319711,São Valentim do Sul - RS,2016,850.0,850.0,3060.0,3600.0
4319711,São Valentim do Sul - RS,2017,880.0,880.0,3432.0,3900.0
4319711,São Valentim do Sul - RS,2018,950.0,950.0,3895.0,4100.0
4319711,São Valentim do Sul - RS,2019,850.0,850.0,3315.0,3900.0
4319711,São Valentim do Sul - RS,2020,800.0,800.0,2160.0,2700.0
4319711,São Valentim do Sul - RS,2021,930.0,930.0,3627.0,3900.0
4319711,São Valentim do Sul - RS,2022,1020.0,1020.0,1989.0,1950.0
4319711,São Valentim do Sul - RS,2023,1000.0,1000.0,3000.0,3000.0
4319711,São Valentim do Sul - RS,2024,1000.0,1000.0,3195.0,3195.0
4319711,São Valentim do Sul - RS,2025,1000.0,1000.0,3600.0,3600.0
4319737,São Valério do Sul - RS,2000,6100.0,6100.0,11712.0,1920.0
4319737,São Valério do Sul - RS,2001,5900.0,5900.0,13452.0,2280.0
4319737,São Valério do Sul - RS,2002,6300.0,6300.0,9450.0,1500.0
4319737,São Valério do Sul - RS,2003,6650.0,6650.0,17955.0,2700.0
4319737,São Valério do Sul - RS,2004,6800.0,6800.0,8976.0,1320.0
4319737,São Valério do Sul - RS,2005,6800.0,5800.0,2088.0,360.0
4319737,São Valério do Sul - RS,2006,6300.0,6300.0,6048.0,960.0
4319737,São Valério do Sul - RS,2007,5800.0,5800.0,17400.0,3000.0
4319737,São Valério do Sul - RS,2008,5800.0,5800.0,10440.0,1800.0
4319737,São Valério do Sul - RS,2009,5800.0,5800.0,12180.0,2100.0
4319737,São Valério do Sul - RS,2010,5800.0,5800.0,15660.0,2700.0
4319737,São Valério do Sul - RS,2011,5800.0,5800.0,18096.0,3120.0
4319737,São Valério do Sul - RS,2012,6150.0,6150.0,6642.0,1080.0
4319737,São Valério do Sul - RS,2013,6400.0,6400.0,19200.0,3000.0
4319737,São Valério do Sul - RS,2014,6400.0,6400.0,17280.0,2700.0
4319737,São Valério do Sul - RS,2015,6600.0,6600.0,20988.0,3180.0
4319737,São Valério do Sul - RS,2016,7350.0,7350.0,25505.0,3470.0
4319737,São Valério do Sul - RS,2017,7150.0,7150.0,25650.0,3587.0
4319737,São Valério do Sul - RS,2018,5525.0,5525.0,18255.0,3304.0
4319737,São Valério do Sul - RS,2019,5550.0,5550.0,19290.0,3476.0
4319737,São Valério do Sul - RS,2020,5100.0,5100.0,14076.0,2760.0
4319737,São Valério do Sul - RS,2021,5100.0,5100.0,18360.0,3600.0
4319737,São Valério do Sul - RS,2022,5130.0,5130.0,3762.0,733.0
4319737,São Valério do Sul - RS,2023,5764.0,5764.0,12542.0,2176.0
4319737,São Valério do Sul - RS,2024,5832.0,5832.0,19642.0,3368.0
4319737,São Valério do Sul - RS,2025,5844.0,5844.0,11322.0,1937.0
4319752,São Vendelino - RS,2000,,,,
4319752,São Vendelino - RS,2001,,,,
4319752,São Vendelino - RS,2002,,,,
4319752,São Vendelino - RS,2003,,,,
4319752,São Vendelino - RS,2004,,,,
4319752,São Vendelino - RS,2005,,,,
4319752,São Vendelino - RS,2006,,,,
4319752,São Vendelino - RS,2007,,,,
4319752,São Vendelino - RS,2008,,,,
4319752,São Vendelino - RS,2009,,,,
4319752,São Vendelino - RS,2010,,,,
4319752,São Vendelino - RS,2011,,,,
4319752,São Vendelino - RS,2012,,,,
4319752,São Vendelino - RS,2013,,,,
4319752,São Vendelino - RS,2014,,,,
4319752,São Vendelino - RS,2015,,,,
4319752,São Vendelino - RS,2016,,,,
4319752,São Vendelino - RS,2017,,,,
4319752,São Vendelino - RS,2018,,,,
4319752,São Vendelino - RS,2019,,,,
4319752,São Vendelino - RS,2020,,,,
4319752,São Vendelino - RS,2021,,,,
4319752,São Vendelino - RS,2022,,,,
4319752,São Vendelino - RS,2023,,,,
4319752,São Vendelino - RS,2024,,,,
4319752,São Vendelino - RS,2025,,,,
4319802,São Vicente do Sul - RS,2000,800.0,800.0,960.0,1200.0
4319802,São Vicente do Sul - RS,2001,1500.0,1500.0,2550.0,1700.0
4319802,São Vicente do Sul - RS,2002,2500.0,2500.0,4500.0,1800.0
4319802,São Vicente do Sul - RS,2003,3500.0,3500.0,7350.0,2100.0
4319802,São Vicente do Sul - RS,2004,8000.0,8000.0,11520.0,1440.0
4319802,São Vicente do Sul - RS,2005,10000.0,10000.0,9800.0,980.0
4319802,São Vicente do Sul - RS,2006,9000.0,9000.0,14400.0,1600.0
4319802,São Vicente do Sul - RS,2007,9000.0,9000.0,16200.0,1800.0
4319802,São Vicente do Sul - RS,2008,9000.0,9000.0,12600.0,1400.0
4319802,São Vicente do Sul - RS,2009,9500.0,9500.0,17100.0,1800.0
4319802,São Vicente do Sul - RS,2010,9500.0,9500.0,16150.0,1700.0
4319802,São Vicente do Sul - RS,2011,9800.0,9800.0,19600.0,2000.0
4319802,São Vicente do Sul - RS,2012,11500.0,11500.0,16905.0,1470.0
4319802,São Vicente do Sul - RS,2013,16500.0,16500.0,41250.0,2500.0
4319802,São Vicente do Sul - RS,2014,22000.0,22000.0,52800.0,2400.0
4319802,São Vicente do Sul - RS,2015,25000.0,25000.0,60000.0,2400.0
4319802,São Vicente do Sul - RS,2016,26000.0,26000.0,50440.0,1940.0
4319802,São Vicente do Sul - RS,2017,27000.0,26880.0,64512.0,2400.0
4319802,São Vicente do Sul - RS,2018,28000.0,28000.0,82320.0,2940.0
4319802,São Vicente do Sul - RS,2019,29000.0,29000.0,69600.0,2400.0
4319802,São Vicente do Sul - RS,2020,30000.0,30000.0,48000.0,1600.0
4319802,São Vicente do Sul - RS,2021,33000.0,33000.0,91080.0,2760.0
4319802,São Vicente do Sul - RS,2022,38000.0,38000.0,61560.0,1620.0
4319802,São Vicente do Sul - RS,2023,39000.0,39000.0,65520.0,1680.0
4319802,São Vicente do Sul - RS,2024,35000.0,34100.0,67518.0,1980.0
4319802,São Vicente do Sul - RS,2025,37100.0,37100.0,55650.0,1500.0
4320453,Sério - RS,2000,10.0,10.0,18.0,1800.0
4320453,Sério - RS,2001,10.0,10.0,18.0,1800.0
4320453,Sério - RS,2002,7.0,7.0,13.0,1857.0
4320453,Sério - RS,2003,7.0,7.0,13.0,1857.0
4320453,Sério - RS,2004,7.0,7.0,13.0,1857.0
4320453,Sério - RS,2005,15.0,15.0,14.0,933.0
4320453,Sério - RS,2006,15.0,15.0,24.0,1600.0
4320453,Sério - RS,2007,15.0,15.0,24.0,1600.0
4320453,Sério - RS,2008,10.0,10.0,16.0,1600.0
4320453,Sério - RS,2009,10.0,10.0,19.0,1900.0
4320453,Sério - RS,2010,3.0,3.0,6.0,2000.0
4320453,Sério - RS,2011,2.0,2.0,4.0,2000.0
4320453,Sério - RS,2012,2.0,2.0,4.0,2000.0
4320453,Sério - RS,2013,2.0,2.0,4.0,2000.0
4320453,Sério - RS,2014,2.0,2.0,4.0,2000.0
4320453,Sério - RS,2015,,,,
4320453,Sério - RS,2016,,,,
4320453,Sério - RS,2017,6.0,6.0,22.0,3667.0
4320453,Sério - RS,2018,6.0,6.0,21.0,3500.0
4320453,Sério - RS,2019,6.0,6.0,21.0,3500.0
4320453,Sério - RS,2020,6.0,6.0,11.0,1833.0
4320453,Sério - RS,2021,6.0,6.0,21.0,3500.0
4320453,Sério - RS,2022,,,,
4320453,Sério - RS,2023,,,,
4320453,Sério - RS,2024,4.0,2.0,5.0,2500.0
4320453,Sério - RS,2025,5.0,5.0,13.0,2600.0
4320859,Tabaí - RS,2000,10.0,10.0,5.0,500.0
4320859,Tabaí - RS,2001,10.0,10.0,5.0,500.0
4320859,Tabaí - RS,2002,10.0,10.0,5.0,500.0
4320859,Tabaí - RS,2003,5.0,5.0,9.0,1800.0
4320859,Tabaí - RS,2004,5.0,5.0,8.0,1600.0
4320859,Tabaí - RS,2005,,,,
4320859,Tabaí - RS,2006,,,,
4320859,Tabaí - RS,2007,,,,
4320859,Tabaí - RS,2008,,,,
4320859,Tabaí - RS,2009,,,,
4320859,Tabaí - RS,2010,,,,
4320859,Tabaí - RS,2011,,,,
4320859,Tabaí - RS,2012,,,,
4320859,Tabaí - RS,2013,,,,
4320859,Tabaí - RS,2014,,,,
4320859,Tabaí - RS,2015,,,,
4320859,Tabaí - RS,2016,,,,
4320859,Tabaí - RS,2017,,,,
4320859,Tabaí - RS,2018,,,,
4320859,Tabaí - RS,2019,,,,
4320859,Tabaí - RS,2020,,,,
4320859,Tabaí - RS,2021,,,,
4320859,Tabaí - RS,2022,,,,
4320859,Tabaí - RS,2023,,,,
4320859,Tabaí - RS,2024,,,,
4320859,Tabaí - RS,2025,,,,
4320909,Tapejara - RS,2000,13000.0,13000.0,27300.0,2100.0
4320909,Tapejara - RS,2001,11000.0,11000.0,29700.0,2700.0
4320909,Tapejara - RS,2002,12350.0,12350.0,25935.0,2100.0
4320909,Tapejara - RS,2003,13050.0,13050.0,43848.0,3360.0
4320909,Tapejara - RS,2004,13600.0,13600.0,26928.0,1980.0
4320909,Tapejara - RS,2005,13860.0,11860.0,7116.0,600.0
4320909,Tapejara - RS,2006,13200.0,13200.0,39600.0,3000.0
4320909,Tapejara - RS,2007,13700.0,13700.0,45210.0,3300.0
4320909,Tapejara - RS,2008,13500.0,13500.0,32400.0,2400.0
4320909,Tapejara - RS,2009,13500.0,13500.0,27000.0,2000.0
4320909,Tapejara - RS,2010,14375.0,14375.0,43125.0,3000.0
4320909,Tapejara - RS,2011,14375.0,14375.0,44850.0,3120.0
4320909,Tapejara - RS,2012,14000.0,14000.0,29400.0,2100.0
4320909,Tapejara - RS,2013,14500.0,14500.0,43500.0,3000.0
4320909,Tapejara - RS,2014,14500.0,14500.0,47850.0,3300.0
4320909,Tapejara - RS,2015,14500.0,14500.0,52200.0,3600.0
4320909,Tapejara - RS,2016,15000.0,15000.0,54000.0,3600.0
4320909,Tapejara - RS,2017,15000.0,15000.0,58500.0,3900.0
4320909,Tapejara - RS,2018,15200.0,15200.0,59280.0,3900.0
4320909,Tapejara - RS,2019,15200.0,15200.0,54720.0,3600.0
4320909,Tapejara - RS,2020,14500.0,14500.0,30450.0,2100.0
4320909,Tapejara - RS,2021,14200.0,14200.0,46860.0,3300.0
4320909,Tapejara - RS,2022,14000.0,14000.0,42000.0,3000.0
4320909,Tapejara - RS,2023,14550.0,14550.0,43650.0,3000.0
4320909,Tapejara - RS,2024,14720.0,14720.0,57408.0,3900.0
4320909,Tapejara - RS,2025,15150.0,15150.0,27270.0,1800.0
4321006,Tapera - RS,2000,10300.0,10300.0,21115.0,2050.0
4321006,Tapera - RS,2001,10200.0,10200.0,27540.0,2700.0
4321006,Tapera - RS,2002,10650.0,10650.0,26838.0,2520.0
4321006,Tapera - RS,2003,10650.0,10650.0,35145.0,3300.0
4321006,Tapera - RS,2004,11200.0,11200.0,25536.0,2280.0
4321006,Tapera - RS,2005,11200.0,11200.0,10080.0,900.0
4321006,Tapera - RS,2006,11000.0,11000.0,23100.0,2100.0
4321006,Tapera - RS,2007,11400.0,11400.0,30780.0,2700.0
4321006,Tapera - RS,2008,11300.0,11300.0,24860.0,2200.0
4321006,Tapera - RS,2009,11160.0,11160.0,30132.0,2700.0
4321006,Tapera - RS,2010,12160.0,12160.0,34048.0,2800.0
4321006,Tapera - RS,2011,12160.0,12160.0,36480.0,3000.0
4321006,Tapera - RS,2012,11800.0,11800.0,24780.0,2100.0
4321006,Tapera - RS,2013,12900.0,12900.0,42570.0,3300.0
4321006,Tapera - RS,2014,13050.0,13050.0,35235.0,2700.0
4321006,Tapera - RS,2015,13200.0,13200.0,47520.0,3600.0
4321006,Tapera - RS,2016,13200.0,13200.0,51480.0,3900.0
4321006,Tapera - RS,2017,13200.0,13200.0,53856.0,4080.0
4321006,Tapera - RS,2018,13600.0,13600.0,50592.0,3720.0
4321006,Tapera - RS,2019,13200.0,13200.0,48840.0,3700.0
4321006,Tapera - RS,2020,13500.0,13500.0,22005.0,1630.0
4321006,Tapera - RS,2021,13500.0,13500.0,56700.0,4200.0
4321006,Tapera - RS,2022,13700.0,13700.0,16560.0,1209.0
4321006,Tapera - RS,2023,13700.0,13700.0,30600.0,2234.0
4321006,Tapera - RS,2024,13490.0,13490.0,52701.0,3907.0
4321006,Tapera - RS,2025,13690.0,13690.0,27059.0,1977.0
4321105,Tapes - RS,2000,200.0,,,
4321105,Tapes - RS,2001,,,,
4321105,Tapes - RS,2002,,,,
4321105,Tapes - RS,2003,50.0,50.0,144.0,2880.0
4321105,Tapes - RS,2004,200.0,200.0,360.0,1800.0
4321105,Tapes - RS,2005,400.0,400.0,480.0,1200.0
4321105,Tapes - RS,2006,400.0,400.0,600.0,1500.0
4321105,Tapes - RS,2007,400.0,400.0,480.0,1200.0
4321105,Tapes - RS,2008,400.0,400.0,720.0,1800.0
4321105,Tapes - RS,2009,400.0,400.0,720.0,1800.0
4321105,Tapes - RS,2010,400.0,400.0,936.0,2340.0
4321105,Tapes - RS,2011,400.0,400.0,1080.0,2700.0
4321105,Tapes - RS,2012,5500.0,5500.0,11550.0,2100.0
4321105,Tapes - RS,2013,7500.0,7500.0,22500.0,3000.0
4321105,Tapes - RS,2014,7251.0,7251.0,20194.0,2785.0
4321105,Tapes - RS,2015,7251.0,7251.0,17402.0,2400.0
4321105,Tapes - RS,2016,10500.0,10500.0,24570.0,2340.0
4321105,Tapes - RS,2017,10500.0,10500.0,28350.0,2700.0
4321105,Tapes - RS,2018,11250.0,11250.0,23625.0,2100.0
4321105,Tapes - RS,2019,12085.0,12085.0,30212.0,2500.0
4321105,Tapes - RS,2020,13000.0,13000.0,29770.0,2290.0
4321105,Tapes - RS,2021,13500.0,13500.0,45360.0,3360.0
4321105,Tapes - RS,2022,14100.0,14100.0,46530.0,3300.0
4321105,Tapes - RS,2023,15000.0,15000.0,40500.0,2700.0
4321105,Tapes - RS,2024,14580.0,13773.0,38013.0,2760.0
4321105,Tapes - RS,2025,12900.0,12900.0,34830.0,2700.0
4321204,Taquara - RS,2000,,,,
4321204,Taquara - RS,2001,,,,
4321204,Taquara - RS,2002,,,,
4321204,Taquara - RS,2003,,,,
4321204,Taquara - RS,2004,,,,
4321204,Taquara - RS,2005,,,,
4321204,Taquara - RS,2006,,,,
4321204,Taquara - RS,2007,,,,
4321204,Taquara - RS,2008,,,,
4321204,Taquara - RS,2009,,,,
4321204,Taquara - RS,2010,,,,
4321204,Taquara - RS,2011,,,,
4321204,Taquara - RS,2012,,,,
4321204,Taquara - RS,2013,,,,
4321204,Taquara - RS,2014,,,,
4321204,Taquara - RS,2015,,,,
4321204,Taquara - RS,2016,5.0,5.0,13.0,2600.0
4321204,Taquara - RS,2017,20.0,20.0,52.0,2600.0
4321204,Taquara - RS,2018,5.0,5.0,12.0,2400.0
4321204,Taquara - RS,2019,5.0,5.0,13.0,2600.0
4321204,Taquara - RS,2020,30.0,30.0,47.0,1567.0
4321204,Taquara - RS,2021,30.0,30.0,78.0,2600.0
4321204,Taquara - RS,2022,70.0,70.0,182.0,2600.0
4321204,Taquara - RS,2023,70.0,70.0,182.0,2600.0
4321204,Taquara - RS,2024,50.0,50.0,140.0,2800.0
4321204,Taquara - RS,2025,50.0,50.0,130.0,2600.0
4321303,Taquari - RS,2000,,,,
4321303,Taquari - RS,2001,,,,
4321303,Taquari - RS,2002,50.0,50.0,100.0,2000.0
4321303,Taquari - RS,2003,,,,
4321303,Taquari - RS,2004,,,,
4321303,Taquari - RS,2005,,,,
4321303,Taquari - RS,2006,,,,
4321303,Taquari - RS,2007,,,,
4321303,Taquari - RS,2008,,,,
4321303,Taquari - RS,2009,20.0,20.0,15.0,750.0
4321303,Taquari - RS,2010,45.0,25.0,60.0,2400.0
4321303,Taquari - RS,2011,95.0,95.0,214.0,2253.0
4321303,Taquari - RS,2012,50.0,50.0,120.0,2400.0
4321303,Taquari - RS,2013,60.0,60.0,150.0,2500.0
4321303,Taquari - RS,2014,50.0,50.0,125.0,2500.0
4321303,Taquari - RS,2015,110.0,110.0,264.0,2400.0
4321303,Taquari - RS,2016,170.0,170.0,357.0,2100.0
4321303,Taquari - RS,2017,200.0,200.0,560.0,2800.0
4321303,Taquari - RS,2018,200.0,200.0,400.0,2000.0
4321303,Taquari - RS,2019,180.0,180.0,540.0,3000.0
4321303,Taquari - RS,2020,170.0,170.0,340.0,2000.0
4321303,Taquari - RS,2021,200.0,200.0,400.0,2000.0
4321303,Taquari - RS,2022,250.0,250.0,438.0,1752.0
4321303,Taquari - RS,2023,350.0,350.0,924.0,2640.0
4321303,Taquari - RS,2024,350.0,350.0,1120.0,3200.0
4321303,Taquari - RS,2025,350.0,350.0,735.0,2100.0
4321329,Taquaruçu do Sul - RS,2000,1700.0,1700.0,3570.0,2100.0
4321329,Taquaruçu do Sul - RS,2001,1600.0,1600.0,3360.0,2100.0
4321329,Taquaruçu do Sul - RS,2002,1920.0,1920.0,2016.0,1050.0
4321329,Taquaruçu do Sul - RS,2003,2100.0,2100.0,4662.0,2220.0
4321329,Taquaruçu do Sul - RS,2004,2100.0,2100.0,2237.0,1065.0
4321329,Taquaruçu do Sul - RS,2005,2205.0,2205.0,1349.0,611.0
4321329,Taquaruçu do Sul - RS,2006,1800.0,1800.0,2570.0,1427.0
4321329,Taquaruçu do Sul - RS,2007,1500.0,1500.0,2835.0,1890.0
4321329,Taquaruçu do Sul - RS,2008,1650.0,1650.0,1213.0,735.0
4321329,Taquaruçu do Sul - RS,2009,1800.0,1800.0,2608.0,1448.0
4321329,Taquaruçu do Sul - RS,2010,1800.0,1800.0,4320.0,2400.0
4321329,Taquaruçu do Sul - RS,2011,1800.0,1800.0,4680.0,2600.0
4321329,Taquaruçu do Sul - RS,2012,1750.0,1750.0,1365.0,780.0
4321329,Taquaruçu do Sul - RS,2013,1900.0,1900.0,4560.0,2400.0
4321329,Taquaruçu do Sul - RS,2014,1900.0,1900.0,3078.0,1620.0
4321329,Taquaruçu do Sul - RS,2015,2100.0,2100.0,5040.0,2400.0
4321329,Taquaruçu do Sul - RS,2016,2270.0,2270.0,5843.0,2574.0
4321329,Taquaruçu do Sul - RS,2017,2500.0,2400.0,7224.0,3010.0
4321329,Taquaruçu do Sul - RS,2018,2620.0,2620.0,7896.0,3014.0
4321329,Taquaruçu do Sul - RS,2019,2450.0,2450.0,7409.0,3024.0
4321329,Taquaruçu do Sul - RS,2020,2630.0,2630.0,6077.0,2311.0
4321329,Taquaruçu do Sul - RS,2021,2600.0,2600.0,7020.0,2700.0
4321329,Taquaruçu do Sul - RS,2022,3200.0,2600.0,3120.0,1200.0
4321329,Taquaruçu do Sul - RS,2023,2600.0,2600.0,5928.0,2280.0
4321329,Taquaruçu do Sul - RS,2024,2800.0,2800.0,8120.0,2900.0
4321329,Taquaruçu do Sul - RS,2025,2800.0,2800.0,7560.0,2700.0
4321352,Tavares - RS,2000,,,,
4321352,Tavares - RS,2001,,,,
4321352,Tavares - RS,2002,,,,
4321352,Tavares - RS,2003,,,,
4321352,Tavares - RS,2004,,,,
4321352,Tavares - RS,2005,150.0,,,
4321352,Tavares - RS,2006,,,,
4321352,Tavares - RS,2007,,,,
4321352,Tavares - RS,2008,,,,
4321352,Tavares - RS,2009,,,,
4321352,Tavares - RS,2010,,,,
4321352,Tavares - RS,2011,,,,
4321352,Tavares - RS,2012,,,,
4321352,Tavares - RS,2013,50.0,50.0,90.0,1800.0
4321352,Tavares - RS,2014,128.0,128.0,307.0,2398.0
4321352,Tavares - RS,2015,289.0,289.0,693.0,2398.0
4321352,Tavares - RS,2016,140.0,140.0,105.0,750.0
4321352,Tavares - RS,2017,113.0,113.0,386.0,3416.0
4321352,Tavares - RS,2018,200.0,200.0,456.0,2280.0
4321352,Tavares - RS,2019,270.0,270.0,635.0,2352.0
4321352,Tavares - RS,2020,504.0,504.0,1089.0,2161.0
4321352,Tavares - RS,2021,504.0,504.0,1452.0,2881.0
4321352,Tavares - RS,2022,1300.0,1300.0,2340.0,1800.0
4321352,Tavares - RS,2023,1703.0,1703.0,3576.0,2100.0
4321352,Tavares - RS,2024,1313.0,131.0,39.0,298.0
4321352,Tavares - RS,2025,500.0,500.0,1590.0,3180.0
4321402,Tenente Portela - RS,2000,13000.0,13000.0,23400.0,1800.0
4321402,Tenente Portela - RS,2001,13000.0,13000.0,27300.0,2100.0
4321402,Tenente Portela - RS,2002,13500.0,13500.0,18711.0,1386.0
4321402,Tenente Portela - RS,2003,14000.0,14000.0,31080.0,2220.0
4321402,Tenente Portela - RS,2004,15000.0,15000.0,16200.0,1080.0
4321402,Tenente Portela - RS,2005,15000.0,15000.0,9000.0,600.0
4321402,Tenente Portela - RS,2006,15000.0,15000.0,20700.0,1380.0
4321402,Tenente Portela - RS,2007,14500.0,14500.0,33060.0,2280.0
4321402,Tenente Portela - RS,2008,12500.0,12500.0,22500.0,1800.0
4321402,Tenente Portela - RS,2009,12000.0,12000.0,18600.0,1550.0
4321402,Tenente Portela - RS,2010,10500.0,10500.0,25200.0,2400.0
4321402,Tenente Portela - RS,2011,11000.0,11000.0,33000.0,3000.0
4321402,Tenente Portela - RS,2012,11000.0,11000.0,13200.0,1200.0
4321402,Tenente Portela - RS,2013,11000.0,11000.0,29700.0,2700.0
4321402,Tenente Portela - RS,2014,11000.0,11000.0,29700.0,2700.0
4321402,Tenente Portela - RS,2015,11600.0,11600.0,34800.0,3000.0
4321402,Tenente Portela - RS,2016,13000.0,13000.0,36400.0,2800.0
4321402,Tenente Portela - RS,2017,13000.0,13000.0,42900.0,3300.0
4321402,Tenente Portela - RS,2018,13500.0,13500.0,40500.0,3000.0
4321402,Tenente Portela - RS,2019,13500.0,13500.0,43200.0,3200.0
4321402,Tenente Portela - RS,2020,13500.0,13500.0,40500.0,3000.0
4321402,Tenente Portela - RS,2021,14000.0,14000.0,42000.0,3000.0
4321402,Tenente Portela - RS,2022,14000.0,14000.0,11760.0,840.0
4321402,Tenente Portela - RS,2023,15000.0,15000.0,42300.0,2820.0
4321402,Tenente Portela - RS,2024,15000.0,15000.0,47700.0,3180.0
4321402,Tenente Portela - RS,2025,15000.0,15000.0,34650.0,2310.0
4321436,Terra de Areia - RS,2000,,,,
4321436,Terra de Areia - RS,2001,,,,
4321436,Terra de Areia - RS,2002,,,,
4321436,Terra de Areia - RS,2003,,,,
4321436,Terra de Areia - RS,2004,,,,
4321436,Terra de Areia - RS,2005,,,,
4321436,Terra de Areia - RS,2006,,,,
4321436,Terra de Areia - RS,2007,,,,
4321436,Terra de Areia - RS,2008,,,,
4321436,Terra de Areia - RS,2009,,,,
4321436,Terra de Areia - RS,2010,,,,
4321436,Terra de Areia - RS,2011,,,,
4321436,Terra de Areia - RS,2012,,,,
4321436,Terra de Areia - RS,2013,,,,
4321436,Terra de Areia - RS,2014,,,,
4321436,Terra de Areia - RS,2015,,,,
4321436,Terra de Areia - RS,2016,,,,
4321436,Terra de Areia - RS,2017,,,,
4321436,Terra de Areia - RS,2018,,,,
4321436,Terra de Areia - RS,2019,,,,
4321436,Terra de Areia - RS,2020,,,,
4321436,Terra de Areia - RS,2021,,,,
4321436,Terra de Areia - RS,2022,,,,
4321436,Terra de Areia - RS,2023,,,,
4321436,Terra de Areia - RS,2024,,,,
4321436,Terra de Areia - RS,2025,,,,
4321451,Teutônia - RS,2000,150.0,150.0,270.0,1800.0
4321451,Teutônia - RS,2001,128.0,128.0,269.0,2101.0
4321451,Teutônia - RS,2002,128.0,128.0,269.0,2101.0
4321451,Teutônia - RS,2003,150.0,150.0,360.0,2400.0
4321451,Teutônia - RS,2004,180.0,180.0,216.0,1200.0
4321451,Teutônia - RS,2005,180.0,180.0,86.0,477.0
4321451,Teutônia - RS,2006,150.0,150.0,270.0,1800.0
4321451,Teutônia - RS,2007,150.0,150.0,315.0,2100.0
4321451,Teutônia - RS,2008,100.0,100.0,210.0,2100.0
4321451,Teutônia - RS,2009,150.0,150.0,315.0,2100.0
4321451,Teutônia - RS,2010,250.0,250.0,600.0,2400.0
4321451,Teutônia - RS,2011,250.0,250.0,675.0,2700.0
4321451,Teutônia - RS,2012,300.0,300.0,450.0,1500.0
4321451,Teutônia - RS,2013,350.0,350.0,1050.0,3000.0
4321451,Teutônia - RS,2014,550.0,550.0,1650.0,3000.0
4321451,Teutônia - RS,2015,500.0,500.0,1500.0,3000.0
4321451,Teutônia - RS,2016,500.0,500.0,1500.0,3000.0
4321451,Teutônia - RS,2017,500.0,500.0,1500.0,3000.0
4321451,Teutônia - RS,2018,500.0,500.0,1650.0,3300.0
4321451,Teutônia - RS,2019,500.0,500.0,1680.0,3360.0
4321451,Teutônia - RS,2020,550.0,550.0,1122.0,2040.0
4321451,Teutônia - RS,2021,550.0,550.0,1692.0,3076.0
4321451,Teutônia - RS,2022,700.0,700.0,1420.0,2029.0
4321451,Teutônia - RS,2023,700.0,700.0,1176.0,1680.0
4321451,Teutônia - RS,2024,700.0,570.0,1539.0,2700.0
4321451,Teutônia - RS,2025,500.0,500.0,1188.0,2376.0
4321469,Tio Hugo - RS,2000,,,,
4321469,Tio Hugo - RS,2001,6000.0,6000.0,16800.0,2800.0
4321469,Tio Hugo - RS,2002,6550.0,6550.0,14410.0,2200.0
4321469,Tio Hugo - RS,2003,6800.0,6800.0,19176.0,2820.0
4321469,Tio Hugo - RS,2004,7230.0,7230.0,14460.0,2000.0
4321469,Tio Hugo - RS,2005,7300.0,6750.0,3240.0,480.0
4321469,Tio Hugo - RS,2006,7100.0,7100.0,17040.0,2400.0
4321469,Tio Hugo - RS,2007,7200.0,7200.0,20304.0,2820.0
4321469,Tio Hugo - RS,2008,7000.0,7000.0,9450.0,1350.0
4321469,Tio Hugo - RS,2009,6900.0,6900.0,15456.0,2240.0
4321469,Tio Hugo - RS,2010,7100.0,7100.0,20590.0,2900.0
4321469,Tio Hugo - RS,2011,7100.0,7100.0,23004.0,3240.0
4321469,Tio Hugo - RS,2012,7100.0,7100.0,14910.0,2100.0
4321469,Tio Hugo - RS,2013,7100.0,7100.0,23430.0,3300.0
4321469,Tio Hugo - RS,2014,7200.0,7200.0,19836.0,2755.0
4321469,Tio Hugo - RS,2015,7280.0,7280.0,28392.0,3900.0
4321469,Tio Hugo - RS,2016,7280.0,7280.0,28392.0,3900.0
4321469,Tio Hugo - RS,2017,7280.0,7280.0,30576.0,4200.0
4321469,Tio Hugo - RS,2018,7300.0,7300.0,29200.0,4000.0
4321469,Tio Hugo - RS,2019,6950.0,6950.0,25715.0,3700.0
4321469,Tio Hugo - RS,2020,6950.0,6950.0,9035.0,1300.0
4321469,Tio Hugo - RS,2021,6950.0,6950.0,26876.0,3867.0
4321469,Tio Hugo - RS,2022,6950.0,6950.0,14595.0,2100.0
4321469,Tio Hugo - RS,2023,6950.0,6950.0,14595.0,2100.0
4321469,Tio Hugo - RS,2024,7000.0,7000.0,25200.0,3600.0
4321469,Tio Hugo - RS,2025,7200.0,7200.0,12096.0,1680.0
4321477,Tiradentes do Sul - RS,2000,10500.0,10500.0,13597.0,1294.0
4321477,Tiradentes do Sul - RS,2001,10500.0,10500.0,14963.0,1425.0
4321477,Tiradentes do Sul - RS,2002,12000.0,12000.0,14040.0,1170.0
4321477,Tiradentes do Sul - RS,2003,12000.0,12000.0,25200.0,2100.0
4321477,Tiradentes do Sul - RS,2004,7500.0,7500.0,6863.0,915.0
4321477,Tiradentes do Sul - RS,2005,7500.0,7500.0,1575.0,210.0
4321477,Tiradentes do Sul - RS,2006,6500.0,6500.0,4680.0,720.0
4321477,Tiradentes do Sul - RS,2007,6000.0,6000.0,12960.0,2160.0
4321477,Tiradentes do Sul - RS,2008,6000.0,6000.0,5400.0,900.0
4321477,Tiradentes do Sul - RS,2009,5500.0,5500.0,7920.0,1440.0
4321477,Tiradentes do Sul - RS,2010,5000.0,5000.0,11000.0,2200.0
4321477,Tiradentes do Sul - RS,2011,5000.0,5000.0,13500.0,2700.0
4321477,Tiradentes do Sul - RS,2012,5000.0,5000.0,6000.0,1200.0
4321477,Tiradentes do Sul - RS,2013,5000.0,5000.0,11000.0,2200.0
4321477,Tiradentes do Sul - RS,2014,5000.0,5000.0,10500.0,2100.0
4321477,Tiradentes do Sul - RS,2015,6000.0,6000.0,16200.0,2700.0
4321477,Tiradentes do Sul - RS,2016,6000.0,6000.0,16200.0,2700.0
4321477,Tiradentes do Sul - RS,2017,5200.0,5200.0,14040.0,2700.0
4321477,Tiradentes do Sul - RS,2018,5200.0,5200.0,14040.0,2700.0
4321477,Tiradentes do Sul - RS,2019,5200.0,5200.0,15600.0,3000.0
4321477,Tiradentes do Sul - RS,2020,5200.0,5200.0,7722.0,1485.0
4321477,Tiradentes do Sul - RS,2021,5200.0,5200.0,17160.0,3300.0
4321477,Tiradentes do Sul - RS,2022,6000.0,6000.0,4320.0,720.0
4321477,Tiradentes do Sul - RS,2023,6000.0,6000.0,9000.0,1500.0
4321477,Tiradentes do Sul - RS,2024,6000.0,6000.0,18000.0,3000.0
4321477,Tiradentes do Sul - RS,2025,6000.0,6000.0,14400.0,2400.0
4321493,Toropi - RS,2000,750.0,750.0,1013.0,1350.0
4321493,Toropi - RS,2001,500.0,500.0,750.0,1500.0
4321493,Toropi - RS,2002,250.0,250.0,375.0,1500.0
4321493,Toropi - RS,2003,500.0,500.0,1200.0,2400.0
4321493,Toropi - RS,2004,500.0,500.0,480.0,960.0
4321493,Toropi - RS,2005,700.0,700.0,420.0,600.0
4321493,Toropi - RS,2006,600.0,600.0,1260.0,2100.0
4321493,Toropi - RS,2007,500.0,500.0,900.0,1800.0
4321493,Toropi - RS,2008,500.0,500.0,1050.0,2100.0
4321493,Toropi - RS,2009,450.0,450.0,1215.0,2700.0
4321493,Toropi - RS,2010,600.0,600.0,1069.0,1781.0
4321493,Toropi - RS,2011,600.0,600.0,1560.0,2600.0
4321493,Toropi - RS,2012,550.0,500.0,550.0,1100.0
4321493,Toropi - RS,2013,750.0,750.0,2250.0,3000.0
4321493,Toropi - RS,2014,750.0,750.0,1875.0,2500.0
4321493,Toropi - RS,2015,850.0,850.0,2295.0,2700.0
4321493,Toropi - RS,2016,1200.0,1200.0,3600.0,3000.0
4321493,Toropi - RS,2017,1250.0,1250.0,3938.0,3150.0
4321493,Toropi - RS,2018,2265.0,2265.0,6387.0,2820.0
4321493,Toropi - RS,2019,2300.0,2210.0,5834.0,2640.0
4321493,Toropi - RS,2020,2350.0,2350.0,2841.0,1209.0
4321493,Toropi - RS,2021,2450.0,2450.0,7595.0,3100.0
4321493,Toropi - RS,2022,2200.0,2200.0,1848.0,840.0
4321493,Toropi - RS,2023,2450.0,2450.0,3087.0,1260.0
4321493,Toropi - RS,2024,2550.0,2550.0,4896.0,1920.0
4321493,Toropi - RS,2025,2450.0,2450.0,2058.0,840.0
4321501,Torres - RS,2000,,,,
4321501,Torres - RS,2001,,,,
4321501,Torres - RS,2002,,,,
4321501,Torres - RS,2003,,,,
4321501,Torres - RS,2004,,,,
4321501,Torres - RS,2005,,,,
4321501,Torres - RS,2006,,,,
4321501,Torres - RS,2007,,,,
4321501,Torres - RS,2008,,,,
4321501,Torres - RS,2009,,,,
4321501,Torres - RS,2010,,,,
4321501,Torres - RS,2011,,,,
4321501,Torres - RS,2012,,,,
4321501,Torres - RS,2013,,,,
4321501,Torres - RS,2014,,,,
4321501,Torres - RS,2015,,,,
4321501,Torres - RS,2016,,,,
4321501,Torres - RS,2017,,,,
4321501,Torres - RS,2018,,,,
4321501,Torres - RS,2019,,,,
4321501,Torres - RS,2020,,,,
4321501,Torres - RS,2021,,,,
4321501,Torres - RS,2022,,,,
4321501,Torres - RS,2023,450.0,450.0,1575.0,3500.0
4321501,Torres - RS,2024,450.0,450.0,1575.0,3500.0
4321501,Torres - RS,2025,350.0,350.0,1260.0,3600.0
4321600,Tramandaí - RS,2000,,,,
4321600,Tramandaí - RS,2001,,,,
4321600,Tramandaí - RS,2002,,,,
4321600,Tramandaí - RS,2003,,,,
4321600,Tramandaí - RS,2004,,,,
4321600,Tramandaí - RS,2005,,,,
4321600,Tramandaí - RS,2006,,,,
4321600,Tramandaí - RS,2007,,,,
4321600,Tramandaí - RS,2008,,,,
4321600,Tramandaí - RS,2009,,,,
4321600,Tramandaí - RS,2010,,,,
4321600,Tramandaí - RS,2011,,,,
4321600,Tramandaí - RS,2012,,,,
4321600,Tramandaí - RS,2013,,,,
4321600,Tramandaí - RS,2014,3.0,3.0,5.0,1667.0
4321600,Tramandaí - RS,2015,5.0,5.0,8.0,1600.0
4321600,Tramandaí - RS,2016,5.0,5.0,8.0,1600.0
4321600,Tramandaí - RS,2017,5.0,5.0,8.0,1600.0
4321600,Tramandaí - RS,2018,5.0,5.0,9.0,1800.0
4321600,Tramandaí - RS,2019,5.0,5.0,8.0,1600.0
4321600,Tramandaí - RS,2020,5.0,5.0,8.0,1600.0
4321600,Tramandaí - RS,2021,5.0,5.0,8.0,1600.0
4321600,Tramandaí - RS,2022,150.0,150.0,240.0,1600.0
4321600,Tramandaí - RS,2023,350.0,350.0,560.0,1600.0
4321600,Tramandaí - RS,2024,350.0,350.0,560.0,1600.0
4321600,Tramandaí - RS,2025,350.0,350.0,560.0,1600.0
4321626,Travesseiro - RS,2000,350.0,350.0,840.0,2400.0
4321626,Travesseiro - RS,2001,300.0,300.0,630.0,2100.0
4321626,Travesseiro - RS,2002,300.0,300.0,720.0,2400.0
4321626,Travesseiro - RS,2003,300.0,300.0,576.0,1920.0
4321626,Travesseiro - RS,2004,300.0,300.0,432.0,1440.0
4321626,Travesseiro - RS,2005,300.0,270.0,437.0,1618.0
4321626,Travesseiro - RS,2006,300.0,300.0,729.0,2430.0
4321626,Travesseiro - RS,2007,300.0,300.0,690.0,2300.0
4321626,Travesseiro - RS,2008,300.0,300.0,810.0,2700.0
4321626,Travesseiro - RS,2009,300.0,300.0,756.0,2520.0
4321626,Travesseiro - RS,2010,200.0,90.0,135.0,1500.0
4321626,Travesseiro - RS,2011,200.0,200.0,480.0,2400.0
4321626,Travesseiro - RS,2012,60.0,60.0,113.0,1883.0
4321626,Travesseiro - RS,2013,90.0,90.0,281.0,3122.0
4321626,Travesseiro - RS,2014,90.0,90.0,243.0,2700.0
4321626,Travesseiro - RS,2015,90.0,90.0,297.0,3300.0
4321626,Travesseiro - RS,2016,110.0,110.0,297.0,2700.0
4321626,Travesseiro - RS,2017,110.0,110.0,363.0,3300.0
4321626,Travesseiro - RS,2018,110.0,110.0,317.0,2882.0
4321626,Travesseiro - RS,2019,175.0,175.0,578.0,3303.0
4321626,Travesseiro - RS,2020,175.0,175.0,234.0,1337.0
4321626,Travesseiro - RS,2021,225.0,225.0,878.0,3902.0
4321626,Travesseiro - RS,2022,275.0,275.0,513.0,1865.0
4321626,Travesseiro - RS,2023,300.0,300.0,756.0,2520.0
4321626,Travesseiro - RS,2024,350.0,280.0,655.0,2339.0
4321626,Travesseiro - RS,2025,250.0,250.0,563.0,2252.0
4321956,Trindade do Sul - RS,2000,10200.0,10200.0,18360.0,1800.0
4321956,Trindade do Sul - RS,2001,10000.0,10000.0,24000.0,2400.0
4321956,Trindade do Sul - RS,2002,11000.0,11000.0,13200.0,1200.0
4321956,Trindade do Sul - RS,2003,11000.0,11000.0,29700.0,2700.0
4321956,Trindade do Sul - RS,2004,11500.0,11500.0,12420.0,1080.0
4321956,Trindade do Sul - RS,2005,11500.0,10000.0,4800.0,480.0
4321956,Trindade do Sul - RS,2006,11000.0,11000.0,29700.0,2700.0
4321956,Trindade do Sul - RS,2007,11000.0,11000.0,29700.0,2700.0
4321956,Trindade do Sul - RS,2008,10500.0,10500.0,21263.0,2025.0
4321956,Trindade do Sul - RS,2009,9700.0,9700.0,20370.0,2100.0
4321956,Trindade do Sul - RS,2010,12400.0,12400.0,29760.0,2400.0
4321956,Trindade do Sul - RS,2011,11000.0,11000.0,30800.0,2800.0
4321956,Trindade do Sul - RS,2012,11000.0,11000.0,6160.0,560.0
4321956,Trindade do Sul - RS,2013,12000.0,12000.0,32124.0,2677.0
4321956,Trindade do Sul - RS,2014,12400.0,12400.0,34881.0,2813.0
4321956,Trindade do Sul - RS,2015,13000.0,13000.0,42900.0,3300.0
4321956,Trindade do Sul - RS,2016,13500.0,13500.0,31361.0,2323.0
4321956,Trindade do Sul - RS,2017,13000.0,13000.0,46800.0,3600.0
4321956,Trindade do Sul - RS,2018,13000.0,13000.0,39000.0,3000.0
4321956,Trindade do Sul - RS,2019,11000.0,11000.0,46200.0,4200.0
4321956,Trindade do Sul - RS,2020,10500.0,10500.0,22554.0,2148.0
4321956,Trindade do Sul - RS,2021,10400.0,10400.0,37440.0,3600.0
4321956,Trindade do Sul - RS,2022,10700.0,10700.0,13482.0,1260.0
4321956,Trindade do Sul - RS,2023,11000.0,11000.0,23100.0,2100.0
4321956,Trindade do Sul - RS,2024,11200.0,11000.0,40920.0,3720.0
4321956,Trindade do Sul - RS,2025,11500.0,11500.0,26220.0,2280.0
4322004,Triunfo - RS,2000,11.0,11.0,20.0,1818.0
4322004,Triunfo - RS,2001,,,,
4322004,Triunfo - RS,2002,,,,
4322004,Triunfo - RS,2003,,,,
4322004,Triunfo - RS,2004,15.0,15.0,17.0,1133.0
4322004,Triunfo - RS,2005,20.0,20.0,22.0,1100.0
4322004,Triunfo - RS,2006,40.0,10.0,24.0,2400.0
4322004,Triunfo - RS,2007,10.0,10.0,24.0,2400.0
4322004,Triunfo - RS,2008,10.0,10.0,23.0,2300.0
4322004,Triunfo - RS,2009,,,,
4322004,Triunfo - RS,2010,,,,
4322004,Triunfo - RS,2011,,,,
4322004,Triunfo - RS,2012,70.0,70.0,147.0,2100.0
4322004,Triunfo - RS,2013,260.0,260.0,702.0,2700.0
4322004,Triunfo - RS,2014,500.0,500.0,950.0,1900.0
4322004,Triunfo - RS,2015,500.0,500.0,1350.0,2700.0
4322004,Triunfo - RS,2016,500.0,500.0,1350.0,2700.0
4322004,Triunfo - RS,2017,700.0,700.0,1890.0,2700.0
4322004,Triunfo - RS,2018,1000.0,1000.0,2250.0,2250.0
4322004,Triunfo - RS,2019,1200.0,1200.0,2700.0,2250.0
4322004,Triunfo - RS,2020,1300.0,1300.0,2340.0,1800.0
4322004,Triunfo - RS,2021,1300.0,1300.0,3250.0,2500.0
4322004,Triunfo - RS,2022,2000.0,2000.0,4800.0,2400.0
4322004,Triunfo - RS,2023,2100.0,2100.0,4500.0,2143.0
4322004,Triunfo - RS,2024,2300.0,1380.0,3120.0,2261.0
4322004,Triunfo - RS,2025,2700.0,2700.0,6480.0,2400.0
4321634,Três Arroios - RS,2000,1400.0,1400.0,2100.0,1500.0
4321634,Três Arroios - RS,2001,600.0,600.0,1080.0,1800.0
4321634,Três Arroios - RS,2002,200.0,200.0,324.0,1620.0
4321634,Três Arroios - RS,2003,250.0,250.0,600.0,2400.0
4321634,Três Arroios - RS,2004,550.0,550.0,792.0,1440.0
4321634,Três Arroios - RS,2005,600.0,580.0,504.0,868.0
4321634,Três Arroios - RS,2006,500.0,500.0,960.0,1920.0
4321634,Três Arroios - RS,2007,500.0,500.0,1200.0,2400.0
4321634,Três Arroios - RS,2008,500.0,500.0,1080.0,2160.0
4321634,Três Arroios - RS,2009,500.0,500.0,1200.0,2400.0
4321634,Três Arroios - RS,2010,1000.0,1000.0,3300.0,3300.0
4321634,Três Arroios - RS,2011,1600.0,1600.0,5280.0,3300.0
4321634,Três Arroios - RS,2012,2000.0,2000.0,3960.0,1980.0
4321634,Três Arroios - RS,2013,2500.0,2500.0,4500.0,1800.0
4321634,Três Arroios - RS,2014,2700.0,2700.0,8910.0,3300.0
4321634,Três Arroios - RS,2015,3050.0,3050.0,9150.0,3000.0
4321634,Três Arroios - RS,2016,3400.0,3400.0,11220.0,3300.0
4321634,Três Arroios - RS,2017,2700.0,2700.0,10530.0,3900.0
4321634,Três Arroios - RS,2018,3200.0,3200.0,11520.0,3600.0
4321634,Três Arroios - RS,2019,3600.0,3600.0,12960.0,3600.0
4321634,Três Arroios - RS,2020,3650.0,3650.0,8694.0,2382.0
4321634,Três Arroios - RS,2021,3150.0,3150.0,9639.0,3060.0
4321634,Três Arroios - RS,2022,2250.0,2250.0,3510.0,1560.0
4321634,Três Arroios - RS,2023,2900.0,2900.0,7308.0,2520.0
4321634,Três Arroios - RS,2024,3640.0,3240.0,8942.0,2760.0
4321634,Três Arroios - RS,2025,3820.0,3820.0,9397.0,2460.0
4321667,Três Cachoeiras - RS,2000,,,,
4321667,Três Cachoeiras - RS,2001,,,,
4321667,Três Cachoeiras - RS,2002,,,,
4321667,Três Cachoeiras - RS,2003,,,,
4321667,Três Cachoeiras - RS,2004,,,,
4321667,Três Cachoeiras - RS,2005,,,,
4321667,Três Cachoeiras - RS,2006,,,,
4321667,Três Cachoeiras - RS,2007,,,,
4321667,Três Cachoeiras - RS,2008,,,,
4321667,Três Cachoeiras - RS,2009,,,,
4321667,Três Cachoeiras - RS,2010,,,,
4321667,Três Cachoeiras - RS,2011,,,,
4321667,Três Cachoeiras - RS,2012,,,,
4321667,Três Cachoeiras - RS,2013,,,,
4321667,Três Cachoeiras - RS,2014,,,,
4321667,Três Cachoeiras - RS,2015,,,,
4321667,Três Cachoeiras - RS,2016,,,,
4321667,Três Cachoeiras - RS,2017,,,,
4321667,Três Cachoeiras - RS,2018,,,,
4321667,Três Cachoeiras - RS,2019,,,,
4321667,Três Cachoeiras - RS,2020,,,,
4321667,Três Cachoeiras - RS,2021,,,,
4321667,Três Cachoeiras - RS,2022,,,,
4321667,Três Cachoeiras - RS,2023,,,,
4321667,Três Cachoeiras - RS,2024,,,,
4321667,Três Cachoeiras - RS,2025,,,,
4321709,Três Coroas - RS,2000,,,,
4321709,Três Coroas - RS,2001,,,,
4321709,Três Coroas - RS,2002,,,,
4321709,Três Coroas - RS,2003,,,,
4321709,Três Coroas - RS,2004,,,,
4321709,Três Coroas - RS,2005,,,,
4321709,Três Coroas - RS,2006,1.0,1.0,2.0,2000.0
4321709,Três Coroas - RS,2007,1.0,1.0,2.0,2000.0
4321709,Três Coroas - RS,2008,,,,
4321709,Três Coroas - RS,2009,1.0,1.0,2.0,2000.0
4321709,Três Coroas - RS,2010,1.0,1.0,2.0,2000.0
4321709,Três Coroas - RS,2011,1.0,1.0,2.0,2000.0
4321709,Três Coroas - RS,2012,1.0,1.0,2.0,2000.0
4321709,Três Coroas - RS,2013,1.0,1.0,2.0,2000.0
4321709,Três Coroas - RS,2014,1.0,1.0,2.0,2000.0
4321709,Três Coroas - RS,2015,1.0,1.0,2.0,2000.0
4321709,Três Coroas - RS,2016,1.0,1.0,2.0,2000.0
4321709,Três Coroas - RS,2017,1.0,1.0,2.0,2000.0
4321709,Três Coroas - RS,2018,1.0,1.0,2.0,2000.0
4321709,Três Coroas - RS,2019,,,,
4321709,Três Coroas - RS,2020,1.0,1.0,3.0,3000.0
4321709,Três Coroas - RS,2021,,,,
4321709,Três Coroas - RS,2022,,,,
4321709,Três Coroas - RS,2023,,,,
4321709,Três Coroas - RS,2024,,,,
4321709,Três Coroas - RS,2025,,,,
4321832,Três Forquilhas - RS,2000,,,,
4321832,Três Forquilhas - RS,2001,,,,
4321832,Três Forquilhas - RS,2002,,,,
4321832,Três Forquilhas - RS,2003,,,,
4321832,Três Forquilhas - RS,2004,,,,
4321832,Três Forquilhas - RS,2005,,,,
4321832,Três Forquilhas - RS,2006,,,,
4321832,Três Forquilhas - RS,2007,,,,
4321832,Três Forquilhas - RS,2008,,,,
4321832,Três Forquilhas - RS,2009,,,,
4321832,Três Forquilhas - RS,2010,,,,
4321832,Três Forquilhas - RS,2011,,,,
4321832,Três Forquilhas - RS,2012,,,,
4321832,Três Forquilhas - RS,2013,,,,
4321832,Três Forquilhas - RS,2014,,,,
4321832,Três Forquilhas - RS,2015,,,,
4321832,Três Forquilhas - RS,2016,,,,
4321832,Três Forquilhas - RS,2017,,,,
4321832,Três Forquilhas - RS,2018,,,,
4321832,Três Forquilhas - RS,2019,,,,
4321832,Três Forquilhas - RS,2020,,,,
4321832,Três Forquilhas - RS,2021,,,,
4321832,Três Forquilhas - RS,2022,,,,
4321832,Três Forquilhas - RS,2023,,,,
4321832,Três Forquilhas - RS,2024,,,,
4321832,Três Forquilhas - RS,2025,,,,
4321857,Três Palmeiras - RS,2000,7600.0,7600.0,16720.0,2200.0
4321857,Três Palmeiras - RS,2001,7500.0,7500.0,18000.0,2400.0
4321857,Três Palmeiras - RS,2002,7700.0,7700.0,7392.0,960.0
4321857,Três Palmeiras - RS,2003,9600.0,9600.0,28800.0,3000.0
4321857,Três Palmeiras - RS,2004,9800.0,9800.0,13230.0,1350.0
4321857,Três Palmeiras - RS,2005,8600.0,8600.0,5160.0,600.0
4321857,Três Palmeiras - RS,2006,8500.0,8500.0,20400.0,2400.0
4321857,Três Palmeiras - RS,2007,8000.0,8000.0,19200.0,2400.0
4321857,Três Palmeiras - RS,2008,8000.0,8000.0,17280.0,2160.0
4321857,Três Palmeiras - RS,2009,8000.0,8000.0,17280.0,2160.0
4321857,Três Palmeiras - RS,2010,8000.0,8000.0,24000.0,3000.0
4321857,Três Palmeiras - RS,2011,8500.0,8500.0,25500.0,3000.0
4321857,Três Palmeiras - RS,2012,8000.0,8000.0,7600.0,950.0
4321857,Três Palmeiras - RS,2013,9000.0,9000.0,27000.0,3000.0
4321857,Três Palmeiras - RS,2014,9000.0,9000.0,27000.0,3000.0
4321857,Três Palmeiras - RS,2015,9000.0,9000.0,27000.0,3000.0
4321857,Três Palmeiras - RS,2016,9400.0,9400.0,33840.0,3600.0
4321857,Três Palmeiras - RS,2017,8500.0,8500.0,30600.0,3600.0
4321857,Três Palmeiras - RS,2018,8500.0,8500.0,30600.0,3600.0
4321857,Três Palmeiras - RS,2019,8500.0,8500.0,35700.0,4200.0
4321857,Três Palmeiras - RS,2020,6500.0,6500.0,15860.0,2440.0
4321857,Três Palmeiras - RS,2021,6800.0,6800.0,22440.0,3300.0
4321857,Três Palmeiras - RS,2022,6500.0,6500.0,13650.0,2100.0
4321857,Três Palmeiras - RS,2023,9000.0,9000.0,18900.0,2100.0
4321857,Três Palmeiras - RS,2024,9000.0,8400.0,30240.0,3600.0
4321857,Três Palmeiras - RS,2025,9200.0,9200.0,19734.0,2145.0
4321907,Três Passos - RS,2000,10800.0,10800.0,19440.0,1800.0
4321907,Três Passos - RS,2001,10000.0,10000.0,23000.0,2300.0
4321907,Três Passos - RS,2002,10600.0,10600.0,13780.0,1300.0
4321907,Três Passos - RS,2003,10000.0,10000.0,21000.0,2100.0
4321907,Três Passos - RS,2004,11000.0,11000.0,11440.0,1040.0
4321907,Três Passos - RS,2005,11000.0,11000.0,3300.0,300.0
4321907,Três Passos - RS,2006,10000.0,10000.0,11000.0,1100.0
4321907,Três Passos - RS,2007,9500.0,9500.0,23940.0,2520.0
4321907,Três Passos - RS,2008,9000.0,9000.0,11340.0,1260.0
4321907,Três Passos - RS,2009,9000.0,9000.0,17280.0,1920.0
4321907,Três Passos - RS,2010,7500.0,7500.0,18900.0,2520.0
4321907,Três Passos - RS,2011,7500.0,7500.0,21750.0,2900.0
4321907,Três Passos - RS,2012,7500.0,7500.0,9750.0,1300.0
4321907,Três Passos - RS,2013,7500.0,7500.0,20250.0,2700.0
4321907,Três Passos - RS,2014,7500.0,7500.0,22500.0,3000.0
4321907,Três Passos - RS,2015,7500.0,7500.0,22500.0,3000.0
4321907,Três Passos - RS,2016,9000.0,9000.0,24300.0,2700.0
4321907,Três Passos - RS,2017,9000.0,9000.0,25920.0,2880.0
4321907,Três Passos - RS,2018,9000.0,9000.0,30240.0,3360.0
4321907,Três Passos - RS,2019,9000.0,9000.0,28080.0,3120.0
4321907,Três Passos - RS,2020,9000.0,9000.0,28800.0,3200.0
4321907,Três Passos - RS,2021,9000.0,9000.0,29700.0,3300.0
4321907,Três Passos - RS,2022,9000.0,9000.0,6480.0,720.0
4321907,Três Passos - RS,2023,9000.0,9000.0,21600.0,2400.0
4321907,Três Passos - RS,2024,9000.0,9000.0,26100.0,2900.0
4321907,Três Passos - RS,2025,9500.0,9500.0,25460.0,2680.0
4321808,Três de Maio - RS,2000,25000.0,25000.0,39000.0,1560.0
4321808,Três de Maio - RS,2001,24000.0,24000.0,53280.0,2220.0
4321808,Três de Maio - RS,2002,26000.0,26000.0,46800.0,1800.0
4321808,Três de Maio - RS,2003,26750.0,26750.0,64200.0,2400.0
4321808,Três de Maio - RS,2004,27890.0,27890.0,33468.0,1200.0
4321808,Três de Maio - RS,2005,27890.0,6973.0,6276.0,900.0
4321808,Três de Maio - RS,2006,24500.0,24500.0,44100.0,1800.0
4321808,Três de Maio - RS,2007,24500.0,24500.0,58800.0,2400.0
4321808,Três de Maio - RS,2008,24500.0,24500.0,38220.0,1560.0
4321808,Três de Maio - RS,2009,24500.0,24500.0,36750.0,1500.0
4321808,Três de Maio - RS,2010,25500.0,25500.0,61200.0,2400.0
4321808,Três de Maio - RS,2011,25500.0,25500.0,71910.0,2820.0
4321808,Três de Maio - RS,2012,25000.0,25000.0,13500.0,540.0
4321808,Três de Maio - RS,2013,25500.0,25500.0,67830.0,2660.0
4321808,Três de Maio - RS,2014,25000.0,25000.0,63000.0,2520.0
4321808,Três de Maio - RS,2015,25000.0,25000.0,67500.0,2700.0
4321808,Três de Maio - RS,2016,25674.0,25674.0,84724.0,3300.0
4321808,Três de Maio - RS,2017,26024.0,26024.0,85872.0,3300.0
4321808,Três de Maio - RS,2018,26024.0,26024.0,85877.0,3300.0
4321808,Três de Maio - RS,2019,20000.0,20000.0,60000.0,3000.0
4321808,Três de Maio - RS,2020,20000.0,20000.0,50400.0,2520.0
4321808,Três de Maio - RS,2021,20000.0,20000.0,69600.0,3480.0
4321808,Três de Maio - RS,2022,17200.0,17200.0,10320.0,600.0
4321808,Três de Maio - RS,2023,21030.0,21030.0,45134.0,2146.0
4321808,Três de Maio - RS,2024,21030.0,21030.0,75708.0,3600.0
4321808,Três de Maio - RS,2025,21048.0,21048.0,43003.0,2043.0
4322103,Tucunduva - RS,2000,10000.0,10000.0,15400.0,1540.0
4322103,Tucunduva - RS,2001,10500.0,10500.0,21945.0,2090.0
4322103,Tucunduva - RS,2002,11000.0,11000.0,19800.0,1800.0
4322103,Tucunduva - RS,2003,10000.0,10000.0,21000.0,2100.0
4322103,Tucunduva - RS,2004,10500.0,10500.0,11550.0,1100.0
4322103,Tucunduva - RS,2005,11000.0,7700.0,1848.0,240.0
4322103,Tucunduva - RS,2006,8300.0,8300.0,17928.0,2160.0
4322103,Tucunduva - RS,2007,8300.0,8300.0,19920.0,2400.0
4322103,Tucunduva - RS,2008,8300.0,8300.0,10458.0,1260.0
4322103,Tucunduva - RS,2009,9200.0,9200.0,16008.0,1740.0
4322103,Tucunduva - RS,2010,9500.0,9500.0,21014.0,2212.0
4322103,Tucunduva - RS,2011,9750.0,9750.0,26325.0,2700.0
4322103,Tucunduva - RS,2012,9750.0,9750.0,3510.0,360.0
4322103,Tucunduva - RS,2013,9750.0,9750.0,20475.0,2100.0
4322103,Tucunduva - RS,2014,11000.0,11000.0,26400.0,2400.0
4322103,Tucunduva - RS,2015,11000.0,11000.0,29700.0,2700.0
4322103,Tucunduva - RS,2016,11000.0,11000.0,33000.0,3000.0
4322103,Tucunduva - RS,2017,11000.0,11000.0,33000.0,3000.0
4322103,Tucunduva - RS,2018,11000.0,11000.0,33000.0,3000.0
4322103,Tucunduva - RS,2019,10500.0,10500.0,31500.0,3000.0
4322103,Tucunduva - RS,2020,10500.0,10500.0,28350.0,2700.0
4322103,Tucunduva - RS,2021,10500.0,10500.0,28350.0,2700.0
4322103,Tucunduva - RS,2022,10540.0,10040.0,12144.0,1210.0
4322103,Tucunduva - RS,2023,10540.0,10540.0,15228.0,1445.0
4322103,Tucunduva - RS,2024,10540.0,10540.0,31620.0,3000.0
4322103,Tucunduva - RS,2025,10540.0,10540.0,22194.0,2106.0
4322152,Tunas - RS,2000,1500.0,1500.0,1980.0,1320.0
4322152,Tunas - RS,2001,1500.0,1500.0,3150.0,2100.0
4322152,Tunas - RS,2002,1900.0,1900.0,3800.0,2000.0
4322152,Tunas - RS,2003,2400.0,2400.0,5904.0,2460.0
4322152,Tunas - RS,2004,3000.0,2850.0,3990.0,1400.0
4322152,Tunas - RS,2005,3300.0,3000.0,1218.0,406.0
4322152,Tunas - RS,2006,3000.0,3000.0,6480.0,2160.0
4322152,Tunas - RS,2007,3300.0,3300.0,8712.0,2640.0
4322152,Tunas - RS,2008,3500.0,3500.0,7350.0,2100.0
4322152,Tunas - RS,2009,4000.0,4000.0,8640.0,2160.0
4322152,Tunas - RS,2010,4350.0,4350.0,9135.0,2100.0
4322152,Tunas - RS,2011,4500.0,4500.0,10800.0,2400.0
4322152,Tunas - RS,2012,3200.0,3050.0,1464.0,480.0
4322152,Tunas - RS,2013,4000.0,4000.0,10800.0,2700.0
4322152,Tunas - RS,2014,4500.0,4500.0,12150.0,2700.0
4322152,Tunas - RS,2015,5000.0,5000.0,14400.0,2880.0
4322152,Tunas - RS,2016,5500.0,5500.0,15840.0,2880.0
4322152,Tunas - RS,2017,5700.0,5700.0,20520.0,3600.0
4322152,Tunas - RS,2018,5700.0,5700.0,17100.0,3000.0
4322152,Tunas - RS,2019,6000.0,6000.0,18000.0,3000.0
4322152,Tunas - RS,2020,6200.0,6200.0,6696.0,1080.0
4322152,Tunas - RS,2021,6200.0,6200.0,24180.0,3900.0
4322152,Tunas - RS,2022,6300.0,6300.0,10080.0,1600.0
4322152,Tunas - RS,2023,6300.0,6300.0,7560.0,1200.0
4322152,Tunas - RS,2024,6500.0,6500.0,12480.0,1920.0
4322152,Tunas - RS,2025,6500.0,6500.0,13650.0,2100.0
4322186,Tupanci do Sul - RS,2000,4500.0,4500.0,8100.0,1800.0
4322186,Tupanci do Sul - RS,2001,4000.0,4000.0,9600.0,2400.0
4322186,Tupanci do Sul - RS,2002,3500.0,3500.0,7350.0,2100.0
4322186,Tupanci do Sul - RS,2003,4500.0,4500.0,12150.0,2700.0
4322186,Tupanci do Sul - RS,2004,4750.0,4750.0,8593.0,1809.0
4322186,Tupanci do Sul - RS,2005,5000.0,4700.0,4442.0,945.0
4322186,Tupanci do Sul - RS,2006,4000.0,4000.0,9600.0,2400.0
4322186,Tupanci do Sul - RS,2007,4000.0,4000.0,10800.0,2700.0
4322186,Tupanci do Sul - RS,2008,4000.0,4000.0,7200.0,1800.0
4322186,Tupanci do Sul - RS,2009,4000.0,4000.0,7560.0,1890.0
4322186,Tupanci do Sul - RS,2010,4500.0,4500.0,12150.0,2700.0
4322186,Tupanci do Sul - RS,2011,4800.0,4800.0,12960.0,2700.0
4322186,Tupanci do Sul - RS,2012,4500.0,4500.0,9113.0,2025.0
4322186,Tupanci do Sul - RS,2013,5000.0,5000.0,12000.0,2400.0
4322186,Tupanci do Sul - RS,2014,5000.0,5000.0,16500.0,3300.0
4322186,Tupanci do Sul - RS,2015,5000.0,5000.0,16500.0,3300.0
4322186,Tupanci do Sul - RS,2016,5000.0,5000.0,18000.0,3600.0
4322186,Tupanci do Sul - RS,2017,5000.0,5000.0,18000.0,3600.0
4322186,Tupanci do Sul - RS,2018,5200.0,5200.0,18096.0,3480.0
4322186,Tupanci do Sul - RS,2019,6700.0,6700.0,23316.0,3480.0
4322186,Tupanci do Sul - RS,2020,6700.0,6700.0,15276.0,2280.0
4322186,Tupanci do Sul - RS,2021,6250.0,6250.0,18000.0,2880.0
4322186,Tupanci do Sul - RS,2022,5700.0,5700.0,7980.0,1400.0
4322186,Tupanci do Sul - RS,2023,5700.0,5700.0,16416.0,2880.0
4322186,Tupanci do Sul - RS,2024,6400.0,6400.0,23040.0,3600.0
4322186,Tupanci do Sul - RS,2025,7100.0,7100.0,17040.0,2400.0
4322202,Tupanciretã - RS,2000,76000.0,75000.0,112500.0,1500.0
4322202,Tupanciretã - RS,2001,80000.0,80000.0,192000.0,2400.0
4322202,Tupanciretã - RS,2002,90000.0,89800.0,161640.0,1800.0
4322202,Tupanciretã - RS,2003,111200.0,111200.0,355840.0,3200.0
4322202,Tupanciretã - RS,2004,116780.0,116780.0,175170.0,1500.0
4322202,Tupanciretã - RS,2005,133800.0,131800.0,94896.0,720.0
4322202,Tupanciretã - RS,2006,134500.0,134500.0,302625.0,2250.0
4322202,Tupanciretã - RS,2007,136000.0,136000.0,359040.0,2640.0
4322202,Tupanciretã - RS,2008,136000.0,136000.0,326400.0,2400.0
4322202,Tupanciretã - RS,2009,137500.0,137500.0,321750.0,2340.0
4322202,Tupanciretã - RS,2010,140000.0,140000.0,361200.0,2580.0
4322202,Tupanciretã - RS,2011,140000.0,140000.0,420000.0,3000.0
4322202,Tupanciretã - RS,2012,140000.0,140000.0,142800.0,1020.0
4322202,Tupanciretã - RS,2013,142000.0,142000.0,426000.0,3000.0
4322202,Tupanciretã - RS,2014,144000.0,144000.0,390870.0,2714.0
4322202,Tupanciretã - RS,2015,144000.0,144000.0,475928.0,3305.0
4322202,Tupanciretã - RS,2016,146000.0,146000.0,440297.0,3016.0
4322202,Tupanciretã - RS,2017,146500.0,146500.0,511529.0,3492.0
4322202,Tupanciretã - RS,2018,149100.0,149100.0,477910.0,3205.0
4322202,Tupanciretã - RS,2019,149100.0,149100.0,481110.0,3227.0
4322202,Tupanciretã - RS,2020,149100.0,149100.0,330296.0,2215.0
4322202,Tupanciretã - RS,2021,149100.0,149100.0,517493.0,3471.0
4322202,Tupanciretã - RS,2022,147919.0,147919.0,136926.0,926.0
4322202,Tupanciretã - RS,2023,147919.0,147919.0,205604.0,1390.0
4322202,Tupanciretã - RS,2024,147919.0,143482.0,411622.0,2869.0
4322202,Tupanciretã - RS,2025,148074.0,148074.0,207026.0,1398.0
4322251,Tupandi - RS,2000,5.0,5.0,6.0,1200.0
4322251,Tupandi - RS,2001,3.0,3.0,3.0,1000.0
4322251,Tupandi - RS,2002,3.0,3.0,3.0,1000.0
4322251,Tupandi - RS,2003,3.0,3.0,3.0,1000.0
4322251,Tupandi - RS,2004,3.0,3.0,3.0,1000.0
4322251,Tupandi - RS,2005,3.0,3.0,1.0,333.0
4322251,Tupandi - RS,2006,3.0,3.0,3.0,1000.0
4322251,Tupandi - RS,2007,3.0,3.0,3.0,1000.0
4322251,Tupandi - RS,2008,3.0,3.0,3.0,1000.0
4322251,Tupandi - RS,2009,3.0,3.0,3.0,1000.0
4322251,Tupandi - RS,2010,,,,
4322251,Tupandi - RS,2011,,,,
4322251,Tupandi - RS,2012,,,,
4322251,Tupandi - RS,2013,,,,
4322251,Tupandi - RS,2014,,,,
4322251,Tupandi - RS,2015,,,,
4322251,Tupandi - RS,2016,,,,
4322251,Tupandi - RS,2017,,,,
4322251,Tupandi - RS,2018,,,,
4322251,Tupandi - RS,2019,,,,
4322251,Tupandi - RS,2020,,,,
4322251,Tupandi - RS,2021,,,,
4322251,Tupandi - RS,2022,,,,
4322251,Tupandi - RS,2023,,,,
4322251,Tupandi - RS,2024,,,,
4322251,Tupandi - RS,2025,,,,
4322301,Tuparendi - RS,2000,17000.0,17000.0,23460.0,1380.0
4322301,Tuparendi - RS,2001,15000.0,15000.0,36000.0,2400.0
4322301,Tuparendi - RS,2002,16000.0,16000.0,24000.0,1500.0
4322301,Tuparendi - RS,2003,16000.0,16000.0,38400.0,2400.0
4322301,Tuparendi - RS,2004,16000.0,16000.0,9600.0,600.0
4322301,Tuparendi - RS,2005,16000.0,6000.0,1530.0,255.0
4322301,Tuparendi - RS,2006,15000.0,15000.0,28800.0,1920.0
4322301,Tuparendi - RS,2007,15000.0,15000.0,33300.0,2220.0
4322301,Tuparendi - RS,2008,15000.0,15000.0,13500.0,900.0
4322301,Tuparendi - RS,2009,15000.0,15000.0,24300.0,1620.0
4322301,Tuparendi - RS,2010,15500.0,15500.0,35340.0,2280.0
4322301,Tuparendi - RS,2011,14000.0,14000.0,36120.0,2580.0
4322301,Tuparendi - RS,2012,13000.0,12000.0,5760.0,480.0
4322301,Tuparendi - RS,2013,13000.0,13000.0,27300.0,2100.0
4322301,Tuparendi - RS,2014,13700.0,13700.0,30414.0,2220.0
4322301,Tuparendi - RS,2015,13700.0,13700.0,32880.0,2400.0
4322301,Tuparendi - RS,2016,14200.0,14200.0,40896.0,2880.0
4322301,Tuparendi - RS,2017,14230.0,14230.0,44398.0,3120.0
4322301,Tuparendi - RS,2018,14200.0,14200.0,42600.0,3000.0
4322301,Tuparendi - RS,2019,12500.0,12500.0,33750.0,2700.0
4322301,Tuparendi - RS,2020,12529.0,12529.0,31604.0,2522.0
4322301,Tuparendi - RS,2021,12529.0,12529.0,39567.0,3158.0
4322301,Tuparendi - RS,2022,13529.0,13529.0,7394.0,547.0
4322301,Tuparendi - RS,2023,13529.0,13529.0,16304.0,1205.0
4322301,Tuparendi - RS,2024,13544.0,13544.0,38202.0,2821.0
4322301,Tuparendi - RS,2025,13944.0,13944.0,16838.0,1208.0
4322327,Turuçu - RS,2000,900.0,900.0,1469.0,1632.0
4322327,Turuçu - RS,2001,900.0,900.0,1728.0,1920.0
4322327,Turuçu - RS,2002,1000.0,1000.0,2100.0,2100.0
4322327,Turuçu - RS,2003,1100.0,1100.0,2310.0,2100.0
4322327,Turuçu - RS,2004,1200.0,1200.0,1512.0,1260.0
4322327,Turuçu - RS,2005,1500.0,1500.0,2363.0,1575.0
4322327,Turuçu - RS,2006,1200.0,1200.0,2400.0,2000.0
4322327,Turuçu - RS,2007,1500.0,1500.0,2700.0,1800.0
4322327,Turuçu - RS,2008,1500.0,1500.0,3330.0,2220.0
4322327,Turuçu - RS,2009,1440.0,1440.0,3110.0,2159.0
4322327,Turuçu - RS,2010,2100.0,2100.0,5670.0,2700.0
4322327,Turuçu - RS,2011,2100.0,2042.0,5360.0,2625.0
4322327,Turuçu - RS,2012,2900.0,2900.0,7308.0,2520.0
4322327,Turuçu - RS,2013,3480.0,3480.0,9814.0,2820.0
4322327,Turuçu - RS,2014,3880.0,3880.0,12106.0,3120.0
4322327,Turuçu - RS,2015,4460.0,4460.0,11226.0,2517.0
4322327,Turuçu - RS,2016,5300.0,5300.0,9471.0,1787.0
4322327,Turuçu - RS,2017,5500.0,5500.0,18150.0,3300.0
4322327,Turuçu - RS,2018,5500.0,5500.0,13613.0,2475.0
4322327,Turuçu - RS,2019,5500.0,5500.0,18150.0,3300.0
4322327,Turuçu - RS,2020,5500.0,5500.0,6600.0,1200.0
4322327,Turuçu - RS,2021,5500.0,5500.0,19250.0,3500.0
4322327,Turuçu - RS,2022,5500.0,5500.0,14850.0,2700.0
4322327,Turuçu - RS,2023,5500.0,5500.0,12375.0,2250.0
4322327,Turuçu - RS,2024,5500.0,5335.0,8536.0,1600.0
4322327,Turuçu - RS,2025,5500.0,5500.0,14960.0,2720.0
4322343,Ubiretama - RS,2000,6000.0,6000.0,4674.0,779.0
4322343,Ubiretama - RS,2001,6000.0,6000.0,9066.0,1511.0
4322343,Ubiretama - RS,2002,6000.0,6000.0,6228.0,1038.0
4322343,Ubiretama - RS,2003,6000.0,6000.0,10800.0,1800.0
4322343,Ubiretama - RS,2004,6000.0,6000.0,3150.0,525.0
4322343,Ubiretama - RS,2005,6220.0,1500.0,630.0,420.0
4322343,Ubiretama - RS,2006,5700.0,5700.0,6361.0,1115.0
4322343,Ubiretama - RS,2007,5300.0,5300.0,9540.0,1800.0
4322343,Ubiretama - RS,2008,5300.0,5300.0,3625.0,683.0
4322343,Ubiretama - RS,2009,4800.0,4800.0,6552.0,1365.0
4322343,Ubiretama - RS,2010,4800.0,4800.0,9120.0,1900.0
4322343,Ubiretama - RS,2011,4800.0,4800.0,10560.0,2200.0
4322343,Ubiretama - RS,2012,5100.0,5100.0,2142.0,420.0
4322343,Ubiretama - RS,2013,5100.0,5100.0,8568.0,1680.0
4322343,Ubiretama - RS,2014,5100.0,5100.0,12240.0,2400.0
4322343,Ubiretama - RS,2015,5100.0,5100.0,12240.0,2400.0
4322343,Ubiretama - RS,2016,5100.0,5100.0,15300.0,3000.0
4322343,Ubiretama - RS,2017,5100.0,5100.0,16830.0,3300.0
4322343,Ubiretama - RS,2018,5100.0,5100.0,15300.0,3000.0
4322343,Ubiretama - RS,2019,5100.0,5100.0,16065.0,3150.0
4322343,Ubiretama - RS,2020,5100.0,5100.0,10710.0,2100.0
4322343,Ubiretama - RS,2021,5100.0,5100.0,15555.0,3050.0
4322343,Ubiretama - RS,2022,5100.0,5100.0,663.0,130.0
4322343,Ubiretama - RS,2023,5100.0,5100.0,5049.0,990.0
4322343,Ubiretama - RS,2024,5100.0,5100.0,15300.0,3000.0
4322343,Ubiretama - RS,2025,5100.0,5100.0,8415.0,1650.0
4322376,Unistalda - RS,2000,2100.0,2100.0,2478.0,1180.0
4322376,Unistalda - RS,2001,2100.0,2100.0,4410.0,2100.0
4322376,Unistalda - RS,2002,3200.0,3200.0,3840.0,1200.0
4322376,Unistalda - RS,2003,4100.0,4100.0,8610.0,2100.0
4322376,Unistalda - RS,2004,6000.0,6000.0,5520.0,920.0
4322376,Unistalda - RS,2005,7000.0,7000.0,4200.0,600.0
4322376,Unistalda - RS,2006,7000.0,7000.0,13580.0,1940.0
4322376,Unistalda - RS,2007,6700.0,6700.0,14070.0,2100.0
4322376,Unistalda - RS,2008,6000.0,6000.0,6930.0,1155.0
4322376,Unistalda - RS,2009,4100.0,4100.0,4822.0,1176.0
4322376,Unistalda - RS,2010,4650.0,4650.0,11439.0,2460.0
4322376,Unistalda - RS,2011,4500.0,4500.0,10530.0,2340.0
4322376,Unistalda - RS,2012,4500.0,4500.0,3307.0,735.0
4322376,Unistalda - RS,2013,6000.0,6000.0,13680.0,2280.0
4322376,Unistalda - RS,2014,6900.0,6900.0,13662.0,1980.0
4322376,Unistalda - RS,2015,7450.0,7450.0,20488.0,2750.0
4322376,Unistalda - RS,2016,8000.0,8000.0,20400.0,2550.0
4322376,Unistalda - RS,2017,8200.0,8200.0,24600.0,3000.0
4322376,Unistalda - RS,2018,8600.0,8600.0,23220.0,2700.0
4322376,Unistalda - RS,2019,9200.0,9200.0,25006.0,2718.0
4322376,Unistalda - RS,2020,9800.0,9800.0,23324.0,2380.0
4322376,Unistalda - RS,2021,12000.0,12000.0,39600.0,3300.0
4322376,Unistalda - RS,2022,12000.0,9000.0,4500.0,500.0
4322376,Unistalda - RS,2023,10000.0,10000.0,5220.0,522.0
4322376,Unistalda - RS,2024,12000.0,12000.0,32400.0,2700.0
4322376,Unistalda - RS,2025,12000.0,12000.0,15120.0,1260.0
4322350,União da Serra - RS,2000,150.0,150.0,315.0,2100.0
4322350,União da Serra - RS,2001,150.0,150.0,315.0,2100.0
4322350,União da Serra - RS,2002,160.0,160.0,288.0,1800.0
4322350,União da Serra - RS,2003,160.0,160.0,288.0,1800.0
4322350,União da Serra - RS,2004,200.0,200.0,200.0,1000.0
4322350,União da Serra - RS,2005,300.0,150.0,90.0,600.0
4322350,União da Serra - RS,2006,300.0,300.0,570.0,1900.0
4322350,União da Serra - RS,2007,200.0,200.0,540.0,2700.0
4322350,União da Serra - RS,2008,200.0,200.0,262.0,1310.0
4322350,União da Serra - RS,2009,250.0,250.0,675.0,2700.0
4322350,União da Serra - RS,2010,850.0,850.0,2550.0,3000.0
4322350,União da Serra - RS,2011,700.0,700.0,2310.0,3300.0
4322350,União da Serra - RS,2012,500.0,500.0,750.0,1500.0
4322350,União da Serra - RS,2013,1200.0,1200.0,3600.0,3000.0
4322350,União da Serra - RS,2014,1800.0,1800.0,5940.0,3300.0
4322350,União da Serra - RS,2015,2300.0,2300.0,8280.0,3600.0
4322350,União da Serra - RS,2016,2450.0,2450.0,8085.0,3300.0
4322350,União da Serra - RS,2017,2250.0,2250.0,7425.0,3300.0
4322350,União da Serra - RS,2018,3000.0,3000.0,10800.0,3600.0
4322350,União da Serra - RS,2019,3000.0,3000.0,8400.0,2800.0
4322350,União da Serra - RS,2020,3000.0,3000.0,4500.0,1500.0
4322350,União da Serra - RS,2021,3000.0,3000.0,10800.0,3600.0
4322350,União da Serra - RS,2022,2700.0,2700.0,4050.0,1500.0
4322350,União da Serra - RS,2023,2700.0,2700.0,6237.0,2310.0
4322350,União da Serra - RS,2024,2800.0,2800.0,7560.0,2700.0
4322350,União da Serra - RS,2025,2700.0,2700.0,5346.0,1980.0
4322400,Uruguaiana - RS,2000,110.0,,,
4322400,Uruguaiana - RS,2001,100.0,100.0,180.0,1800.0
4322400,Uruguaiana - RS,2002,,,,
4322400,Uruguaiana - RS,2003,400.0,400.0,720.0,1800.0
4322400,Uruguaiana - RS,2004,600.0,600.0,150.0,250.0
4322400,Uruguaiana - RS,2005,1000.0,800.0,640.0,800.0
4322400,Uruguaiana - RS,2006,600.0,600.0,480.0,800.0
4322400,Uruguaiana - RS,2007,633.0,633.0,886.0,1399.0
4322400,Uruguaiana - RS,2008,370.0,370.0,555.0,1500.0
4322400,Uruguaiana - RS,2009,85.0,85.0,168.0,1976.0
4322400,Uruguaiana - RS,2010,,,,
4322400,Uruguaiana - RS,2011,,,,
4322400,Uruguaiana - RS,2012,750.0,750.0,1350.0,1800.0
4322400,Uruguaiana - RS,2013,850.0,850.0,1020.0,1200.0
4322400,Uruguaiana - RS,2014,1000.0,1000.0,2500.0,2500.0
4322400,Uruguaiana - RS,2015,1000.0,936.0,1627.0,1738.0
4322400,Uruguaiana - RS,2016,747.0,747.0,1270.0,1700.0
4322400,Uruguaiana - RS,2017,1000.0,1000.0,3600.0,3600.0
4322400,Uruguaiana - RS,2018,916.0,916.0,2748.0,3000.0
4322400,Uruguaiana - RS,2019,2980.0,2872.0,5787.0,2015.0
4322400,Uruguaiana - RS,2020,1312.0,1312.0,3542.0,2700.0
4322400,Uruguaiana - RS,2021,2427.0,2427.0,7201.0,2967.0
4322400,Uruguaiana - RS,2022,4728.0,4728.0,9456.0,2000.0
4322400,Uruguaiana - RS,2023,6500.0,6500.0,14040.0,2160.0
4322400,Uruguaiana - RS,2024,4100.0,4100.0,13560.0,3307.0
4322400,Uruguaiana - RS,2025,2500.0,2500.0,5400.0,2160.0
4322509,Vacaria - RS,2000,20000.0,20000.0,44000.0,2200.0
4322509,Vacaria - RS,2001,20000.0,20000.0,50000.0,2500.0
4322509,Vacaria - RS,2002,17000.0,17000.0,32300.0,1900.0
4322509,Vacaria - RS,2003,25000.0,25000.0,67500.0,2700.0
4322509,Vacaria - RS,2004,30000.0,30000.0,46800.0,1560.0
4322509,Vacaria - RS,2005,33000.0,33000.0,39600.0,1200.0
4322509,Vacaria - RS,2006,33600.0,33600.0,90720.0,2700.0
4322509,Vacaria - RS,2007,33600.0,33600.0,84000.0,2500.0
4322509,Vacaria - RS,2008,31600.0,31600.0,79000.0,2500.0
4322509,Vacaria - RS,2009,34600.0,34600.0,73525.0,2125.0
4322509,Vacaria - RS,2010,36000.0,36000.0,103680.0,2880.0
4322509,Vacaria - RS,2011,37000.0,37000.0,99900.0,2700.0
4322509,Vacaria - RS,2012,40000.0,40000.0,84000.0,2100.0
4322509,Vacaria - RS,2013,42250.0,42250.0,126750.0,3000.0
4322509,Vacaria - RS,2014,42250.0,42250.0,114075.0,2700.0
4322509,Vacaria - RS,2015,48000.0,48000.0,172800.0,3600.0
4322509,Vacaria - RS,2016,50000.0,50000.0,174000.0,3480.0
4322509,Vacaria - RS,2017,50500.0,50500.0,196950.0,3900.0
4322509,Vacaria - RS,2018,55000.0,55000.0,187000.0,3400.0
4322509,Vacaria - RS,2019,55000.0,55000.0,198000.0,3600.0
4322509,Vacaria - RS,2020,55000.0,55000.0,148500.0,2700.0
4322509,Vacaria - RS,2021,58000.0,58000.0,201840.0,3480.0
4322509,Vacaria - RS,2022,59000.0,59000.0,132750.0,2250.0
4322509,Vacaria - RS,2023,65000.0,65000.0,234000.0,3600.0
4322509,Vacaria - RS,2024,68000.0,67400.0,235900.0,3500.0
4322509,Vacaria - RS,2025,70000.0,70000.0,238000.0,3400.0
4322541,Vale Real - RS,2000,,,,
4322541,Vale Real - RS,2001,,,,
4322541,Vale Real - RS,2002,,,,
4322541,Vale Real - RS,2003,,,,
4322541,Vale Real - RS,2004,,,,
4322541,Vale Real - RS,2005,,,,
4322541,Vale Real - RS,2006,,,,
4322541,Vale Real - RS,2007,,,,
4322541,Vale Real - RS,2008,,,,
4322541,Vale Real - RS,2009,,,,
4322541,Vale Real - RS,2010,,,,
4322541,Vale Real - RS,2011,,,,
4322541,Vale Real - RS,2012,,,,
4322541,Vale Real - RS,2013,,,,
4322541,Vale Real - RS,2014,,,,
4322541,Vale Real - RS,2015,,,,
4322541,Vale Real - RS,2016,,,,
4322541,Vale Real - RS,2017,,,,
4322541,Vale Real - RS,2018,,,,
4322541,Vale Real - RS,2019,,,,
4322541,Vale Real - RS,2020,,,,
4322541,Vale Real - RS,2021,,,,
4322541,Vale Real - RS,2022,,,,
4322541,Vale Real - RS,2023,,,,
4322541,Vale Real - RS,2024,,,,
4322541,Vale Real - RS,2025,,,,
4322525,Vale Verde - RS,2000,100.0,100.0,150.0,1500.0
4322525,Vale Verde - RS,2001,700.0,700.0,1260.0,1800.0
4322525,Vale Verde - RS,2002,700.0,700.0,1260.0,1800.0
4322525,Vale Verde - RS,2003,950.0,950.0,2090.0,2200.0
4322525,Vale Verde - RS,2004,1400.0,1400.0,1680.0,1200.0
4322525,Vale Verde - RS,2005,2000.0,1000.0,480.0,480.0
4322525,Vale Verde - RS,2006,2000.0,2000.0,4800.0,2400.0
4322525,Vale Verde - RS,2007,2350.0,2350.0,6580.0,2800.0
4322525,Vale Verde - RS,2008,2350.0,2350.0,5358.0,2280.0
4322525,Vale Verde - RS,2009,2600.0,2600.0,6396.0,2460.0
4322525,Vale Verde - RS,2010,2600.0,2600.0,7020.0,2700.0
4322525,Vale Verde - RS,2011,3060.0,3060.0,8262.0,2700.0
4322525,Vale Verde - RS,2012,4250.0,4210.0,9851.0,2340.0
4322525,Vale Verde - RS,2013,4000.0,4000.0,12000.0,3000.0
4322525,Vale Verde - RS,2014,4400.0,4400.0,12320.0,2800.0
4322525,Vale Verde - RS,2015,5000.0,5000.0,15000.0,3000.0
4322525,Vale Verde - RS,2016,5800.0,5800.0,17400.0,3000.0
4322525,Vale Verde - RS,2017,5800.0,5800.0,18560.0,3200.0
4322525,Vale Verde - RS,2018,6000.0,6000.0,18000.0,3000.0
4322525,Vale Verde - RS,2019,6500.0,6500.0,19500.0,3000.0
4322525,Vale Verde - RS,2020,7000.0,7000.0,8400.0,1200.0
4322525,Vale Verde - RS,2021,7000.0,7000.0,21000.0,3000.0
4322525,Vale Verde - RS,2022,10000.0,10000.0,15000.0,1500.0
4322525,Vale Verde - RS,2023,10000.0,10000.0,25000.0,2500.0
4322525,Vale Verde - RS,2024,10000.0,7000.0,15750.0,2250.0
4322525,Vale Verde - RS,2025,10000.0,10000.0,20000.0,2000.0
4322533,Vale do Sol - RS,2000,80.0,80.0,176.0,2200.0
4322533,Vale do Sol - RS,2001,110.0,110.0,242.0,2200.0
4322533,Vale do Sol - RS,2002,150.0,150.0,330.0,2200.0
4322533,Vale do Sol - RS,2003,150.0,150.0,330.0,2200.0
4322533,Vale do Sol - RS,2004,150.0,150.0,270.0,1800.0
4322533,Vale do Sol - RS,2005,150.0,150.0,225.0,1500.0
4322533,Vale do Sol - RS,2006,150.0,150.0,300.0,2000.0
4322533,Vale do Sol - RS,2007,150.0,150.0,300.0,2000.0
4322533,Vale do Sol - RS,2008,200.0,200.0,357.0,1785.0
4322533,Vale do Sol - RS,2009,200.0,200.0,420.0,2100.0
4322533,Vale do Sol - RS,2010,200.0,200.0,360.0,1800.0
4322533,Vale do Sol - RS,2011,200.0,200.0,600.0,3000.0
4322533,Vale do Sol - RS,2012,230.0,230.0,621.0,2700.0
4322533,Vale do Sol - RS,2013,230.0,230.0,759.0,3300.0
4322533,Vale do Sol - RS,2014,250.0,250.0,750.0,3000.0
4322533,Vale do Sol - RS,2015,250.0,250.0,750.0,3000.0
4322533,Vale do Sol - RS,2016,250.0,250.0,750.0,3000.0
4322533,Vale do Sol - RS,2017,400.0,400.0,1200.0,3000.0
4322533,Vale do Sol - RS,2018,600.0,600.0,1800.0,3000.0
4322533,Vale do Sol - RS,2019,780.0,780.0,2340.0,3000.0
4322533,Vale do Sol - RS,2020,780.0,780.0,1264.0,1621.0
4322533,Vale do Sol - RS,2021,780.0,780.0,2574.0,3300.0
4322533,Vale do Sol - RS,2022,850.0,850.0,2040.0,2400.0
4322533,Vale do Sol - RS,2023,1050.0,1050.0,2205.0,2100.0
4322533,Vale do Sol - RS,2024,1050.0,730.0,2270.0,3110.0
4322533,Vale do Sol - RS,2025,850.0,850.0,2805.0,3300.0
4322558,Vanini - RS,2000,180.0,180.0,486.0,2700.0
4322558,Vanini - RS,2001,180.0,180.0,504.0,2800.0
4322558,Vanini - RS,2002,300.0,300.0,750.0,2500.0
4322558,Vanini - RS,2003,450.0,450.0,1350.0,3000.0
4322558,Vanini - RS,2004,600.0,600.0,1440.0,2400.0
4322558,Vanini - RS,2005,700.0,300.0,168.0,560.0
4322558,Vanini - RS,2006,1000.0,1000.0,2400.0,2400.0
4322558,Vanini - RS,2007,1000.0,1000.0,3300.0,3300.0
4322558,Vanini - RS,2008,950.0,950.0,2280.0,2400.0
4322558,Vanini - RS,2009,1000.0,1000.0,2025.0,2025.0
4322558,Vanini - RS,2010,1400.0,1400.0,4620.0,3300.0
4322558,Vanini - RS,2011,1400.0,1400.0,4620.0,3300.0
4322558,Vanini - RS,2012,1400.0,1400.0,3780.0,2700.0
4322558,Vanini - RS,2013,1400.0,1400.0,4270.0,3050.0
4322558,Vanini - RS,2014,1400.0,1400.0,4270.0,3050.0
4322558,Vanini - RS,2015,1400.0,1400.0,5180.0,3700.0
4322558,Vanini - RS,2016,1400.0,1400.0,4406.0,3147.0
4322558,Vanini - RS,2017,1400.0,1400.0,5376.0,3840.0
4322558,Vanini - RS,2018,1600.0,1600.0,5600.0,3500.0
4322558,Vanini - RS,2019,1900.0,1900.0,6650.0,3500.0
4322558,Vanini - RS,2020,1600.0,1600.0,2400.0,1500.0
4322558,Vanini - RS,2021,1850.0,1850.0,7030.0,3800.0
4322558,Vanini - RS,2022,1850.0,1850.0,3561.0,1925.0
4322558,Vanini - RS,2023,1980.0,1980.0,4815.0,2432.0
4322558,Vanini - RS,2024,1980.0,1980.0,7920.0,4000.0
4322558,Vanini - RS,2025,2180.0,2180.0,5385.0,2470.0
4322608,Venâncio Aires - RS,2000,30.0,30.0,81.0,2700.0
4322608,Venâncio Aires - RS,2001,60.0,60.0,108.0,1800.0
4322608,Venâncio Aires - RS,2002,300.0,300.0,540.0,1800.0
4322608,Venâncio Aires - RS,2003,500.0,500.0,900.0,1800.0
4322608,Venâncio Aires - RS,2004,550.0,550.0,495.0,900.0
4322608,Venâncio Aires - RS,2005,640.0,640.0,599.0,935.0
4322608,Venâncio Aires - RS,2006,450.0,450.0,945.0,2100.0
4322608,Venâncio Aires - RS,2007,450.0,450.0,900.0,2000.0
4322608,Venâncio Aires - RS,2008,570.0,570.0,1140.0,2000.0
4322608,Venâncio Aires - RS,2009,780.0,780.0,2028.0,2600.0
4322608,Venâncio Aires - RS,2010,950.0,950.0,2470.0,2600.0
4322608,Venâncio Aires - RS,2011,1500.0,1500.0,4613.0,3075.0
4322608,Venâncio Aires - RS,2012,1750.0,1750.0,4909.0,2805.0
4322608,Venâncio Aires - RS,2013,1850.0,1850.0,5550.0,3000.0
4322608,Venâncio Aires - RS,2014,2000.0,2000.0,6000.0,3000.0
4322608,Venâncio Aires - RS,2015,2450.0,2450.0,7350.0,3000.0
4322608,Venâncio Aires - RS,2016,3050.0,3050.0,9150.0,3000.0
4322608,Venâncio Aires - RS,2017,3350.0,3350.0,12730.0,3800.0
4322608,Venâncio Aires - RS,2018,3350.0,3350.0,11256.0,3360.0
4322608,Venâncio Aires - RS,2019,3750.0,3750.0,13500.0,3600.0
4322608,Venâncio Aires - RS,2020,3950.0,3950.0,6103.0,1545.0
4322608,Venâncio Aires - RS,2021,4650.0,4650.0,14508.0,3120.0
4322608,Venâncio Aires - RS,2022,6000.0,5700.0,15390.0,2700.0
4322608,Venâncio Aires - RS,2023,6450.0,6450.0,13577.0,2105.0
4322608,Venâncio Aires - RS,2024,6800.0,3540.0,10797.0,3050.0
4322608,Venâncio Aires - RS,2025,7000.0,7000.0,17752.0,2536.0
4322707,Vera Cruz - RS,2000,30.0,30.0,45.0,1500.0
4322707,Vera Cruz - RS,2001,10.0,0.0,0.0,
4322707,Vera Cruz - RS,2002,,,,
4322707,Vera Cruz - RS,2003,200.0,200.0,420.0,2100.0
4322707,Vera Cruz - RS,2004,100.0,100.0,90.0,900.0
4322707,Vera Cruz - RS,2005,100.0,100.0,90.0,900.0
4322707,Vera Cruz - RS,2006,70.0,70.0,126.0,1800.0
4322707,Vera Cruz - RS,2007,70.0,70.0,126.0,1800.0
4322707,Vera Cruz - RS,2008,50.0,50.0,90.0,1800.0
4322707,Vera Cruz - RS,2009,50.0,50.0,105.0,2100.0
4322707,Vera Cruz - RS,2010,,,,
4322707,Vera Cruz - RS,2011,60.0,60.0,162.0,2700.0
4322707,Vera Cruz - RS,2012,100.0,100.0,120.0,1200.0
4322707,Vera Cruz - RS,2013,250.0,250.0,750.0,3000.0
4322707,Vera Cruz - RS,2014,500.0,500.0,950.0,1900.0
4322707,Vera Cruz - RS,2015,500.0,500.0,1600.0,3200.0
4322707,Vera Cruz - RS,2016,600.0,600.0,1308.0,2180.0
4322707,Vera Cruz - RS,2017,600.0,600.0,1800.0,3000.0
4322707,Vera Cruz - RS,2018,600.0,600.0,1800.0,3000.0
4322707,Vera Cruz - RS,2019,600.0,600.0,1620.0,2700.0
4322707,Vera Cruz - RS,2020,900.0,700.0,980.0,1400.0
4322707,Vera Cruz - RS,2021,700.0,700.0,2100.0,3000.0
4322707,Vera Cruz - RS,2022,990.0,780.0,1404.0,1800.0
4322707,Vera Cruz - RS,2023,1000.0,1000.0,1500.0,1500.0
4322707,Vera Cruz - RS,2024,1000.0,200.0,540.0,2700.0
4322707,Vera Cruz - RS,2025,800.0,750.0,1688.0,2251.0
4322806,Veranópolis - RS,2000,4.0,4.0,8.0,2000.0
4322806,Veranópolis - RS,2001,4.0,4.0,8.0,2000.0
4322806,Veranópolis - RS,2002,4.0,4.0,8.0,2000.0
4322806,Veranópolis - RS,2003,4.0,4.0,8.0,2000.0
4322806,Veranópolis - RS,2004,185.0,185.0,333.0,1800.0
4322806,Veranópolis - RS,2005,230.0,230.0,127.0,552.0
4322806,Veranópolis - RS,2006,230.0,230.0,414.0,1800.0
4322806,Veranópolis - RS,2007,230.0,230.0,414.0,1800.0
4322806,Veranópolis - RS,2008,200.0,200.0,520.0,2600.0
4322806,Veranópolis - RS,2009,200.0,200.0,520.0,2600.0
4322806,Veranópolis - RS,2010,200.0,200.0,520.0,2600.0
4322806,Veranópolis - RS,2011,100.0,100.0,312.0,3120.0
4322806,Veranópolis - RS,2012,146.0,146.0,254.0,1740.0
4322806,Veranópolis - RS,2013,150.0,150.0,457.0,3047.0
4322806,Veranópolis - RS,2014,150.0,150.0,423.0,2820.0
4322806,Veranópolis - RS,2015,150.0,150.0,492.0,3280.0
4322806,Veranópolis - RS,2016,180.0,180.0,581.0,3228.0
4322806,Veranópolis - RS,2017,180.0,180.0,626.0,3478.0
4322806,Veranópolis - RS,2018,350.0,350.0,1260.0,3600.0
4322806,Veranópolis - RS,2019,800.0,800.0,3120.0,3900.0
4322806,Veranópolis - RS,2020,950.0,950.0,2407.0,2534.0
4322806,Veranópolis - RS,2021,950.0,950.0,3420.0,3600.0
4322806,Veranópolis - RS,2022,1100.0,1100.0,1663.0,1512.0
4322806,Veranópolis - RS,2023,1200.0,1200.0,4320.0,3600.0
4322806,Veranópolis - RS,2024,1500.0,1500.0,4340.0,2893.0
4322806,Veranópolis - RS,2025,1650.0,1650.0,6435.0,3900.0
4322855,Vespasiano Corrêa - RS,2000,750.0,750.0,1800.0,2400.0
4322855,Vespasiano Corrêa - RS,2001,750.0,750.0,2025.0,2700.0
4322855,Vespasiano Corrêa - RS,2002,750.0,750.0,1350.0,1800.0
4322855,Vespasiano Corrêa - RS,2003,850.0,850.0,2550.0,3000.0
4322855,Vespasiano Corrêa - RS,2004,1200.0,1200.0,1458.0,1215.0
4322855,Vespasiano Corrêa - RS,2005,1300.0,300.0,270.0,900.0
4322855,Vespasiano Corrêa - RS,2006,1700.0,1700.0,2856.0,1680.0
4322855,Vespasiano Corrêa - RS,2007,1700.0,1700.0,4590.0,2700.0
4322855,Vespasiano Corrêa - RS,2008,1900.0,1900.0,5130.0,2700.0
4322855,Vespasiano Corrêa - RS,2009,1700.0,1700.0,4590.0,2700.0
4322855,Vespasiano Corrêa - RS,2010,1900.0,1900.0,5130.0,2700.0
4322855,Vespasiano Corrêa - RS,2011,1900.0,1900.0,5130.0,2700.0
4322855,Vespasiano Corrêa - RS,2012,1900.0,1900.0,3800.0,2000.0
4322855,Vespasiano Corrêa - RS,2013,2050.0,2050.0,6150.0,3000.0
4322855,Vespasiano Corrêa - RS,2014,2050.0,2050.0,5535.0,2700.0
4322855,Vespasiano Corrêa - RS,2015,2080.0,2080.0,6240.0,3000.0
4322855,Vespasiano Corrêa - RS,2016,2080.0,2080.0,6240.0,3000.0
4322855,Vespasiano Corrêa - RS,2017,2100.0,2100.0,6930.0,3300.0
4322855,Vespasiano Corrêa - RS,2018,2080.0,2080.0,6864.0,3300.0
4322855,Vespasiano Corrêa - RS,2019,2100.0,2100.0,7350.0,3500.0
4322855,Vespasiano Corrêa - RS,2020,2150.0,2150.0,4257.0,1980.0
4322855,Vespasiano Corrêa - RS,2021,2150.0,2150.0,7525.0,3500.0
4322855,Vespasiano Corrêa - RS,2022,2200.0,2200.0,4620.0,2100.0
4322855,Vespasiano Corrêa - RS,2023,2200.0,2200.0,5005.0,2275.0
4322855,Vespasiano Corrêa - RS,2024,2200.0,2200.0,7040.0,3200.0
4322855,Vespasiano Corrêa - RS,2025,2200.0,2200.0,6600.0,3000.0
4322905,Viadutos - RS,2000,2700.0,2700.0,4792.0,1774.0
4322905,Viadutos - RS,2001,1000.0,1000.0,2100.0,2100.0
4322905,Viadutos - RS,2002,1000.0,1000.0,1500.0,1500.0
4322905,Viadutos - RS,2003,1200.0,1200.0,3240.0,2700.0
4322905,Viadutos - RS,2004,1500.0,1500.0,2633.0,1755.0
4322905,Viadutos - RS,2005,1750.0,1750.0,945.0,540.0
4322905,Viadutos - RS,2006,1750.0,1750.0,3402.0,1944.0
4322905,Viadutos - RS,2007,2200.0,2200.0,6600.0,3000.0
4322905,Viadutos - RS,2008,3000.0,3000.0,7920.0,2640.0
4322905,Viadutos - RS,2009,3450.0,3450.0,9315.0,2700.0
4322905,Viadutos - RS,2010,4000.0,4000.0,10800.0,2700.0
4322905,Viadutos - RS,2011,4000.0,4000.0,14000.0,3500.0
4322905,Viadutos - RS,2012,4400.0,4400.0,10560.0,2400.0
4322905,Viadutos - RS,2013,5800.0,5800.0,16008.0,2760.0
4322905,Viadutos - RS,2014,6000.0,6000.0,21000.0,3500.0
4322905,Viadutos - RS,2015,7000.0,7000.0,24360.0,3480.0
4322905,Viadutos - RS,2016,9000.0,9000.0,31770.0,3530.0
4322905,Viadutos - RS,2017,9000.0,9000.0,31320.0,3480.0
4322905,Viadutos - RS,2018,10000.0,10000.0,34800.0,3480.0
4322905,Viadutos - RS,2019,10000.0,10000.0,37200.0,3720.0
4322905,Viadutos - RS,2020,10000.0,10000.0,27000.0,2700.0
4322905,Viadutos - RS,2021,10000.0,10000.0,33000.0,3300.0
4322905,Viadutos - RS,2022,10200.0,10200.0,21420.0,2100.0
4322905,Viadutos - RS,2023,10000.0,10000.0,22800.0,2280.0
4322905,Viadutos - RS,2024,10300.0,10300.0,42024.0,4080.0
4322905,Viadutos - RS,2025,11000.0,11000.0,26400.0,2400.0
4323002,Viamão - RS,2000,,,,
4323002,Viamão - RS,2001,,,,
4323002,Viamão - RS,2002,,,,
4323002,Viamão - RS,2003,,,,
4323002,Viamão - RS,2004,,,,
4323002,Viamão - RS,2005,150.0,150.0,375.0,2500.0
4323002,Viamão - RS,2006,600.0,600.0,1710.0,2850.0
4323002,Viamão - RS,2007,,,,
4323002,Viamão - RS,2008,,,,
4323002,Viamão - RS,2009,,,,
4323002,Viamão - RS,2010,267.0,267.0,267.0,1000.0
4323002,Viamão - RS,2011,,,,
4323002,Viamão - RS,2012,107.0,107.0,193.0,1804.0
4323002,Viamão - RS,2013,300.0,300.0,541.0,1803.0
4323002,Viamão - RS,2014,365.0,365.0,949.0,2600.0
4323002,Viamão - RS,2015,607.0,607.0,1493.0,2460.0
4323002,Viamão - RS,2016,697.0,340.0,503.0,1479.0
4323002,Viamão - RS,2017,695.0,695.0,2520.0,3626.0
4323002,Viamão - RS,2018,622.0,622.0,1567.0,2519.0
4323002,Viamão - RS,2019,2140.0,2140.0,5457.0,2550.0
4323002,Viamão - RS,2020,4191.0,4191.0,9807.0,2340.0
4323002,Viamão - RS,2021,5942.0,5880.0,16758.0,2850.0
4323002,Viamão - RS,2022,6840.0,6840.0,9179.0,1342.0
4323002,Viamão - RS,2023,11650.0,11650.0,33552.0,2880.0
4323002,Viamão - RS,2024,10500.0,6930.0,14172.0,2045.0
4323002,Viamão - RS,2025,6090.0,6090.0,13520.0,2220.0
4323101,Vicente Dutra - RS,2000,900.0,900.0,1620.0,1800.0
4323101,Vicente Dutra - RS,2001,900.0,900.0,1890.0,2100.0
4323101,Vicente Dutra - RS,2002,1400.0,1400.0,1176.0,840.0
4323101,Vicente Dutra - RS,2003,1400.0,1400.0,3360.0,2400.0
4323101,Vicente Dutra - RS,2004,1400.0,1400.0,1008.0,720.0
4323101,Vicente Dutra - RS,2005,1900.0,1900.0,1596.0,840.0
4323101,Vicente Dutra - RS,2006,1900.0,1900.0,3800.0,2000.0
4323101,Vicente Dutra - RS,2007,2000.0,2000.0,4800.0,2400.0
4323101,Vicente Dutra - RS,2008,1900.0,1900.0,3876.0,2040.0
4323101,Vicente Dutra - RS,2009,1900.0,1900.0,2481.0,1305.0
4323101,Vicente Dutra - RS,2010,1900.0,1900.0,4560.0,2400.0
4323101,Vicente Dutra - RS,2011,2000.0,2000.0,4800.0,2400.0
4323101,Vicente Dutra - RS,2012,2000.0,2000.0,3360.0,1680.0
4323101,Vicente Dutra - RS,2013,2500.0,2500.0,6000.0,2400.0
4323101,Vicente Dutra - RS,2014,2800.0,2800.0,7840.0,2800.0
4323101,Vicente Dutra - RS,2015,3000.0,3000.0,9000.0,3000.0
4323101,Vicente Dutra - RS,2016,4200.0,4200.0,12600.0,3000.0
4323101,Vicente Dutra - RS,2017,3800.0,3600.0,9720.0,2700.0
4323101,Vicente Dutra - RS,2018,3800.0,3800.0,10260.0,2700.0
4323101,Vicente Dutra - RS,2019,3800.0,3800.0,11894.0,3130.0
4323101,Vicente Dutra - RS,2020,3800.0,3800.0,8197.0,2157.0
4323101,Vicente Dutra - RS,2021,4000.0,4000.0,12000.0,3000.0
4323101,Vicente Dutra - RS,2022,4300.0,4200.0,6300.0,1500.0
4323101,Vicente Dutra - RS,2023,5000.0,5000.0,15000.0,3000.0
4323101,Vicente Dutra - RS,2024,5500.0,5500.0,16500.0,3000.0
4323101,Vicente Dutra - RS,2025,5500.0,5500.0,14251.0,2591.0
4323200,Victor Graeff - RS,2000,17000.0,17000.0,32776.0,1928.0
4323200,Victor Graeff - RS,2001,15307.0,15307.0,41329.0,2700.0
4323200,Victor Graeff - RS,2002,16400.0,16400.0,36736.0,2240.0
4323200,Victor Graeff - RS,2003,16500.0,16500.0,51480.0,3120.0
4323200,Victor Graeff - RS,2004,16700.0,16700.0,37074.0,2220.0
4323200,Victor Graeff - RS,2005,16700.0,12525.0,9018.0,720.0
4323200,Victor Graeff - RS,2006,14800.0,14800.0,39960.0,2700.0
4323200,Victor Graeff - RS,2007,14800.0,14800.0,39960.0,2700.0
4323200,Victor Graeff - RS,2008,14000.0,14000.0,36120.0,2580.0
4323200,Victor Graeff - RS,2009,13000.0,13000.0,35100.0,2700.0
4323200,Victor Graeff - RS,2010,15000.0,15000.0,45000.0,3000.0
4323200,Victor Graeff - RS,2011,15000.0,15000.0,49500.0,3300.0
4323200,Victor Graeff - RS,2012,15000.0,15000.0,38700.0,2580.0
4323200,Victor Graeff - RS,2013,15000.0,15000.0,54000.0,3600.0
4323200,Victor Graeff - RS,2014,15000.0,15000.0,36000.0,2400.0
4323200,Victor Graeff - RS,2015,15000.0,15000.0,54000.0,3600.0
4323200,Victor Graeff - RS,2016,15000.0,15000.0,54000.0,3600.0
4323200,Victor Graeff - RS,2017,15000.0,15000.0,45000.0,3000.0
4323200,Victor Graeff - RS,2018,15000.0,15000.0,56700.0,3780.0
4323200,Victor Graeff - RS,2019,15000.0,15000.0,54000.0,3600.0
4323200,Victor Graeff - RS,2020,15000.0,15000.0,18000.0,1200.0
4323200,Victor Graeff - RS,2021,15000.0,15000.0,59250.0,3950.0
4323200,Victor Graeff - RS,2022,14000.0,14000.0,23800.0,1700.0
4323200,Victor Graeff - RS,2023,15500.0,15500.0,46919.0,3027.0
4323200,Victor Graeff - RS,2024,15800.0,15800.0,54510.0,3450.0
4323200,Victor Graeff - RS,2025,15600.0,15600.0,36660.0,2350.0
4323309,Vila Flores - RS,2000,,,,
4323309,Vila Flores - RS,2001,60.0,60.0,151.0,2516.0
4323309,Vila Flores - RS,2002,180.0,180.0,540.0,3000.0
4323309,Vila Flores - RS,2003,180.0,180.0,540.0,3000.0
4323309,Vila Flores - RS,2004,200.0,200.0,240.0,1200.0
4323309,Vila Flores - RS,2005,200.0,,,
4323309,Vila Flores - RS,2006,200.0,200.0,480.0,2400.0
4323309,Vila Flores - RS,2007,200.0,200.0,480.0,2400.0
4323309,Vila Flores - RS,2008,200.0,200.0,480.0,2400.0
4323309,Vila Flores - RS,2009,250.0,250.0,625.0,2500.0
4323309,Vila Flores - RS,2010,450.0,450.0,1125.0,2500.0
4323309,Vila Flores - RS,2011,350.0,350.0,1295.0,3700.0
4323309,Vila Flores - RS,2012,250.0,250.0,525.0,2100.0
4323309,Vila Flores - RS,2013,300.0,300.0,1080.0,3600.0
4323309,Vila Flores - RS,2014,300.0,300.0,900.0,3000.0
4323309,Vila Flores - RS,2015,450.0,450.0,1575.0,3500.0
4323309,Vila Flores - RS,2016,450.0,450.0,1620.0,3600.0
4323309,Vila Flores - RS,2017,450.0,450.0,1890.0,4200.0
4323309,Vila Flores - RS,2018,450.0,450.0,1710.0,3800.0
4323309,Vila Flores - RS,2019,800.0,800.0,3360.0,4200.0
4323309,Vila Flores - RS,2020,800.0,800.0,2352.0,2940.0
4323309,Vila Flores - RS,2021,800.0,800.0,3094.0,3868.0
4323309,Vila Flores - RS,2022,800.0,800.0,2135.0,2669.0
4323309,Vila Flores - RS,2023,800.0,800.0,3106.0,3883.0
4323309,Vila Flores - RS,2024,800.0,740.0,2344.0,3168.0
4323309,Vila Flores - RS,2025,800.0,800.0,2640.0,3300.0
4323358,Vila Lângaro - RS,2000,7000.0,7000.0,11760.0,1680.0
4323358,Vila Lângaro - RS,2001,7000.0,7000.0,16800.0,2400.0
4323358,Vila Lângaro - RS,2002,7900.0,7900.0,11850.0,1500.0
4323358,Vila Lângaro - RS,2003,8000.0,8000.0,26400.0,3300.0
4323358,Vila Lângaro - RS,2004,8250.0,8250.0,16830.0,2040.0
4323358,Vila Lângaro - RS,2005,8250.0,7950.0,4293.0,540.0
4323358,Vila Lângaro - RS,2006,7950.0,7950.0,23850.0,3000.0
4323358,Vila Lângaro - RS,2007,7950.0,7950.0,26235.0,3300.0
4323358,Vila Lângaro - RS,2008,7950.0,7950.0,19875.0,2500.0
4323358,Vila Lângaro - RS,2009,7950.0,7950.0,20034.0,2520.0
4323358,Vila Lângaro - RS,2010,8650.0,8650.0,28545.0,3300.0
4323358,Vila Lângaro - RS,2011,8950.0,8950.0,32220.0,3600.0
4323358,Vila Lângaro - RS,2012,8950.0,8950.0,24165.0,2700.0
4323358,Vila Lângaro - RS,2013,9050.0,9050.0,21720.0,2400.0
4323358,Vila Lângaro - RS,2014,9050.0,9050.0,27150.0,3000.0
4323358,Vila Lângaro - RS,2015,9050.0,9050.0,38010.0,4200.0
4323358,Vila Lângaro - RS,2016,9100.0,9100.0,32760.0,3600.0
4323358,Vila Lângaro - RS,2017,9500.0,9500.0,39900.0,4200.0
4323358,Vila Lângaro - RS,2018,9750.0,9750.0,38025.0,3900.0
4323358,Vila Lângaro - RS,2019,8300.0,8300.0,29880.0,3600.0
4323358,Vila Lângaro - RS,2020,8300.0,8300.0,17430.0,2100.0
4323358,Vila Lângaro - RS,2021,7600.0,7600.0,25080.0,3300.0
4323358,Vila Lângaro - RS,2022,8500.0,8500.0,20400.0,2400.0
4323358,Vila Lângaro - RS,2023,8700.0,8700.0,23490.0,2700.0
4323358,Vila Lângaro - RS,2024,9420.0,9420.0,36738.0,3900.0
4323358,Vila Lângaro - RS,2025,9720.0,9720.0,20412.0,2100.0
4323408,Vila Maria - RS,2000,4500.0,4500.0,9720.0,2160.0
4323408,Vila Maria - RS,2001,4500.0,4500.0,12150.0,2700.0
4323408,Vila Maria - RS,2002,5000.0,5000.0,12000.0,2400.0
4323408,Vila Maria - RS,2003,5600.0,5600.0,16800.0,3000.0
4323408,Vila Maria - RS,2004,6000.0,6000.0,12600.0,2100.0
4323408,Vila Maria - RS,2005,6000.0,5000.0,1500.0,300.0
4323408,Vila Maria - RS,2006,5700.0,5700.0,13680.0,2400.0
4323408,Vila Maria - RS,2007,5700.0,5700.0,18810.0,3300.0
4323408,Vila Maria - RS,2008,5400.0,5400.0,11340.0,2100.0
4323408,Vila Maria - RS,2009,5400.0,5400.0,13770.0,2550.0
4323408,Vila Maria - RS,2010,6000.0,6000.0,19800.0,3300.0
4323408,Vila Maria - RS,2011,6300.0,6300.0,20790.0,3300.0
4323408,Vila Maria - RS,2012,6000.0,6000.0,12600.0,2100.0
4323408,Vila Maria - RS,2013,7150.0,7150.0,23595.0,3300.0
4323408,Vila Maria - RS,2014,7500.0,7500.0,27000.0,3600.0
4323408,Vila Maria - RS,2015,7500.0,7500.0,29250.0,3900.0
4323408,Vila Maria - RS,2016,7500.0,7500.0,27000.0,3600.0
4323408,Vila Maria - RS,2017,7500.0,7500.0,30150.0,4020.0
4323408,Vila Maria - RS,2018,8000.0,8000.0,31200.0,3900.0
4323408,Vila Maria - RS,2019,8000.0,8000.0,28800.0,3600.0
4323408,Vila Maria - RS,2020,8000.0,8000.0,18480.0,2310.0
4323408,Vila Maria - RS,2021,8000.0,8000.0,29600.0,3700.0
4323408,Vila Maria - RS,2022,8000.0,8000.0,12000.0,1500.0
4323408,Vila Maria - RS,2023,8000.0,8000.0,19200.0,2400.0
4323408,Vila Maria - RS,2024,8500.0,8075.0,26284.0,3255.0
4323408,Vila Maria - RS,2025,8500.0,8500.0,14025.0,1650.0
4323457,Vila Nova do Sul - RS,2000,1100.0,1100.0,1650.0,1500.0
4323457,Vila Nova do Sul - RS,2001,1200.0,1200.0,1800.0,1500.0
4323457,Vila Nova do Sul - RS,2002,1500.0,1500.0,2250.0,1500.0
4323457,Vila Nova do Sul - RS,2003,4000.0,4000.0,8400.0,2100.0
4323457,Vila Nova do Sul - RS,2004,4500.0,4500.0,3780.0,840.0
4323457,Vila Nova do Sul - RS,2005,4700.0,4700.0,1974.0,420.0
4323457,Vila Nova do Sul - RS,2006,4300.0,4300.0,2709.0,630.0
4323457,Vila Nova do Sul - RS,2007,4300.0,4300.0,8256.0,1920.0
4323457,Vila Nova do Sul - RS,2008,4300.0,4300.0,6192.0,1440.0
4323457,Vila Nova do Sul - RS,2009,4300.0,4300.0,6450.0,1500.0
4323457,Vila Nova do Sul - RS,2010,4300.0,4300.0,10320.0,2400.0
4323457,Vila Nova do Sul - RS,2011,4300.0,4300.0,10320.0,2400.0
4323457,Vila Nova do Sul - RS,2012,5500.0,5500.0,6930.0,1260.0
4323457,Vila Nova do Sul - RS,2013,6500.0,6500.0,16250.0,2500.0
4323457,Vila Nova do Sul - RS,2014,7000.0,7000.0,21000.0,3000.0
4323457,Vila Nova do Sul - RS,2015,7800.0,7800.0,24960.0,3200.0
4323457,Vila Nova do Sul - RS,2016,10000.0,10000.0,25800.0,2580.0
4323457,Vila Nova do Sul - RS,2017,11000.0,11000.0,35200.0,3200.0
4323457,Vila Nova do Sul - RS,2018,12000.0,12000.0,21600.0,1800.0
4323457,Vila Nova do Sul - RS,2019,12500.0,12500.0,31500.0,2520.0
4323457,Vila Nova do Sul - RS,2020,12000.0,12000.0,8640.0,720.0
4323457,Vila Nova do Sul - RS,2021,13000.0,13000.0,39000.0,3000.0
4323457,Vila Nova do Sul - RS,2022,13000.0,12900.0,10320.0,800.0
4323457,Vila Nova do Sul - RS,2023,15000.0,15000.0,19500.0,1300.0
4323457,Vila Nova do Sul - RS,2024,14000.0,14000.0,25200.0,1800.0
4323457,Vila Nova do Sul - RS,2025,13800.0,13800.0,9936.0,720.0
4323507,Vista Alegre - RS,2000,1900.0,1900.0,3268.0,1720.0
4323507,Vista Alegre - RS,2001,1800.0,1800.0,3492.0,1940.0
4323507,Vista Alegre - RS,2002,1750.0,1750.0,2268.0,1296.0
4323507,Vista Alegre - RS,2003,1900.0,1900.0,4218.0,2220.0
4323507,Vista Alegre - RS,2004,1800.0,1800.0,1980.0,1100.0
4323507,Vista Alegre - RS,2005,1940.0,1940.0,1164.0,600.0
4323507,Vista Alegre - RS,2006,1620.0,1620.0,2563.0,1582.0
4323507,Vista Alegre - RS,2007,1620.0,1620.0,3013.0,1859.0
4323507,Vista Alegre - RS,2008,1680.0,1680.0,1257.0,748.0
4323507,Vista Alegre - RS,2009,1650.0,1650.0,2132.0,1292.0
4323507,Vista Alegre - RS,2010,1650.0,1650.0,3960.0,2400.0
4323507,Vista Alegre - RS,2011,1650.0,1650.0,5445.0,3300.0
4323507,Vista Alegre - RS,2012,1500.0,1500.0,1103.0,735.0
4323507,Vista Alegre - RS,2013,1650.0,1650.0,3465.0,2100.0
4323507,Vista Alegre - RS,2014,1650.0,1650.0,2896.0,1755.0
4323507,Vista Alegre - RS,2015,1760.0,1760.0,4224.0,2400.0
4323507,Vista Alegre - RS,2016,2000.0,2000.0,5400.0,2700.0
4323507,Vista Alegre - RS,2017,1700.0,1620.0,4374.0,2700.0
4323507,Vista Alegre - RS,2018,1500.0,1500.0,4050.0,2700.0
4323507,Vista Alegre - RS,2019,1500.0,1500.0,4050.0,2700.0
4323507,Vista Alegre - RS,2020,1500.0,1500.0,3150.0,2100.0
4323507,Vista Alegre - RS,2021,1500.0,1500.0,5378.0,3585.0
4323507,Vista Alegre - RS,2022,1550.0,1500.0,1800.0,1200.0
4323507,Vista Alegre - RS,2023,1600.0,1600.0,3840.0,2400.0
4323507,Vista Alegre - RS,2024,1600.0,1600.0,4032.0,2520.0
4323507,Vista Alegre - RS,2025,1700.0,1700.0,3672.0,2160.0
4323606,Vista Alegre do Prata - RS,2000,15.0,15.0,27.0,1800.0
4323606,Vista Alegre do Prata - RS,2001,15.0,15.0,36.0,2400.0
4323606,Vista Alegre do Prata - RS,2002,10.0,10.0,24.0,2400.0
4323606,Vista Alegre do Prata - RS,2003,20.0,20.0,60.0,3000.0
4323606,Vista Alegre do Prata - RS,2004,200.0,200.0,360.0,1800.0
4323606,Vista Alegre do Prata - RS,2005,500.0,100.0,60.0,600.0
4323606,Vista Alegre do Prata - RS,2006,400.0,400.0,884.0,2210.0
4323606,Vista Alegre do Prata - RS,2007,300.0,300.0,663.0,2210.0
4323606,Vista Alegre do Prata - RS,2008,150.0,150.0,405.0,2700.0
4323606,Vista Alegre do Prata - RS,2009,100.0,100.0,270.0,2700.0
4323606,Vista Alegre do Prata - RS,2010,400.0,400.0,1400.0,3500.0
4323606,Vista Alegre do Prata - RS,2011,400.0,400.0,1400.0,3500.0
4323606,Vista Alegre do Prata - RS,2012,100.0,100.0,110.0,1100.0
4323606,Vista Alegre do Prata - RS,2013,300.0,300.0,990.0,3300.0
4323606,Vista Alegre do Prata - RS,2014,400.0,400.0,1320.0,3300.0
4323606,Vista Alegre do Prata - RS,2015,600.0,600.0,2160.0,3600.0
4323606,Vista Alegre do Prata - RS,2016,800.0,800.0,3120.0,3900.0
4323606,Vista Alegre do Prata - RS,2017,800.0,800.0,3120.0,3900.0
4323606,Vista Alegre do Prata - RS,2018,1300.0,1300.0,5070.0,3900.0
4323606,Vista Alegre do Prata - RS,2019,1350.0,1350.0,4860.0,3600.0
4323606,Vista Alegre do Prata - RS,2020,1100.0,1100.0,2310.0,2100.0
4323606,Vista Alegre do Prata - RS,2021,1300.0,1300.0,3120.0,2400.0
4323606,Vista Alegre do Prata - RS,2022,1300.0,1300.0,2860.0,2200.0
4323606,Vista Alegre do Prata - RS,2023,1400.0,1400.0,4200.0,3000.0
4323606,Vista Alegre do Prata - RS,2024,1350.0,1350.0,3240.0,2400.0
4323606,Vista Alegre do Prata - RS,2025,1450.0,1450.0,5655.0,3900.0
4323705,Vista Gaúcha - RS,2000,4200.0,4200.0,6300.0,1500.0
4323705,Vista Gaúcha - RS,2001,3600.0,3600.0,9072.0,2520.0
4323705,Vista Gaúcha - RS,2002,3800.0,3800.0,4970.0,1307.0
4323705,Vista Gaúcha - RS,2003,3800.0,3800.0,10260.0,2700.0
4323705,Vista Gaúcha - RS,2004,3800.0,3800.0,5472.0,1440.0
4323705,Vista Gaúcha - RS,2005,3800.0,3800.0,2280.0,600.0
4323705,Vista Gaúcha - RS,2006,3600.0,3600.0,3888.0,1080.0
4323705,Vista Gaúcha - RS,2007,3500.0,3500.0,8820.0,2520.0
4323705,Vista Gaúcha - RS,2008,3200.0,3200.0,5760.0,1800.0
4323705,Vista Gaúcha - RS,2009,3000.0,3000.0,5400.0,1800.0
4323705,Vista Gaúcha - RS,2010,3000.0,3000.0,7200.0,2400.0
4323705,Vista Gaúcha - RS,2011,3000.0,3000.0,9000.0,3000.0
4323705,Vista Gaúcha - RS,2012,2800.0,2800.0,3696.0,1320.0
4323705,Vista Gaúcha - RS,2013,2600.0,2600.0,6240.0,2400.0
4323705,Vista Gaúcha - RS,2014,2600.0,2600.0,7020.0,2700.0
4323705,Vista Gaúcha - RS,2015,2700.0,2700.0,7290.0,2700.0
4323705,Vista Gaúcha - RS,2016,2900.0,2900.0,8700.0,3000.0
4323705,Vista Gaúcha - RS,2017,2900.0,2900.0,6960.0,2400.0
4323705,Vista Gaúcha - RS,2018,3500.0,3500.0,9450.0,2700.0
4323705,Vista Gaúcha - RS,2019,3500.0,3500.0,9800.0,2800.0
4323705,Vista Gaúcha - RS,2020,3500.0,3500.0,9100.0,2600.0
4323705,Vista Gaúcha - RS,2021,3500.0,3500.0,9450.0,2700.0
4323705,Vista Gaúcha - RS,2022,3800.0,3800.0,4104.0,1080.0
4323705,Vista Gaúcha - RS,2023,3800.0,3800.0,9310.0,2450.0
4323705,Vista Gaúcha - RS,2024,3800.0,3800.0,10944.0,2880.0
4323705,Vista Gaúcha - RS,2025,4000.0,4000.0,12000.0,3000.0
4323754,Vitória das Missões - RS,2000,10000.0,10000.0,9000.0,900.0
4323754,Vitória das Missões - RS,2001,9500.0,9500.0,15960.0,1680.0
4323754,Vitória das Missões - RS,2002,10500.0,10000.0,7500.0,750.0
4323754,Vitória das Missões - RS,2003,10000.0,10000.0,21000.0,2100.0
4323754,Vitória das Missões - RS,2004,10500.0,10500.0,8190.0,780.0
4323754,Vitória das Missões - RS,2005,10500.0,5000.0,1800.0,360.0
4323754,Vitória das Missões - RS,2006,9500.0,9500.0,10830.0,1140.0
4323754,Vitória das Missões - RS,2007,9500.0,9500.0,20900.0,2200.0
4323754,Vitória das Missões - RS,2008,9500.0,9500.0,14250.0,1500.0
4323754,Vitória das Missões - RS,2009,9500.0,9500.0,14250.0,1500.0
4323754,Vitória das Missões - RS,2010,10500.0,10500.0,26460.0,2520.0
4323754,Vitória das Missões - RS,2011,11000.0,11000.0,29700.0,2700.0
4323754,Vitória das Missões - RS,2012,11000.0,11000.0,2640.0,240.0
4323754,Vitória das Missões - RS,2013,11500.0,11500.0,26220.0,2280.0
4323754,Vitória das Missões - RS,2014,11500.0,11500.0,24150.0,2100.0
4323754,Vitória das Missões - RS,2015,11500.0,11500.0,31050.0,2700.0
4323754,Vitória das Missões - RS,2016,11580.0,11580.0,31290.0,2702.0
4323754,Vitória das Missões - RS,2017,12280.0,12280.0,38855.0,3164.0
4323754,Vitória das Missões - RS,2018,11980.0,11980.0,36036.0,3008.0
4323754,Vitória das Missões - RS,2019,10480.0,10480.0,34584.0,3300.0
4323754,Vitória das Missões - RS,2020,10687.0,10687.0,35342.0,3307.0
4323754,Vitória das Missões - RS,2021,10687.0,10687.0,32165.0,3010.0
4323754,Vitória das Missões - RS,2022,10950.0,5250.0,918.0,175.0
4323754,Vitória das Missões - RS,2023,10450.0,10450.0,5907.0,565.0
4323754,Vitória das Missões - RS,2024,10450.0,10450.0,37225.0,3562.0
4323754,Vitória das Missões - RS,2025,11100.0,11100.0,13372.0,1205.0
4323770,Westfália - RS,2000,,,,
4323770,Westfália - RS,2001,,,,
4323770,Westfália - RS,2002,,,,
4323770,Westfália - RS,2003,20.0,20.0,36.0,1800.0
4323770,Westfália - RS,2004,20.0,20.0,18.0,900.0
4323770,Westfália - RS,2005,25.0,,,
4323770,Westfália - RS,2006,5.0,5.0,9.0,1800.0
4323770,Westfália - RS,2007,5.0,5.0,9.0,1800.0
4323770,Westfália - RS,2008,15.0,15.0,36.0,2400.0
4323770,Westfália - RS,2009,10.0,10.0,24.0,2400.0
4323770,Westfália - RS,2010,25.0,25.0,60.0,2400.0
4323770,Westfália - RS,2011,25.0,25.0,67.0,2680.0
4323770,Westfália - RS,2012,25.0,25.0,41.0,1640.0
4323770,Westfália - RS,2013,25.0,25.0,67.0,2680.0
4323770,Westfália - RS,2014,25.0,25.0,75.0,3000.0
4323770,Westfália - RS,2015,80.0,80.0,204.0,2550.0
4323770,Westfália - RS,2016,80.0,80.0,204.0,2550.0
4323770,Westfália - RS,2017,80.0,80.0,204.0,2550.0
4323770,Westfália - RS,2018,80.0,80.0,204.0,2550.0
4323770,Westfália - RS,2019,50.0,50.0,128.0,2560.0
4323770,Westfália - RS,2020,50.0,50.0,75.0,1500.0
4323770,Westfália - RS,2021,50.0,50.0,165.0,3300.0
4323770,Westfália - RS,2022,50.0,50.0,116.0,2320.0
4323770,Westfália - RS,2023,130.0,130.0,281.0,2162.0
4323770,Westfália - RS,2024,130.0,125.0,371.0,2968.0
4323770,Westfália - RS,2025,130.0,130.0,312.0,2400.0
4323804,Xangri-lá - RS,2000,,,,
4323804,Xangri-lá - RS,2001,,,,
4323804,Xangri-lá - RS,2002,,,,
4323804,Xangri-lá - RS,2003,,,,
4323804,Xangri-lá - RS,2004,,,,
4323804,Xangri-lá - RS,2005,,,,
4323804,Xangri-lá - RS,2006,,,,
4323804,Xangri-lá - RS,2007,,,,
4323804,Xangri-lá - RS,2008,,,,
4323804,Xangri-lá - RS,2009,,,,
4323804,Xangri-lá - RS,2010,,,,
4323804,Xangri-lá - RS,2011,,,,
4323804,Xangri-lá - RS,2012,,,,
4323804,Xangri-lá - RS,2013,,,,
4323804,Xangri-lá - RS,2014,,,,
4323804,Xangri-lá - RS,2015,,,,
4323804,Xangri-lá - RS,2016,,,,
4323804,Xangri-lá - RS,2017,,,,
4323804,Xangri-lá - RS,2018,,,,
4323804,Xangri-lá - RS,2019,,,,
4323804,Xangri-lá - RS,2020,,,,
4323804,Xangri-lá - RS,2021,,,,
4323804,Xangri-lá - RS,2022,,,,
4323804,Xangri-lá - RS,2023,240.0,240.0,864.0,3600.0
4323804,Xangri-lá - RS,2024,,,,
4323804,Xangri-lá - RS,2025,,,,
4300059,Água Santa - RS,2000,11000.0,11000.0,23100.0,2100.0
4300059,Água Santa - RS,2001,9800.0,9800.0,28224.0,2880.0
4300059,Água Santa - RS,2002,10700.0,10700.0,25680.0,2400.0
4300059,Água Santa - RS,2003,11300.0,11300.0,37290.0,3300.0
4300059,Água Santa - RS,2004,11850.0,11850.0,21330.0,1800.0
4300059,Água Santa - RS,2005,12000.0,11400.0,5472.0,480.0
4300059,Água Santa - RS,2006,10920.0,10920.0,30794.0,2819.0
4300059,Água Santa - RS,2007,11600.0,11600.0,40368.0,3480.0
4300059,Água Santa - RS,2008,11750.0,11750.0,30315.0,2580.0
4300059,Água Santa - RS,2009,12050.0,12050.0,21690.0,1800.0
4300059,Água Santa - RS,2010,12850.0,12850.0,42405.0,3300.0
4300059,Água Santa - RS,2011,13200.0,13200.0,47520.0,3600.0
4300059,Água Santa - RS,2012,11850.0,11850.0,21330.0,1800.0
4300059,Água Santa - RS,2013,12800.0,12800.0,42240.0,3300.0
4300059,Água Santa - RS,2014,12800.0,12800.0,42240.0,3300.0
4300059,Água Santa - RS,2015,13000.0,13000.0,54600.0,4200.0
4300059,Água Santa - RS,2016,13800.0,13800.0,53820.0,3900.0
4300059,Água Santa - RS,2017,13800.0,13800.0,53820.0,3900.0
4300059,Água Santa - RS,2018,13850.0,13850.0,54015.0,3900.0
4300059,Água Santa - RS,2019,15000.0,15000.0,58500.0,3900.0
4300059,Água Santa - RS,2020,14800.0,14800.0,34632.0,2340.0
4300059,Água Santa - RS,2021,14500.0,14500.0,50460.0,3480.0
4300059,Água Santa - RS,2022,14500.0,14500.0,39585.0,2730.0
4300059,Água Santa - RS,2023,14200.0,14200.0,27690.0,1950.0
4300059,Água Santa - RS,2024,14200.0,14200.0,46860.0,3300.0
4300059,Água Santa - RS,2025,14200.0,14200.0,30672.0,2160.0
4301552,Áurea - RS,2000,3500.0,3500.0,5250.0,1500.0
4301552,Áurea - RS,2001,3400.0,3400.0,8160.0,2400.0
4301552,Áurea - RS,2002,3900.0,3900.0,5850.0,1500.0
4301552,Áurea - RS,2003,4500.0,4500.0,12150.0,2700.0
4301552,Áurea - RS,2004,5600.0,5600.0,7392.0,1320.0
4301552,Áurea - RS,2005,6850.0,6850.0,2384.0,348.0
4301552,Áurea - RS,2006,5900.0,5900.0,15930.0,2700.0
4301552,Áurea - RS,2007,6100.0,6100.0,18300.0,3000.0
4301552,Áurea - RS,2008,6200.0,6200.0,12400.0,2000.0
4301552,Áurea - RS,2009,6500.0,6500.0,14040.0,2160.0
4301552,Áurea - RS,2010,5709.0,5709.0,18840.0,3300.0
4301552,Áurea - RS,2011,6000.0,6000.0,19800.0,3300.0
4301552,Áurea - RS,2012,5900.0,5900.0,10620.0,1800.0
4301552,Áurea - RS,2013,6200.0,6200.0,10044.0,1620.0
4301552,Áurea - RS,2014,6500.0,6500.0,21450.0,3300.0
4301552,Áurea - RS,2015,6900.0,6900.0,20700.0,3000.0
4301552,Áurea - RS,2016,7300.0,7300.0,26280.0,3600.0
4301552,Áurea - RS,2017,6800.0,6800.0,24480.0,3600.0
4301552,Áurea - RS,2018,7150.0,7150.0,25740.0,3600.0
4301552,Áurea - RS,2019,6500.0,6500.0,23400.0,3600.0
4301552,Áurea - RS,2020,6500.0,6500.0,13065.0,2010.0
4301552,Áurea - RS,2021,6300.0,6300.0,22680.0,3600.0
4301552,Áurea - RS,2022,7000.0,7000.0,12600.0,1800.0
4301552,Áurea - RS,2023,7000.0,7000.0,21420.0,3060.0
4301552,Áurea - RS,2024,7000.0,7000.0,31500.0,4500.0
4301552,Áurea - RS,2025,7000.0,7000.0,17640.0,2520.0
